DT_REFER;DENOM_CIA;Aumento (Redução) de Caixa e Equivalentes;Caixa Líquido Atividades Operacionais;Caixa Líquido Atividades de Financiamento;Caixa Líquido Atividades de Investimento;Saldo Final de Caixa e Equivalentes;Saldo Inicial de Caixa e Equivalentes
2010-12-31;ALIANSCE SONAE SHOPPING CENTERS S.A.;-24686.0;106182.0;-11910.0;-118958.0;61566.0;86252.0
2010-12-31;ALPER CONSULTORIA E CORRETORA DE SEGUROS S.A.;3831.0;10746.0;322999.0;-329914.0;3831.0;0.0
2010-12-31;ALUPAR INVESTIMENTO S/A;-85729.0;312482.0;-21387.0;-376824.0;506034.0;591763.0
2010-12-31;B3 S.A. - BRASIL, BOLSA, BALCÃO;53238.0;1709949.0;-330942.0;-1325769.0;104017.0;50779.0
2010-12-31;BR PROPERTIES S.A.;143083.0;187390.0;1886892.0;-1931199.0;232456.0;89373.0
2010-12-31;BRASKEM S.A.;-58798.0;2720367.0;-388331.0;-2387581.0;2624270.0;2683068.0
2010-12-31;BRF S.A.;412403.0;3231568.0;-1583227.0;-1100593.0;2310643.0;1898240.0
2010-12-31;CCR S.A.;-942476.0;1357065.0;-62067.0;-2237474.0;1178669.0;2121145.0
2010-12-31;CIA SIDERURGICA NACIONAL;2268487.0;2482535.0;4650582.0;-4635797.0;10239278.0;7970791.0
2010-12-31;CIA TECIDOS SANTANENSE;1235.0;22421.0;2285.0;-23428.0;4482.0;3247.0
2010-12-31;COGNA EDUCAÇÃO S.A.;8904.0;-67999.0;-77682.0;154585.0;26168.0;17264.0
2010-12-31;CONSTRUTORA ADOLPHO LINDENBERG S.A.;-135.0;3325.0;-3460.0;0.0;196.0;331.0
2010-12-31;CPFL ENERGIAS RENOVÁVEIS S.A.;-58008.0;2233.0;182681.0;-242922.0;276475.0;334483.0
2010-12-31;DOHLER S.A.;-44648.0;-8985.0;-11390.0;-24273.0;51630.0;96278.0
2010-12-31;ECORODOVIAS INFRAESTRUTURA E LOGÍSTICA S.A.;483130.0;549177.0;287552.0;-353599.0;872654.0;389524.0
2010-12-31;EMBPAR PARTICIPAÇÕES S/A;577.0;28995.0;-37355.0;8937.0;30925.0;30348.0
2010-12-31;EMBRAER S.A.;-451419.0;1465035.0;-1411043.0;-505411.0;2321199.0;2772618.0
2010-12-31;ENAUTA PARTICIPAÇÕES S.A.;137225.0;90086.0;126537.0;-79398.0;137225.0;0.0
2010-12-31;ENGIE BRASIL ENERGIA S.A.;-172060.0;1680481.0;-757650.0;-1094891.0;1082580.0;1254640.0
2010-12-31;GERDAU S.A.;-1030910.0;4139120.0;-3498601.0;-1603062.0;1061034.0;2091944.0
2010-12-31;HOTEIS OTHON S.A. - EM RECUPERAÇÃO JUDICIAL;-2936.0;15519.0;-6470.0;-11985.0;3571.0;6507.0
2010-12-31;JSL S.A.;365310.0;290355.0;118711.0;-43756.0;476215.0;110905.0
2010-12-31;KLABIN S.A.;689453.0;913535.0;160832.0;-384914.0;2531105.0;1841652.0
2010-12-31;MANGELS INDUSTRIAL S.A.;33578.0;-40015.0;145705.0;-72112.0;123937.0;90359.0
2010-12-31;MOURA DUBEUX ENGENHARIA S/A;376570.0;58347.0;349616.0;-31393.0;553561.0;176991.0
2010-12-31;OSX BRASIL S.A.;2229439.0;43884.0;2593349.0;-407713.0;2237601.0;8162.0
2010-12-31;PADTEC HOLDING S.A.;27401.0;-4147.0;60008.0;-28460.0;41812.0;14411.0
2010-12-31;PETRO RIO S.A.;17061.0;-2199821.0;2347949.0;-131067.0;20850.0;3789.0
2010-12-31;POSITIVO TECNOLOGIA S.A.;82103.0;-153871.0;283607.0;-47633.0;89817.0;7714.0
2010-12-31;REDE ENERGIA PARTICIPAÇÕES S.A.;345710.0;-86932.0;1277303.0;-844661.0;759663.0;413953.0
2010-12-31;RNI NEGÓCIOS IMOBILIÁRIOS S.A.;-10425.0;-145259.0;417491.0;-282657.0;94997.0;105422.0
2010-12-31;RUMO S.A.;-599165.0;457219.0;-187993.0;-868391.0;1974560.0;2573725.0
2010-12-31;SARAIVA LIVREIROS S.A. - EM RECUPERAÇÃO JUDICIAL;27229.0;31099.0;32343.0;-36213.0;65991.0;38762.0
2010-12-31;SER EDUCACIONAL S.A.;-15082.0;58224.0;-10002.0;-63304.0;2403.0;17485.0
2010-12-31;SUZANO HOLDING S.A.;1181337.0;1158744.0;457596.0;-426156.0;3794756.0;2613419.0
2010-12-31;SUZANO S.A.;1202153.0;1177867.0;385628.0;-352495.0;3735438.0;2533285.0
2010-12-31;TAURUS ARMAS S.A.;11838.0;28444.0;6145.0;-22751.0;188674.0;176836.0
2010-12-31;TRANSMISSORA ALIANÇA DE ENERGIA ELÉTRICA S.A.;295283.0;605247.0;-290273.0;-19691.0;414578.0;119295.0
2010-12-31;TRONOX PIGMENTOS DO BRASIL S.A.;-7100.0;4539.0;6313.0;-17952.0;6639.0;13739.0
2010-12-31;UNIPAR CARBOCLORO S.A.;4468.0;41781.0;-486893.0;449580.0;24914.0;20446.0
2010-12-31;VALE S.A.;248361.0;35376487.0;-3473961.0;-31584710.0;13468958.0;13220597.0
2010-12-31;VALID SOLUÇÕES S.A.;31654.0;142094.0;-46316.0;-62156.0;139744.0;108090.0
2010-12-31;VIX LOGÍSTICA S/A;27748645.0;144726163.0;8817470.0;-125794988.0;59208235.0;31459590.0
2010-12-31;VULCABRAS S.A.;-45815.0;178837.0;-59705.0;-165158.0;50986.0;96801.0
2010-12-31;WLM PART. E COMÉRCIO DE MÁQUINAS E VEÍCULOS S.A.;43211.0;55643.0;-19465.0;7033.0;174776.0;131565.0
2010-12-31;YDUQS PARTICIPACOES S.A.;-6576.0;-1760.0;38026.0;-42737.0;44727.0;51303.0
2011-03-31;COSAN S.A.;175704.0;2337098.0;984338.0;-3145732.0;1254070.0;1078366.0
2011-12-31;ALIANSCE SONAE SHOPPING CENTERS S.A.;329352.0;167748.0;471649.0;-310045.0;390918.0;61566.0
2011-12-31;ALPER CONSULTORIA E CORRETORA DE SEGUROS S.A.;5775.0;71475.0;-6791.0;-58909.0;9606.0;3831.0
2011-12-31;ALUPAR INVESTIMENTO S/A;-37346.0;407040.0;-230463.0;-213923.0;26543.0;63889.0
2011-12-31;B3 S.A. - BRASIL, BOLSA, BALCÃO;-39369.0;1684313.0;-1547162.0;-176520.0;64648.0;104017.0
2011-12-31;BR PROPERTIES S.A.;799895.0;204980.0;673088.0;-78173.0;1032350.0;232455.0
2011-12-31;BRASKEM S.A.;288744.0;2777500.0;494744.0;-2866470.0;2986819.0;2698075.0
2011-12-31;BRF S.A.;-943800.0;1142592.0;-326332.0;-1875866.0;1366843.0;2310643.0
2011-12-31;CCR S.A.;-415338.0;1890267.0;-1646869.0;-658736.0;763331.0;1178669.0
2011-12-31;CIA SIDERURGICA NACIONAL;5178115.0;4201780.0;4740715.0;-5275011.0;15417393.0;10239278.0
2011-12-31;CIA TECIDOS SANTANENSE;1236.0;6398.0;11651.0;-16820.0;5718.0;4482.0
2011-12-31;COGNA EDUCAÇÃO S.A.;125179.0;-2661.0;819976.0;-692136.0;151347.0;26168.0
2011-12-31;CONSTRUTORA ADOLPHO LINDENBERG S.A.;511.0;-5168.0;5685.0;-6.0;707.0;196.0
2011-12-31;CPFL ENERGIAS RENOVÁVEIS S.A.;651573.0;73861.0;2129344.0;-1551632.0;651573.0;0.0
2011-12-31;DOHLER S.A.;5029.0;19259.0;-3350.0;-10880.0;56659.0;51630.0
2011-12-31;ECORODOVIAS INFRAESTRUTURA E LOGÍSTICA S.A.;-268103.0;620795.0;-578765.0;-310133.0;604551.0;872654.0
2011-12-31;EMBPAR PARTICIPAÇÕES S/A;-8996.0;45680.0;-22655.0;-32021.0;21929.0;30925.0
2011-12-31;EMBRAER S.A.;211472.0;1145446.0;68009.0;-1001983.0;2532671.0;2321199.0
2011-12-31;ENAUTA PARTICIPAÇÕES S.A.;884726.0;194219.0;1297757.0;-607250.0;1021951.0;137225.0
2011-12-31;ENGIE BRASIL ENERGIA S.A.;-300772.0;2053674.0;-1993368.0;-361078.0;781808.0;1082580.0
2011-12-31;GERDAU S.A.;415565.0;1710018.0;727064.0;-2111158.0;1476599.0;1061034.0
2011-12-31;HIDROVIAS DO BRASIL S.A.;54716.0;-15395.0;107605.0;-37494.0;54726.0;10.0
2011-12-31;HOTEIS OTHON S.A. - EM RECUPERAÇÃO JUDICIAL;-1072.0;7547.0;-2737.0;-5882.0;2499.0;3571.0
2011-12-31;JSL S.A.;27965.0;480822.0;-182955.0;-269902.0;399084.0;371119.0
2011-12-31;KLABIN S.A.;-190041.0;728920.0;-197724.0;-721237.0;2341064.0;2531105.0
2011-12-31;MANGELS INDUSTRIAL S.A.;24871.0;171414.0;-108624.0;-37919.0;148808.0;123937.0
2011-12-31;MOURA DUBEUX ENGENHARIA S/A;65175.0;-62850.0;114907.0;13118.0;76795.0;11620.0
2011-12-31;OSX BRASIL S.A.;-1203593.0;427775.0;194531.0;-1800961.0;1034008.0;2237601.0
2011-12-31;PADTEC HOLDING S.A.;12582.0;-55275.0;87239.0;-19382.0;55040.0;42458.0
2011-12-31;PETRO RIO S.A.;36152.0;-503418.0;161364.0;378206.0;57002.0;20850.0
2011-12-31;POSITIVO TECNOLOGIA S.A.;66890.0;190693.0;-59196.0;-64607.0;156707.0;89817.0
2011-12-31;RAIA DROGASIL S.A.;159125.0;28619.0;-12692.0;143198.0;339971.0;180846.0
2011-12-31;REDE ENERGIA PARTICIPAÇÕES S.A.;-73580.0;710656.0;173145.0;-957381.0;686083.0;759663.0
2011-12-31;RNI NEGÓCIOS IMOBILIÁRIOS S.A.;179825.0;83183.0;21869.0;74773.0;274822.0;94997.0
2011-12-31;RUMO S.A.;125178.0;697883.0;335608.0;-908313.0;2099738.0;1974560.0
2011-12-31;SARAIVA LIVREIROS S.A. - EM RECUPERAÇÃO JUDICIAL;35618.0;7978.0;85427.0;-57787.0;101609.0;65991.0
2011-12-31;SER EDUCACIONAL S.A.;984.0;33578.0;25284.0;-57878.0;3387.0;2403.0
2011-12-31;SUZANO HOLDING S.A.;-471677.0;928021.0;1800752.0;-3229178.0;3323079.0;3794756.0
2011-12-31;SUZANO S.A.;-461500.0;942310.0;1796717.0;-3229255.0;3273938.0;3735438.0
2011-12-31;TAURUS ARMAS S.A.;-21990.0;45349.0;-23426.0;-48235.0;162226.0;184216.0
2011-12-31;TRANSMISSORA ALIANÇA DE ENERGIA ELÉTRICA S.A.;87185.0;751458.0;192745.0;-857018.0;501763.0;414578.0
2011-12-31;TRONOX PIGMENTOS DO BRASIL S.A.;12245.0;39931.0;-7285.0;-20401.0;18884.0;6639.0
2011-12-31;UNIPAR CARBOCLORO S.A.;-16276.0;145983.0;-184933.0;22674.0;8638.0;24914.0
2011-12-31;VALE S.A.;-6011030.0;42062309.0;-23604775.0;-24703332.0;7457928.0;13468958.0
2011-12-31;VALID SOLUÇÕES S.A.;32036.0;123964.0;-33393.0;-61310.0;171780.0;139744.0
2011-12-31;VIX LOGÍSTICA S/A;-35312.0;182543.0;25571.0;-243426.0;23896.0;59208.0
2011-12-31;VULCABRAS S.A.;-23697.0;-195722.0;291402.0;-119377.0;27289.0;50986.0
2011-12-31;WLM PART. E COMÉRCIO DE MÁQUINAS E VEÍCULOS S.A.;-10397.0;18218.0;-1195.0;-27420.0;164379.0;174776.0
2011-12-31;YDUQS PARTICIPACOES S.A.;-22870.0;-49045.0;188417.0;-162242.0;21857.0;44727.0
2012-03-31;COSAN S.A.;362099.0;1961456.0;643418.0;-2242775.0;1616169.0;1254070.0
2012-12-31;ALIANSCE SONAE SHOPPING CENTERS S.A.;291058.0;174708.0;273276.0;-156926.0;681976.0;390918.0
2012-12-31;ALPER CONSULTORIA E CORRETORA DE SEGUROS S.A.;-6289.0;78516.0;-98346.0;13541.0;3317.0;9606.0
2012-12-31;ALUPAR INVESTIMENTO S/A;26248.0;647709.0;-45590.0;-575871.0;52791.0;26543.0
2012-12-31;B3 S.A. - BRASIL, BOLSA, BALCÃO;-21006.0;1327666.0;-1215873.0;-132799.0;43642.0;64648.0
2012-12-31;BB SEGURIDADE PARTICIPAÇÕES S.A.;1327931.0;0.0;1327931.0;0.0;1327931.0;0.0
2012-12-31;BR PROPERTIES S.A.;-458780.0;562110.0;22947.0;-1043837.0;573570.0;1032350.0
2012-12-31;BRASKEM S.A.;335350.0;2571811.0;633883.0;-2834307.0;3287622.0;2952272.0
2012-12-31;BRF S.A.;563850.0;2443431.0;450430.0;-2372923.0;1930693.0;1366843.0
2012-12-31;CCR S.A.;109160.0;2426811.0;-1158779.0;-1158872.0;872491.0;763331.0
2012-12-31;CIA SIDERURGICA NACIONAL;-972518.0;3487500.0;-748879.0;-3539653.0;14444875.0;15417393.0
2012-12-31;CIA TECIDOS SANTANENSE;-4901.0;32472.0;-43269.0;5902.0;817.0;5718.0
2012-12-31;COGNA EDUCAÇÃO S.A.;64273.0;314151.0;581431.0;-831309.0;215620.0;151347.0
2012-12-31;CONSTRUTORA ADOLPHO LINDENBERG S.A.;1058.0;4193.0;-3131.0;-4.0;1765.0;707.0
2012-12-31;CPFL ENERGIAS RENOVÁVEIS S.A.;-11488.0;234077.0;1661342.0;-1906907.0;640085.0;651573.0
2012-12-31;DOHLER S.A.;9076.0;22087.0;7930.0;-20941.0;65735.0;56659.0
2012-12-31;ECORODOVIAS INFRAESTRUTURA E LOGÍSTICA S.A.;342365.0;698375.0;728001.0;-1084011.0;946916.0;604551.0
2012-12-31;EMBPAR PARTICIPAÇÕES S/A;16281.0;-90515.0;-32041.0;138837.0;38210.0;21929.0
2012-12-31;EMBRAER S.A.;1148062.0;1590416.0;747525.0;-1189879.0;3680733.0;2532671.0
2012-12-31;ENAUTA PARTICIPAÇÕES S.A.;-150629.0;254332.0;-142030.0;-262931.0;871322.0;1021951.0
2012-12-31;ENGIE BRASIL ENERGIA S.A.;398168.0;2359306.0;-1626150.0;-334988.0;1179976.0;781808.0
2012-12-31;GERDAU S.A.;-39364.0;4344047.0;-1036294.0;-3438025.0;1437235.0;1476599.0
2012-12-31;HIDROVIAS DO BRASIL S.A.;63852.0;-44303.0;135296.0;-31278.0;118578.0;54726.0
2012-12-31;HOTEIS OTHON S.A. - EM RECUPERAÇÃO JUDICIAL;272.0;15863.0;-5580.0;-10011.0;2771.0;2499.0
2012-12-31;IGUA SANEAMENTO S.A.;11430.0;-41102.0;373539.0;-321007.0;16226.0;4796.0
2012-12-31;JSL S.A.;-76581.0;684825.0;-549097.0;-212309.0;322503.0;399084.0
2012-12-31;KLABIN S.A.;176248.0;933894.0;-153377.0;-604269.0;2517312.0;2341064.0
2012-12-31;MANGELS INDUSTRIAL S.A.;22567.0;94177.0;-70492.0;-1118.0;171375.0;148808.0
2012-12-31;MOURA DUBEUX ENGENHARIA S/A;-50462.0;-151594.0;-53795.0;154927.0;26810.0;77272.0
2012-12-31;OSX BRASIL S.A.;653728.0;163015.0;4413288.0;-3896074.0;1684076.0;1030348.0
2012-12-31;PADTEC HOLDING S.A.;11005.0;7151.0;16977.0;-13123.0;66045.0;55040.0
2012-12-31;PBG S/A;48805.0;36803.0;42993.0;-31037.0;58870.0;10065.0
2012-12-31;PETRO RIO S.A.;-19394.0;-234358.0;9581.0;207005.0;37608.0;57002.0
2012-12-31;POSITIVO TECNOLOGIA S.A.;-40687.0;-39962.0;64701.0;-65426.0;116020.0;156707.0
2012-12-31;RAIA DROGASIL S.A.;-173008.0;105334.0;-20383.0;-257959.0;166963.0;339971.0
2012-12-31;REDE ENERGIA PARTICIPAÇÕES S.A.;-663489.0;195595.0;-251679.0;-607405.0;22594.0;686083.0
2012-12-31;RNI NEGÓCIOS IMOBILIÁRIOS S.A.;-70239.0;257074.0;-394396.0;67083.0;204583.0;274822.0
2012-12-31;RUMO S.A.;408622.0;661132.0;641481.0;-893991.0;2508360.0;2099738.0
2012-12-31;SARAIVA LIVREIROS S.A. - EM RECUPERAÇÃO JUDICIAL;-14574.0;52961.0;-3610.0;-63925.0;87035.0;101609.0
2012-12-31;SER EDUCACIONAL S.A.;13795.0;71411.0;15343.0;-72959.0;17182.0;3387.0
2012-12-31;SUZANO HOLDING S.A.;1060164.0;673660.0;3047170.0;-2711135.0;4383243.0;3323079.0
2012-12-31;SUZANO S.A.;1063670.0;669890.0;3057577.0;-2714266.0;4337608.0;3273938.0
2012-12-31;TAURUS ARMAS S.A.;18555.0;60880.0;53405.0;-95866.0;180781.0;162226.0
2012-12-31;TRANSMISSORA ALIANÇA DE ENERGIA ELÉTRICA S.A.;47860.0;1034659.0;1658531.0;-2645330.0;543266.0;495406.0
2012-12-31;TRONOX PIGMENTOS DO BRASIL S.A.;44215.0;54865.0;1545.0;-12195.0;63099.0;18884.0
2012-12-31;UNIPAR CARBOCLORO S.A.;-1365.0;94413.0;-212216.0;116438.0;7273.0;8638.0
2012-12-31;VALE S.A.;5324540.0;33082304.0;2239316.0;-30094206.0;11917717.0;6593177.0
2012-12-31;VALID SOLUÇÕES S.A.;-54140.0;155614.0;36448.0;-250493.0;117640.0;171780.0
2012-12-31;VIX LOGÍSTICA S/A;13565.0;106887.0;-43036.0;-50257.0;37461.0;23896.0
2012-12-31;VULCABRAS S.A.;39536.0;-35721.0;120834.0;-45577.0;57715.0;18179.0
2012-12-31;WLM PART. E COMÉRCIO DE MÁQUINAS E VEÍCULOS S.A.;-98829.0;11217.0;-15167.0;-94879.0;65550.0;164379.0
2012-12-31;YDUQS PARTICIPACOES S.A.;-3725.0;93018.0;5433.0;-102176.0;18132.0;21857.0
2013-03-31;COSAN S.A.;871691.0;2350102.0;3325129.0;-4803540.0;2487860.0;1616169.0
2013-12-31;ALIANSCE SONAE SHOPPING CENTERS S.A.;-257545.0;47551.0;40246.0;-345342.0;424431.0;681976.0
2013-12-31;ALPER CONSULTORIA E CORRETORA DE SEGUROS S.A.;18632.0;82821.0;-173832.0;109643.0;21949.0;3317.0
2013-12-31;ALUPAR INVESTIMENTO S/A;479331.0;700445.0;63509.0;-284623.0;520054.0;40723.0
2013-12-31;AMBEV S.A.;2311636.0;15245896.0;-9385263.0;-3802025.0;11285833.0;8974197.0
2013-12-31;B3 S.A. - BRASIL, BOLSA, BALCÃO;-1955.0;1918028.0;-1673344.0;-246639.0;41687.0;43642.0
2013-12-31;BB SEGURIDADE PARTICIPAÇÕES S.A.;457353.0;1116481.0;-1458140.0;799012.0;1785284.0;1327931.0
2013-12-31;BR PROPERTIES S.A.;375241.0;828901.0;-734998.0;281338.0;950864.0;575623.0
2013-12-31;BRASKEM S.A.;1048237.0;2457791.0;3614240.0;-4954200.0;4335859.0;3287622.0
2013-12-31;BRF S.A.;1197022.0;3318683.0;-757269.0;-1512634.0;3127715.0;1930693.0
2013-12-31;CCR S.A.;667421.0;2464567.0;-980906.0;-815988.0;1265675.0;598254.0
2013-12-31;CIA SIDERURGICA NACIONAL;-1896149.0;2198079.0;-1881419.0;-2245806.0;9995672.0;11891821.0
2013-12-31;CIA TECIDOS SANTANENSE;12040.0;-10465.0;57464.0;-34950.0;12857.0;817.0
2013-12-31;COGNA EDUCAÇÃO S.A.;203312.0;559596.0;-180998.0;-175286.0;418932.0;215620.0
2013-12-31;CONSTRUTORA ADOLPHO LINDENBERG S.A.;2924.0;8966.0;-6038.0;-4.0;4686.0;1762.0
2013-12-31;COSAN S.A.;-64200.0;1151222.0;-692342.0;-523080.0;1474553.0;1538753.0
2013-12-31;CPFL ENERGIAS RENOVÁVEIS S.A.;90970.0;247156.0;354590.0;-510776.0;731055.0;640085.0
2013-12-31;DOHLER S.A.;-2526.0;37443.0;-23709.0;-16260.0;63209.0;65735.0
2013-12-31;ECORODOVIAS INFRAESTRUTURA E LOGÍSTICA S.A.;292062.0;1032947.0;-163172.0;-577713.0;1071043.0;778981.0
2013-12-31;EMBPAR PARTICIPAÇÕES S/A;-14692.0;-44989.0;54525.0;-24228.0;9623.0;24315.0
2013-12-31;EMBRAER S.A.;272113.0;1354603.0;336071.0;-1687481.0;3944323.0;3672210.0
2013-12-31;ENAUTA PARTICIPAÇÕES S.A.;-513557.0;376440.0;144031.0;-1036219.0;357765.0;871322.0
2013-12-31;ENGIE BRASIL ENERGIA S.A.;44300.0;2315937.0;-1712734.0;-558903.0;1224276.0;1179976.0
2013-12-31;GERDAU S.A.;661989.0;4098412.0;-804533.0;-2703565.0;2099224.0;1437235.0
2013-12-31;HIDROVIAS DO BRASIL S.A.;-33843.0;9019.0;477252.0;-556142.0;83070.0;116913.0
2013-12-31;HOTEIS OTHON S.A. - EM RECUPERAÇÃO JUDICIAL;1074.0;16998.0;-3502.0;-12422.0;3845.0;2771.0
2013-12-31;IGUA SANEAMENTO S.A.;2339.0;-25213.0;177666.0;-150114.0;17986.0;15647.0
2013-12-31;JSL S.A.;23477.0;685982.0;-237745.0;-424760.0;345980.0;322503.0
2013-12-31;KLABIN S.A.;212560.0;1032322.0;45596.0;-865358.0;2729872.0;2517312.0
2013-12-31;MANGELS INDUSTRIAL S.A.;-145285.0;-16338.0;-115309.0;-13638.0;26090.0;171375.0
2013-12-31;MOURA DUBEUX ENGENHARIA S/A;25398.0;-89041.0;-31376.0;145815.0;71845.0;46447.0
2013-12-31;OMEGA GERAÇÃO S.A.;-19837.0;-66613.0;115874.0;-69098.0;55919.0;75756.0
2013-12-31;OSX BRASIL S.A.;-1672669.0;-2570977.0;-307662.0;1093556.0;11407.0;1684076.0
2013-12-31;PADTEC HOLDING S.A.;15315.0;49405.0;42331.0;-76421.0;75978.0;60663.0
2013-12-31;PBG S/A;-1193.0;-2210.0;101301.0;-100284.0;57677.0;58870.0
2013-12-31;PETRO RIO S.A.;-4026.0;-282875.0;48880.0;223935.0;33582.0;37608.0
2013-12-31;POSITIVO TECNOLOGIA S.A.;54926.0;43889.0;40004.0;-28967.0;164974.0;110048.0
2013-12-31;RAIA DROGASIL S.A.;74922.0;305743.0;5989.0;-236810.0;241885.0;166963.0
2013-12-31;REDE ENERGIA PARTICIPAÇÕES S.A.;29764.0;61372.0;-30850.0;-758.0;52358.0;22594.0
2013-12-31;RNI NEGÓCIOS IMOBILIÁRIOS S.A.;223661.0;250752.0;61339.0;-88430.0;468393.0;244732.0
2013-12-31;RUMO S.A.;409276.0;876566.0;457802.0;-925092.0;2917636.0;2508360.0
2013-12-31;SARAIVA LIVREIROS S.A. - EM RECUPERAÇÃO JUDICIAL;-63909.0;-22518.0;38824.0;-80215.0;23086.0;86995.0
2013-12-31;SER EDUCACIONAL S.A.;200078.0;130934.0;272977.0;-203833.0;217260.0;17182.0
2013-12-31;SUZANO HOLDING S.A.;-628591.0;37349.0;1114415.0;-1918782.0;3754652.0;4383243.0
2013-12-31;SUZANO S.A.;-647968.0;40735.0;1097088.0;-1924218.0;3689640.0;4337608.0
2013-12-31;TAURUS ARMAS S.A.;100338.0;191307.0;-62722.0;-28247.0;281119.0;180781.0
2013-12-31;TRANSMISSORA ALIANÇA DE ENERGIA ELÉTRICA S.A.;-417556.0;1186028.0;-1588362.0;-15222.0;121140.0;538696.0
2013-12-31;TRONOX PIGMENTOS DO BRASIL S.A.;-34726.0;8698.0;-33253.0;-10171.0;28373.0;63099.0
2013-12-31;UNICASA INDÚSTRIA DE MÓVEIS S.A.;-17090.0;34675.0;-39435.0;-12330.0;11629.0;28719.0
2013-12-31;VALE S.A.;547531.0;32234977.0;-9396970.0;-23150195.0;12465248.0;11917717.0
2013-12-31;VALID SOLUÇÕES S.A.;36424.0;93191.0;-102466.0;42796.0;152203.0;115779.0
2013-12-31;VIX LOGÍSTICA S/A;14523.0;70939.0;-48113.0;-8246.0;51984.0;37461.0
2013-12-31;VULCABRAS S.A.;-11043.0;66575.0;-10660.0;-66958.0;46672.0;57715.0
2013-12-31;WLM PART. E COMÉRCIO DE MÁQUINAS E VEÍCULOS S.A.;29439.0;30320.0;-14663.0;13782.0;94989.0;65550.0
2013-12-31;YDUQS PARTICIPACOES S.A.;-11000.0;138139.0;572256.0;-721395.0;7132.0;18132.0
2014-12-31;ALIANSCE SONAE SHOPPING CENTERS S.A.;-108495.0;73214.0;-115859.0;-65850.0;315936.0;424431.0
2014-12-31;ALPER CONSULTORIA E CORRETORA DE SEGUROS S.A.;1610.0;50217.0;-78089.0;29482.0;23559.0;21949.0
2014-12-31;ALUPAR INVESTIMENTO S/A;-182362.0;762458.0;-668965.0;-274183.0;337692.0;520054.0
2014-12-31;AMBEV S.A.;-1915263.0;15895673.0;-13143763.0;-4768077.0;9622978.0;11538241.0
2014-12-31;B3 S.A. - BRASIL, BOLSA, BALCÃO;73699.0;1854498.0;-1725202.0;-55597.0;115386.0;41687.0
2014-12-31;BB SEGURIDADE PARTICIPAÇÕES S.A.;309143.0;1525207.0;-2394889.0;1178825.0;2094427.0;1785284.0
2014-12-31;BR PROPERTIES S.A.;-355542.0;545863.0;-3463735.0;2562330.0;595322.0;950864.0
2014-12-31;BRASKEM S.A.;-342500.0;3791866.0;894400.0;-4977076.0;3993359.0;4335859.0
2014-12-31;BRF S.A.;2879227.0;5001791.0;-568130.0;-1913519.0;6006942.0;3127715.0
2014-12-31;CCR S.A.;322972.0;2187686.0;-155582.0;-1704763.0;1588647.0;1265675.0
2014-12-31;CIA SIDERURGICA NACIONAL;-1309651.0;1188385.0;-896015.0;-1657743.0;8686021.0;9995672.0
2014-12-31;CIA TECIDOS SANTANENSE;-5119.0;-28453.0;25236.0;-1894.0;7738.0;12857.0
2014-12-31;COGNA EDUCAÇÃO S.A.;31832.0;1204899.0;-953455.0;-219612.0;450764.0;418932.0
2014-12-31;CONSTRUTORA ADOLPHO LINDENBERG S.A.;8553.0;14574.0;-3734.0;-2287.0;13239.0;4686.0
2014-12-31;COSAN S.A.;65639.0;1000248.0;-881240.0;-54850.0;1540192.0;1474553.0
2014-12-31;CPFL ENERGIAS RENOVÁVEIS S.A.;97356.0;411038.0;-242078.0;-71604.0;828411.0;731055.0
2014-12-31;DOHLER S.A.;13045.0;49368.0;3711.0;-40034.0;76254.0;63209.0
2014-12-31;ECORODOVIAS INFRAESTRUTURA E LOGÍSTICA S.A.;-465928.0;1253485.0;-781255.0;-938158.0;605115.0;1071043.0
2014-12-31;EMBPAR PARTICIPAÇÕES S/A;1270.0;76369.0;-56285.0;-18814.0;10893.0;9623.0
2014-12-31;EMBRAER S.A.;605877.0;1275434.0;788749.0;-1589877.0;4550200.0;3944323.0
2014-12-31;ENAUTA PARTICIPAÇÕES S.A.;-240574.0;348468.0;25006.0;-617267.0;117191.0;357765.0
2014-12-31;ENGIE BRASIL ENERGIA S.A.;380455.0;1676903.0;-708228.0;-588220.0;1604731.0;1224276.0
2014-12-31;GERDAU S.A.;950747.0;2570861.0;-523423.0;-1340720.0;3049971.0;2099224.0
2014-12-31;HIDROVIAS DO BRASIL S.A.;14697.0;-43406.0;607181.0;-550019.0;97767.0;83070.0
2014-12-31;HOTEIS OTHON S.A. - EM RECUPERAÇÃO JUDICIAL;403.0;13029.0;3378.0;-16004.0;4248.0;3845.0
2014-12-31;IGUA SANEAMENTO S.A.;3253.0;-112342.0;256962.0;-141367.0;21239.0;17986.0
2014-12-31;JSL S.A.;26067.0;542048.0;411258.0;-927239.0;372047.0;345980.0
2014-12-31;KLABIN S.A.;2515961.0;1555391.0;3869878.0;-2909308.0;5245833.0;2729872.0
2014-12-31;MANGELS INDUSTRIAL S.A.;16541.0;27243.0;4287.0;-14989.0;42631.0;26090.0
2014-12-31;MOURA DUBEUX ENGENHARIA S/A;6227.0;-118755.0;103824.0;21158.0;78072.0;71845.0
2014-12-31;OMEGA GERAÇÃO S.A.;-11928.0;27675.0;72344.0;-111947.0;43991.0;55919.0
2014-12-31;OSX BRASIL S.A.;-9749.0;407722.0;68018.0;-273429.0;1658.0;11407.0
2014-12-31;PADTEC HOLDING S.A.;-25751.0;-4883.0;-39409.0;18541.0;50227.0;75978.0
2014-12-31;PBG S/A;34706.0;70580.0;119162.0;-155036.0;92383.0;57677.0
2014-12-31;PETRO RIO S.A.;317052.0;88168.0;6026.0;222858.0;350634.0;33582.0
2014-12-31;POSITIVO TECNOLOGIA S.A.;59387.0;166633.0;-92005.0;-15241.0;224361.0;164974.0
2014-12-31;REDE ENERGIA PARTICIPAÇÕES S.A.;304237.0;185271.0;1217669.0;-1098703.0;356595.0;52358.0
2014-12-31;RNI NEGÓCIOS IMOBILIÁRIOS S.A.;-75883.0;96368.0;-299570.0;127319.0;392510.0;468393.0
2014-12-31;RUMO S.A.;-1309377.0;377954.0;-314685.0;-1372646.0;1327122.0;2636499.0
2014-12-31;SARAIVA LIVREIROS S.A. - EM RECUPERAÇÃO JUDICIAL;251933.0;51231.0;270118.0;-69416.0;275019.0;23086.0
2014-12-31;SER EDUCACIONAL S.A.;-144012.0;177040.0;-46377.0;-274675.0;73248.0;217260.0
2014-12-31;SUZANO HOLDING S.A.;-26900.0;1450568.0;-195732.0;-1397954.0;3727752.0;3754652.0
2014-12-31;SUZANO S.A.;-3525.0;1464814.0;-186787.0;-1397770.0;3686115.0;3689640.0
2014-12-31;TAURUS ARMAS S.A.;-176583.0;51513.0;-156911.0;-71185.0;104536.0;281119.0
2014-12-31;TRANSMISSORA ALIANÇA DE ENERGIA ELÉTRICA S.A.;-19287.0;1726941.0;-2065218.0;318990.0;101853.0;121140.0
2014-12-31;TRONOX PIGMENTOS DO BRASIL S.A.;-5569.0;-11993.0;31442.0;-25018.0;22804.0;28373.0
2014-12-31;UNICASA INDÚSTRIA DE MÓVEIS S.A.;16250.0;30378.0;-6458.0;-7670.0;27879.0;11629.0
2014-12-31;VALE S.A.;-1909907.0;27790954.0;-8634185.0;-22358670.0;10555341.0;12465248.0
2014-12-31;VALID SOLUÇÕES S.A.;28863.0;223997.0;-66064.0;-126548.0;181066.0;152203.0
2014-12-31;VIX LOGÍSTICA S/A;217918.0;132283.0;93125.0;-7459.0;269902.0;51984.0
2014-12-31;VULCABRAS S.A.;-16030.0;-30751.0;59477.0;-44756.0;30642.0;46672.0
2014-12-31;WLM PART. E COMÉRCIO DE MÁQUINAS E VEÍCULOS S.A.;-9392.0;9789.0;-20517.0;1336.0;85597.0;94989.0
2014-12-31;YDUQS PARTICIPACOES S.A.;40879.0;487683.0;758306.0;-1205110.0;48011.0;7132.0
2015-12-31;ALIANSCE SONAE SHOPPING CENTERS S.A.;-50791.0;162575.0;-132781.0;-80585.0;265145.0;315936.0
2015-12-31;ALPER CONSULTORIA E CORRETORA DE SEGUROS S.A.;-13516.0;5427.0;-6591.0;-12352.0;10043.0;23559.0
2015-12-31;ALUPAR INVESTIMENTO S/A;254165.0;1263031.0;-480765.0;-504576.0;591857.0;337692.0
2015-12-31;AMBEV S.A.;3994644.0;23580946.0;-15327939.0;-5997067.0;13617622.0;9622978.0
2015-12-31;B3 S.A. - BRASIL, BOLSA, BALCÃO;149743.0;969329.0;-1884102.0;1064516.0;265129.0;115386.0
2015-12-31;BB SEGURIDADE PARTICIPAÇÕES S.A.;-533349.0;1024983.0;-3410481.0;1852149.0;1561078.0;2094427.0
2015-12-31;BR PROPERTIES S.A.;634983.0;344222.0;-1311973.0;1602734.0;1230305.0;595322.0
2015-12-31;BRASKEM S.A.;3446364.0;8125397.0;-97491.0;-4073506.0;7439723.0;3993359.0
2015-12-31;BRF S.A.;-644052.0;4136660.0;-4293822.0;-1686354.0;5362890.0;6006942.0
2015-12-31;CCR S.A.;707773.0;2349825.0;816652.0;-2477305.0;2296420.0;1588647.0
2015-12-31;CIA SIDERURGICA NACIONAL;-824969.0;5069163.0;-3090768.0;-2864993.0;7861052.0;8686021.0
2015-12-31;CIA TECIDOS SANTANENSE;200.0;-6777.0;14129.0;-7151.0;7938.0;7738.0
2015-12-31;COGNA EDUCAÇÃO S.A.;-52532.0;911322.0;-544224.0;-419630.0;398232.0;450764.0
2015-12-31;CONSTRUTORA ADOLPHO LINDENBERG S.A.;4881.0;5001.0;-1977.0;1857.0;18120.0;13239.0
2015-12-31;COSAN S.A.;1589338.0;1863183.0;-407087.0;79870.0;3129530.0;1540192.0
2015-12-31;CPFL ENERGIAS RENOVÁVEIS S.A.;43092.0;375459.0;299524.0;-631891.0;871503.0;828411.0
2015-12-31;DOHLER S.A.;-13851.0;17178.0;-7691.0;-23338.0;62403.0;76254.0
2015-12-31;ECORODOVIAS INFRAESTRUTURA E LOGÍSTICA S.A.;167788.0;1161024.0;-234322.0;-758914.0;772903.0;605115.0
2015-12-31;EMBPAR PARTICIPAÇÕES S/A;-8550.0;4466.0;-130815.0;117799.0;2343.0;10893.0
2015-12-31;EMBRAER S.A.;3905571.0;3632763.0;3887158.0;-5157132.0;8455771.0;4550200.0
2015-12-31;ENAUTA PARTICIPAÇÕES S.A.;63481.0;431472.0;79159.0;-485109.0;180672.0;117191.0
2015-12-31;ENGIE BRASIL ENERGIA S.A.;792123.0;2578612.0;-1007558.0;-778931.0;2396854.0;1604731.0
2015-12-31;GERDAU S.A.;2598109.0;7162318.0;-2841842.0;-2421657.0;5648080.0;3049971.0
2015-12-31;HIDROVIAS DO BRASIL S.A.;10270.0;-24930.0;899782.0;-912435.0;108037.0;97767.0
2015-12-31;HOTEIS OTHON S.A. - EM RECUPERAÇÃO JUDICIAL;242.0;12866.0;-1047.0;-11577.0;4490.0;4248.0
2015-12-31;IGUA SANEAMENTO S.A.;17922.0;48895.0;-32241.0;1268.0;39161.0;21239.0
2015-12-31;JSL S.A.;579119.0;850881.0;-163539.0;-108223.0;951166.0;372047.0
2015-12-31;KLABIN S.A.;-192110.0;1739996.0;2663420.0;-4595526.0;5053723.0;5245833.0
2015-12-31;MANGELS INDUSTRIAL S.A.;-7395.0;10106.0;-694.0;-16807.0;35236.0;42631.0
2015-12-31;MOURA DUBEUX ENGENHARIA S/A;-14196.0;-132198.0;167843.0;-49841.0;63876.0;78072.0
2015-12-31;OMEGA GERAÇÃO S.A.;-16561.0;53348.0;-35085.0;-34824.0;27430.0;43991.0
2015-12-31;OSX BRASIL S.A.;7701.0;23612.0;-4495.0;245844.0;9359.0;1658.0
2015-12-31;PADTEC HOLDING S.A.;-18884.0;83540.0;-115917.0;13493.0;31343.0;50227.0
2015-12-31;PBG S/A;-4719.0;-45134.0;150221.0;-109806.0;87664.0;92383.0
2015-12-31;PETRO RIO S.A.;-66683.0;-20171.0;-8532.0;-17367.0;283951.0;350634.0
2015-12-31;POSITIVO TECNOLOGIA S.A.;330525.0;80693.0;309618.0;-58333.0;554886.0;224361.0
2015-12-31;QUALITY SOFTWARE S.A.;-1860199.0;-4238320.0;5524173.0;-3146052.0;2528760.0;4388959.0
2015-12-31;RAIA DROGASIL S.A.;-15138.0;501695.0;-129358.0;-387475.0;266051.0;281189.0
2015-12-31;REDE ENERGIA PARTICIPAÇÕES S.A.;177857.0;643821.0;-275074.0;-190890.0;534452.0;356595.0
2015-12-31;RNI NEGÓCIOS IMOBILIÁRIOS S.A.;-107591.0;-860.0;-101701.0;-5030.0;284919.0;392510.0
2015-12-31;RUMO S.A.;-1291290.0;1339462.0;-1155513.0;-1475239.0;35832.0;1327122.0
2015-12-31;SARAIVA LIVREIROS S.A. - EM RECUPERAÇÃO JUDICIAL;-148516.0;-37199.0;-100222.0;-11095.0;126503.0;275019.0
2015-12-31;SER EDUCACIONAL S.A.;-3249.0;77060.0;239530.0;-319839.0;69999.0;73248.0
2015-12-31;SUZANO HOLDING S.A.;-1941356.0;2642447.0;-2508463.0;-2350723.0;1786396.0;3727752.0
2015-12-31;SUZANO S.A.;-2208869.0;2350709.0;-2484199.0;-2350762.0;1477246.0;3686115.0
2015-12-31;TAURUS ARMAS S.A.;-44224.0;79189.0;-97790.0;-25623.0;60312.0;104536.0
2015-12-31;TRANSMISSORA ALIANÇA DE ENERGIA ELÉTRICA S.A.;30588.0;1684987.0;-1648086.0;-6313.0;132441.0;101853.0
2015-12-31;TRONOX PIGMENTOS DO BRASIL S.A.;22082.0;33984.0;11386.0;-23288.0;44886.0;22804.0
2015-12-31;UNICASA INDÚSTRIA DE MÓVEIS S.A.;5325.0;22996.0;-9069.0;-8602.0;33204.0;27879.0
2015-12-31;VALE S.A.;3466363.0;15718875.0;5250018.0;-20116959.0;14021704.0;10555341.0
2015-12-31;VALID SOLUÇÕES S.A.;60217.0;230889.0;404624.0;-585000.0;241283.0;181066.0
2015-12-31;VIX LOGÍSTICA S/A;30284.0;113446.0;-62806.0;-20112.0;300186.0;269902.0
2015-12-31;VULCABRAS S.A.;-5949.0;36653.0;-2384.0;-40218.0;24693.0;30642.0
2015-12-31;WLM PART. E COMÉRCIO DE MÁQUINAS E VEÍCULOS S.A.;-64874.0;-7752.0;-47662.0;-9460.0;20723.0;85597.0
2015-12-31;YDUQS PARTICIPACOES S.A.;399.0;78267.0;192759.0;-270627.0;48410.0;48011.0
2016-12-31;ALIANSCE SONAE SHOPPING CENTERS S.A.;-9099.0;162708.0;-197754.0;25947.0;256046.0;265145.0
2016-12-31;ALPER CONSULTORIA E CORRETORA DE SEGUROS S.A.;13491.0;230.0;24526.0;-11265.0;23534.0;10043.0
2016-12-31;ALUPAR INVESTIMENTO S/A;21877.0;1135442.0;-668503.0;-440319.0;613734.0;591857.0
2016-12-31;AMBEV S.A.;-5740773.0;12344513.0;-11645142.0;-5897908.0;7876849.0;13617622.0
2016-12-31;ATACADÃO S.A.;360000.0;2957000.0;-670000.0;-1927000.0;3242000.0;2882000.0
2016-12-31;AZUL S.A.;-87341.0;30352.0;526656.0;-644349.0;549164.0;636505.0
2016-12-31;B3 S.A. - BRASIL, BOLSA, BALCÃO;-108960.0;-7087411.0;2684667.0;4293784.0;156169.0;265129.0
2016-12-31;BB SEGURIDADE PARTICIPAÇÕES S.A.;613836.0;1667507.0;-3376323.0;2322652.0;2174914.0;1561078.0
2016-12-31;BR PROPERTIES S.A.;-522900.0;202871.0;-563660.0;-162111.0;707405.0;1230305.0
2016-12-31;BRASKEM S.A.;-265252.0;4746292.0;-2757312.0;-2840874.0;6778010.0;7043262.0
2016-12-31;BRF S.A.;994029.0;1821174.0;3720641.0;-4159920.0;6356919.0;5362890.0
2016-12-31;CCR S.A.;524800.0;4186220.0;-856998.0;-2783997.0;2821220.0;2296420.0
2016-12-31;CIA SIDERURGICA NACIONAL;-2989890.0;275918.0;-883012.0;-2305168.0;4871162.0;7861052.0
2016-12-31;CIA TECIDOS SANTANENSE;4357.0;18677.0;23796.0;-38113.0;12295.0;7938.0
2016-12-31;COGNA EDUCAÇÃO S.A.;945750.0;1820112.0;-725035.0;-149327.0;1343982.0;398232.0
2016-12-31;CONSTRUTORA ADOLPHO LINDENBERG S.A.;-11387.0;2829.0;-3455.0;-10761.0;6733.0;18120.0
2016-12-31;COSAN S.A.;861400.0;2235238.0;-2512676.0;1171617.0;3990930.0;3129530.0
2016-12-31;CPFL ENERGIAS RENOVÁVEIS S.A.;37479.0;662588.0;469892.0;-1095001.0;908982.0;871503.0
2016-12-31;DOHLER S.A.;11443.0;45242.0;-19367.0;-14432.0;73846.0;62403.0
2016-12-31;ECORODOVIAS INFRAESTRUTURA E LOGÍSTICA S.A.;-183399.0;1100030.0;-792310.0;-491119.0;589504.0;772903.0
2016-12-31;EMBPAR PARTICIPAÇÕES S/A;50725.0;-21386.0;55913.0;16198.0;53068.0;2343.0
2016-12-31;EMBRAER S.A.;-4409586.0;-309018.0;14651.0;-3382188.0;4046185.0;8455771.0
2016-12-31;ENAUTA PARTICIPAÇÕES S.A.;-162934.0;341772.0;-50669.0;-427346.0;17738.0;180672.0
2016-12-31;ENGIE BRASIL ENERGIA S.A.;-581514.0;2524794.0;-1834195.0;-1272113.0;1815340.0;2396854.0
2016-12-31;GERDAU S.A.;-584697.0;3516366.0;-2337832.0;-1069241.0;5063383.0;5648080.0
2016-12-31;HIDROVIAS DO BRASIL S.A.;-12855.0;-32197.0;442727.0;-412244.0;95182.0;108037.0
2016-12-31;HOTEIS OTHON S.A. - EM RECUPERAÇÃO JUDICIAL;-4350.0;8322.0;-3383.0;-9289.0;140.0;4490.0
2016-12-31;IGUA SANEAMENTO S.A.;13745.0;95387.0;-14706.0;-66936.0;52906.0;39161.0
2016-12-31;JSL S.A.;-365246.0;756453.0;-1028511.0;-93188.0;585920.0;951166.0
2016-12-31;KLABIN S.A.;818997.0;1202849.0;2264301.0;-2648153.0;5872720.0;5053723.0
2016-12-31;MANGELS INDUSTRIAL S.A.;-5111.0;23331.0;-14945.0;-13497.0;30125.0;35236.0
2016-12-31;MOURA DUBEUX ENGENHARIA S/A;-29454.0;13242.0;-27482.0;-15214.0;8856.0;38310.0
2016-12-31;OMEGA GERAÇÃO S.A.;10758.0;62058.0;-51982.0;682.0;38188.0;27430.0
2016-12-31;OSX BRASIL S.A.;-7935.0;-1255425.0;487113.0;1696.0;890.0;8825.0
2016-12-31;PADTEC HOLDING S.A.;-17545.0;-177514.0;116374.0;43595.0;13798.0;31343.0
2016-12-31;PBG S/A;18081.0;138942.0;-95719.0;-25142.0;105745.0;87664.0
2016-12-31;PETRO RIO S.A.;-259158.0;114000.0;-5699.0;-391101.0;24793.0;283951.0
2016-12-31;POSITIVO TECNOLOGIA S.A.;-76510.0;68975.0;-104868.0;-36615.0;478376.0;554886.0
2016-12-31;PRINER SERVIÇOS INDUSTRIAIS S.A.;-11732.0;2835.0;-19607.0;5040.0;12063.0;23795.0
2016-12-31;QUALITY SOFTWARE S.A.;3505828.0;4244296.0;9259698.0;-9998166.0;6034588.0;2528760.0
2016-12-31;RAIA DROGASIL S.A.;10581.0;555529.0;-55891.0;-489057.0;276632.0;266051.0
2016-12-31;REDE ENERGIA PARTICIPAÇÕES S.A.;-84907.0;1101079.0;-8830.0;-1177156.0;449545.0;534452.0
2016-12-31;RNI NEGÓCIOS IMOBILIÁRIOS S.A.;-85105.0;-53256.0;6998.0;-38847.0;199814.0;284919.0
2016-12-31;RUMO S.A.;224695.0;1212750.0;756052.0;-1744107.0;260527.0;35832.0
2016-12-31;SARAIVA LIVREIROS S.A. - EM RECUPERAÇÃO JUDICIAL;-1213.0;252458.0;-289949.0;36278.0;125290.0;126503.0
2016-12-31;SER EDUCACIONAL S.A.;-7963.0;287770.0;-61550.0;-234183.0;62036.0;69999.0
2016-12-31;SMARTFIT ESCOLA DE GINÁSTICA E DANÇA S.A.;162912.0;84107.0;249656.0;-170835.0;232903.0;69991.0
2016-12-31;SUZANO HOLDING S.A.;-131818.0;2966618.0;405869.0;-3342619.0;1654578.0;1786396.0
2016-12-31;SUZANO S.A.;137451.0;3003175.0;638446.0;-3342484.0;1614697.0;1477246.0
2016-12-31;TAURUS ARMAS S.A.;-33604.0;36276.0;-57627.0;-12253.0;26708.0;60312.0
2016-12-31;TRANSMISSORA ALIANÇA DE ENERGIA ELÉTRICA S.A.;-30936.0;1613393.0;-1460318.0;-184011.0;101505.0;132441.0
2016-12-31;TRONOX PIGMENTOS DO BRASIL S.A.;33056.0;53155.0;-5720.0;-14379.0;77942.0;44886.0
2016-12-31;UNICASA INDÚSTRIA DE MÓVEIS S.A.;-5372.0;10146.0;-6774.0;-8744.0;27832.0;33204.0
2016-12-31;UNIPAR CARBOCLORO S.A.;256397.0;320714.0;-210542.0;146225.0;383346.0;126949.0
2016-12-31;VALE S.A.;-131113.0;21634643.0;-2919451.0;-16639098.0;13890591.0;14021704.0
2016-12-31;VALID SOLUÇÕES S.A.;153494.0;223104.0;-24600.0;-30436.0;394777.0;241283.0
2016-12-31;VIX LOGÍSTICA S/A;-25753.0;152423.0;-152334.0;-25930.0;274433.0;300186.0
2016-12-31;VULCABRAS S.A.;-7599.0;134949.0;-84560.0;-57988.0;17094.0;24693.0
2016-12-31;WLM PART. E COMÉRCIO DE MÁQUINAS E VEÍCULOS S.A.;10296.0;-14635.0;-3189.0;28120.0;31019.0;20723.0
2016-12-31;YDUQS PARTICIPACOES S.A.;9930.0;836741.0;-549158.0;-277653.0;58340.0;48410.0
2017-12-31;ALIANSCE SONAE SHOPPING CENTERS S.A.;192383.0;170941.0;37946.0;-16504.0;448429.0;256046.0
2017-12-31;ALPER CONSULTORIA E CORRETORA DE SEGUROS S.A.;-14618.0;-11670.0;-1271.0;-1677.0;8916.0;23534.0
2017-12-31;ALUPAR INVESTIMENTO S/A;966336.0;1105317.0;195081.0;-335217.0;1580070.0;613734.0
2017-12-31;AMBEV S.A.;2475886.0;17874062.0;-12864137.0;-3073002.0;10352735.0;7876849.0
2017-12-31;ATACADÃO S.A.;1562000.0;2887000.0;556000.0;-1881000.0;4804000.0;3242000.0
2017-12-31;ATOM EMPREENDIMENTOS E PARTICIPAÇÕES S.A.;4981.0;4883.0;98.0;0.0;4991.0;10.0
2017-12-31;AZUL S.A.;213155.0;295500.0;856664.0;-975842.0;762319.0;549164.0
2017-12-31;B3 S.A. - BRASIL, BOLSA, BALCÃO;9151.0;11191051.0;-2124398.0;-9057502.0;165320.0;156169.0
2017-12-31;BB SEGURIDADE PARTICIPAÇÕES S.A.;1469265.0;1671071.0;-3285900.0;3084094.0;3644179.0;2174914.0
2017-12-31;BLUE TECH SOLUTIONS EQI S.A.;0.0;-1782.0;8244.0;-6462.0;0.0;0.0
2017-12-31;BR PROPERTIES S.A.;-582390.0;245801.0;50186.0;-878377.0;125015.0;707405.0
2017-12-31;BRASKEM S.A.;-2926771.0;2461620.0;-2988465.0;-2406401.0;3775093.0;6701864.0
2017-12-31;BRF S.A.;-346090.0;652814.0;1207007.0;-2287895.0;6010829.0;6356919.0
2017-12-31;CCR S.A.;14006.0;3339705.0;784197.0;-4136080.0;2835226.0;2821220.0
2017-12-31;CIA SIDERURGICA NACIONAL;-1459590.0;571851.0;-993755.0;-1049224.0;3411572.0;4871162.0
2017-12-31;CIA TECIDOS SANTANENSE;2493.0;29881.0;38359.0;-65746.0;14788.0;12295.0
2017-12-31;COGNA EDUCAÇÃO S.A.;-19039.0;1826404.0;-777632.0;-1067811.0;921328.0;940367.0
2017-12-31;CONSTRUTORA ADOLPHO LINDENBERG S.A.;-2434.0;-645.0;-998.0;-791.0;4299.0;6733.0
2017-12-31;COSAN S.A.;-840602.0;1792909.0;-2849309.0;205057.0;3150328.0;3990930.0
2017-12-31;CPFL ENERGIAS RENOVÁVEIS S.A.;41233.0;836377.0;-44078.0;-751066.0;950215.0;908982.0
2017-12-31;DEXCO S.A.;-341996.0;404698.0;-331943.0;-416182.0;1074364.0;1416360.0
2017-12-31;DOHLER S.A.;-5099.0;12995.0;-2778.0;-15316.0;68747.0;73846.0
2017-12-31;ECORODOVIAS INFRAESTRUTURA E LOGÍSTICA S.A.;1018475.0;1285785.0;323309.0;-590619.0;1607979.0;589504.0
2017-12-31;EMBPAR PARTICIPAÇÕES S/A;-46930.0;-29050.0;-147287.0;129407.0;6138.0;53068.0
2017-12-31;EMBRAER S.A.;157534.0;2505920.0;1103954.0;-3478510.0;4203719.0;4046185.0
2017-12-31;ENAUTA PARTICIPAÇÕES S.A.;1077.0;428777.0;-74806.0;-355427.0;18815.0;17738.0
2017-12-31;ENGIE BRASIL ENERGIA S.A.;114730.0;331802.0;2591908.0;-2808980.0;1930070.0;1815340.0
2017-12-31;GERDAU S.A.;-2508045.0;2076128.0;-4056130.0;-535481.0;2555338.0;5063383.0
2017-12-31;HAPVIDA PARTICIPAÇÕES E INVESTIMENTOS S.A.;47358.0;618548.0;-162195.0;-408995.0;104209.0;56851.0
2017-12-31;HIDROVIAS DO BRASIL S.A.;-11314.0;261815.0;131341.0;-406469.0;83868.0;95182.0
2017-12-31;HOTEIS OTHON S.A. - EM RECUPERAÇÃO JUDICIAL;73.0;9006.0;-5318.0;-3615.0;213.0;140.0
2017-12-31;IGUA SANEAMENTO S.A.;-25076.0;64270.0;65682.0;-155028.0;27830.0;52906.0
2017-12-31;IGUATEMI S.A.;-133687.0;308111.0;-339716.0;-102082.0;52785.0;186472.0
2017-12-31;JSL S.A.;128814.0;-1873071.0;2082207.0;-80322.0;714734.0;585920.0
2017-12-31;KLABIN S.A.;1155702.0;1792978.0;201541.0;-838817.0;7028422.0;5872720.0
2017-12-31;MANGELS INDUSTRIAL S.A.;10356.0;37402.0;-13920.0;-13126.0;40481.0;30125.0
2017-12-31;MOURA DUBEUX ENGENHARIA S/A;1235.0;66054.0;-152081.0;87262.0;10091.0;8856.0
2017-12-31;OMEGA GERAÇÃO S.A.;312699.0;74860.0;576284.0;-338445.0;350887.0;38188.0
2017-12-31;OSX BRASIL S.A.;1016.0;-29566.0;13841.0;-1973.0;1906.0;890.0
2017-12-31;PADTEC HOLDING S.A.;-13475.0;-17029.0;-457.0;4011.0;323.0;13798.0
2017-12-31;PBG S/A;-11366.0;102736.0;-86568.0;-27534.0;94379.0;105745.0
2017-12-31;PETRO RIO S.A.;67652.0;51536.0;13860.0;174.0;92445.0;24793.0
2017-12-31;POSITIVO TECNOLOGIA S.A.;-90550.0;112580.0;-160362.0;-43059.0;387826.0;478376.0
2017-12-31;PRINER SERVIÇOS INDUSTRIAIS S.A.;-11419.0;215.0;12501.0;-24135.0;644.0;12063.0
2017-12-31;PRÁTICA KLIMAQUIP INDÚSTRIA E COMÉRCIO S.A.;-2347.0;5167.0;-5746.0;-1768.0;4118.0;6465.0
2017-12-31;QUALITY SOFTWARE S.A.;2776766.0;-3445525.0;35923513.0;-29701222.0;4353559.0;1576793.0
2017-12-31;RAIA DROGASIL S.A.;-11759.0;628840.0;-1419.0;-639180.0;264873.0;276632.0
2017-12-31;REDE ENERGIA PARTICIPAÇÕES S.A.;-60164.0;678582.0;137061.0;-875807.0;389381.0;449545.0
2017-12-31;RNI NEGÓCIOS IMOBILIÁRIOS S.A.;-101742.0;180397.0;-290948.0;8809.0;98072.0;199814.0
2017-12-31;RUMO S.A.;-82523.0;2311248.0;1681013.0;-4102852.0;178004.0;260527.0
2017-12-31;SARAIVA LIVREIROS S.A. - EM RECUPERAÇÃO JUDICIAL;-56347.0;36636.0;-40215.0;-52768.0;68943.0;125290.0
2017-12-31;SER EDUCACIONAL S.A.;217250.0;356598.0;304446.0;-443794.0;279286.0;62036.0
2017-12-31;SMARTFIT ESCOLA DE GINÁSTICA E DANÇA S.A.;574827.0;126721.0;758029.0;-311942.0;807730.0;232903.0
2017-12-31;SUZANO HOLDING S.A.;-534566.0;2914201.0;-2455069.0;-1008398.0;1120012.0;1654578.0
2017-12-31;SUZANO S.A.;-537864.0;2949994.0;-2494224.0;-1008334.0;1076833.0;1614697.0
2017-12-31;SYN PROP & TECH S.A.;-178254.0;146647.0;-1188736.0;863835.0;170324.0;348578.0
2017-12-31;TAURUS ARMAS S.A.;-20029.0;33823.0;-33076.0;-20776.0;6679.0;26708.0
2017-12-31;TRANSMISSORA ALIANÇA DE ENERGIA ELÉTRICA S.A.;-44825.0;1472808.0;-1188476.0;-329157.0;56680.0;101505.0
2017-12-31;UNICASA INDÚSTRIA DE MÓVEIS S.A.;1641.0;3482.0;0.0;-1841.0;29473.0;27832.0
2017-12-31;UNIPAR CARBOCLORO S.A.;-304787.0;422255.0;-251185.0;-466922.0;78559.0;383346.0
2017-12-31;VALE S.A.;426929.0;40240693.0;-28138111.0;-11669349.0;14317520.0;13890591.0
2017-12-31;VALID SOLUÇÕES S.A.;-97920.0;81926.0;-92457.0;-94011.0;296857.0;394777.0
2017-12-31;VIA S.A.;-471000.0;70000.0;-208000.0;-333000.0;3559000.0;4030000.0
2017-12-31;VIBRA ENERGIA S/A;-172000.0;1270000.0;-3763000.0;2321000.0;483000.0;655000.0
2017-12-31;VIX LOGÍSTICA S/A;1213.0;163087.0;-149604.0;-12335.0;13850.0;12637.0
2017-12-31;VULCABRAS S.A.;83408.0;299636.0;-153707.0;-62521.0;100502.0;17094.0
2017-12-31;WLM PART. E COMÉRCIO DE MÁQUINAS E VEÍCULOS S.A.;-21631.0;-639.0;1505.0;-22497.0;9388.0;31019.0
2017-12-31;YDUQS PARTICIPACOES S.A.;-44344.0;699990.0;-587303.0;-157031.0;13996.0;58340.0
2018-12-31;ALIANSCE SONAE SHOPPING CENTERS S.A.;-168284.0;187412.0;-306365.0;-49331.0;280145.0;448429.0
2018-12-31;ALPER CONSULTORIA E CORRETORA DE SEGUROS S.A.;-3599.0;-409.0;-992.0;-2198.0;5317.0;8916.0
2018-12-31;ALUPAR INVESTIMENTO S/A;1395353.0;681258.0;1031598.0;-345301.0;2975423.0;1580070.0
2018-12-31;AMBEV S.A.;1110763.0;17911195.0;-13221612.0;-3675706.0;11463498.0;10352735.0
2018-12-31;ATACADÃO S.A.;-157000.0;3100000.0;-1553000.0;-1704000.0;4647000.0;4804000.0
2018-12-31;ATOM EMPREENDIMENTOS E PARTICIPAÇÕES S.A.;1428.0;2040.0;-612.0;0.0;6419.0;4991.0
2018-12-31;AZUL S.A.;406817.0;443057.0;-161243.0;57964.0;1169136.0;762319.0
2018-12-31;B3 S.A. - BRASIL, BOLSA, BALCÃO;-44320.0;3666514.0;-3429212.0;-281622.0;121000.0;165320.0
2018-12-31;BB SEGURIDADE PARTICIPAÇÕES S.A.;2412068.0;1470424.0;-3485545.0;4427189.0;6056247.0;3644179.0
2018-12-31;BBM LOGÍSTICA S.A.;-26571.0;8996.0;8073.0;-43640.0;18731.0;45302.0
2018-12-31;BLUE TECH SOLUTIONS EQI S.A.;0.0;251.0;-251.0;0.0;0.0;0.0
2018-12-31;BR PROPERTIES S.A.;891811.0;296295.0;253116.0;342400.0;1016826.0;125015.0
2018-12-31;BRASKEM S.A.;1772544.0;9250370.0;-4603400.0;-2488317.0;5547637.0;3775093.0
2018-12-31;BRF S.A.;-974818.0;295685.0;73924.0;-1415879.0;5036011.0;6010829.0
2018-12-31;CCR S.A.;-1568129.0;3685677.0;-2965407.0;-2296104.0;1267097.0;2835226.0
2018-12-31;CIA SIDERURGICA NACIONAL;-1163568.0;2208105.0;-3257186.0;-98459.0;2248004.0;3411572.0
2018-12-31;CIA TECIDOS SANTANENSE;-10207.0;-111168.0;77881.0;23081.0;4581.0;14788.0
2018-12-31;COGNA EDUCAÇÃO S.A.;564283.0;1129440.0;4224530.0;-4789687.0;1485611.0;921328.0
2018-12-31;CONSTRUTORA ADOLPHO LINDENBERG S.A.;-3885.0;-8843.0;-1090.0;6048.0;414.0;4299.0
2018-12-31;COSAN S.A.;-453381.0;2693814.0;-3147327.0;-88018.0;2696947.0;3150328.0
2018-12-31;CPFL ENERGIAS RENOVÁVEIS S.A.;-73644.0;562619.0;-582479.0;-53784.0;876571.0;950215.0
2018-12-31;DEXCO S.A.;87877.0;382872.0;-323024.0;24025.0;1162241.0;1074364.0
2018-12-31;DOHLER S.A.;-27484.0;18879.0;1481.0;-47844.0;41263.0;68747.0
2018-12-31;ECORODOVIAS INFRAESTRUTURA E LOGÍSTICA S.A.;1042510.0;1343746.0;506543.0;-807779.0;2650489.0;1607979.0
2018-12-31;EMBPAR PARTICIPAÇÕES S/A;455.0;7162.0;-4225.0;-2482.0;6593.0;6138.0
2018-12-31;EMBRAER S.A.;759322.0;4012758.0;-1885826.0;-1915381.0;4963041.0;4203719.0
2018-12-31;ENAUTA PARTICIPAÇÕES S.A.;41223.0;588467.0;-436278.0;-155889.0;60038.0;18815.0
2018-12-31;ENGIE BRASIL ENERGIA S.A.;485722.0;3146706.0;551671.0;-3212655.0;2415792.0;1930070.0
2018-12-31;GERDAU S.A.;334806.0;1999683.0;-4256384.0;2383473.0;2890144.0;2555338.0
2018-12-31;GRUPO SBF S.A.;92752.0;198304.0;-19622.0;-85930.0;242818.0;150066.0
2018-12-31;HAPVIDA PARTICIPAÇÕES E INVESTIMENTOS S.A.;81275.0;516696.0;1703411.0;-2138832.0;185484.0;104209.0
2018-12-31;HIDROVIAS DO BRASIL S.A.;51799.0;203658.0;650258.0;-781625.0;135667.0;83868.0
2018-12-31;HOTEIS OTHON S.A. - EM RECUPERAÇÃO JUDICIAL;461.0;648.0;-3683.0;3496.0;674.0;213.0
2018-12-31;IGUA SANEAMENTO S.A.;96418.0;153777.0;254883.0;-312242.0;124248.0;27830.0
2018-12-31;IGUATEMI S.A.;-28484.0;389229.0;-24299.0;-393414.0;24301.0;52785.0
2018-12-31;JSL S.A.;-24410.0;-2388058.0;2506705.0;-143057.0;690324.0;714734.0
2018-12-31;KLABIN S.A.;-1294568.0;2786976.0;-3032322.0;-1049222.0;5733854.0;7028422.0
2018-12-31;LOCAWEB SERVIÇOS DE INTERNET S.A.;-19904.0;58601.0;-9554.0;-68951.0;17782.0;37686.0
2018-12-31;MANGELS INDUSTRIAL S.A.;-4768.0;29107.0;-5421.0;-28454.0;35713.0;40481.0
2018-12-31;MITRE REALTY EMPREENDIMENTOS E PARTICIPAÇÕES S.A.;14283.0;-65963.0;83905.0;-3659.0;21090.0;6807.0
2018-12-31;MOURA DUBEUX ENGENHARIA S/A;7243.0;127266.0;-252454.0;132431.0;17334.0;10091.0
2018-12-31;OMEGA GERAÇÃO S.A.;-155499.0;163255.0;135972.0;-454726.0;195388.0;350887.0
2018-12-31;OSX BRASIL S.A.;-1016.0;-301.0;1356.0;0.0;890.0;1906.0
2018-12-31;PADTEC HOLDING S.A.;3271.0;-11652.0;0.0;14923.0;3594.0;323.0
2018-12-31;PARANAPANEMA S.A. - EM RECUPERAÇÃO JUDICIAL;-128883.0;261830.0;-200311.0;-190402.0;216668.0;345551.0
2018-12-31;PBG S/A;-11755.0;5392.0;48514.0;-65661.0;82624.0;94379.0
2018-12-31;PETRO RIO S.A.;61664.0;270116.0;121032.0;-338004.0;154109.0;92445.0
2018-12-31;POSITIVO TECNOLOGIA S.A.;5522.0;-64563.0;80262.0;-10853.0;393348.0;387826.0
2018-12-31;PRINER SERVIÇOS INDUSTRIAIS S.A.;2756.0;12834.0;2661.0;-12739.0;3400.0;644.0
2018-12-31;PRÁTICA KLIMAQUIP INDÚSTRIA E COMÉRCIO S.A.;3268.0;1754.0;14137.0;-12623.0;7386.0;4118.0
2018-12-31;QUALITY SOFTWARE S.A.;93308.0;-1384778.0;-997819.0;2475905.0;4446867.0;4353559.0
2018-12-31;RAIA DROGASIL S.A.;-23305.0;682866.0;-3203.0;-702968.0;241568.0;264873.0
2018-12-31;REDE D'OR SÃO LUIZ S.A.;51625.0;788822.0;2020697.0;-2757894.0;192008.0;140383.0
2018-12-31;REDE ENERGIA PARTICIPAÇÕES S.A.;-241471.0;675294.0;266568.0;-1183333.0;147910.0;389381.0
2018-12-31;RNI NEGÓCIOS IMOBILIÁRIOS S.A.;-7468.0;-11040.0;-4266.0;7838.0;90604.0;98072.0
2018-12-31;ROMI S.A.;-5254.0;-295.0;22552.0;-26664.0;100428.0;105682.0
2018-12-31;ROSSI RESIDENCIAL S.A. - EM RECUPERAÇÃO JUDICIAL;17797.0;94191.0;-69008.0;-7386.0;47369.0;29572.0
2018-12-31;RUMO S.A.;-36477.0;2704713.0;-1456801.0;-1411192.0;141527.0;178004.0
2018-12-31;SARAIVA LIVREIROS S.A. - EM RECUPERAÇÃO JUDICIAL;26480.0;276797.0;-164637.0;-85680.0;95423.0;68943.0
2018-12-31;SER EDUCACIONAL S.A.;35445.0;388730.0;-244895.0;-108390.0;314731.0;279286.0
2018-12-31;SINQIA S.A.;-3964.0;10760.0;-1724.0;-13000.0;26037.0;30001.0
2018-12-31;SMARTFIT ESCOLA DE GINÁSTICA E DANÇA S.A.;-130377.0;131533.0;286198.0;-569424.0;677353.0;807730.0
2018-12-31;SUZANO HOLDING S.A.;3284992.0;5183657.0;19996921.0;-21963019.0;4405004.0;1120012.0
2018-12-31;SUZANO S.A.;3310620.0;5170850.0;20035049.0;-21962712.0;4387453.0;1076833.0
2018-12-31;SYN PROP & TECH S.A.;45572.0;146722.0;-85196.0;-15954.0;215896.0;170324.0
2018-12-31;TAURUS ARMAS S.A.;20087.0;32011.0;7071.0;-18995.0;26766.0;6679.0
2018-12-31;TRANSMISSORA ALIANÇA DE ENERGIA ELÉTRICA S.A.;-35811.0;1197327.0;-995882.0;-237256.0;20869.0;56680.0
2018-12-31;UNICASA INDÚSTRIA DE MÓVEIS S.A.;-685.0;17542.0;0.0;-18227.0;28788.0;29473.0
2018-12-31;UNIPAR CARBOCLORO S.A.;122983.0;892266.0;-235681.0;-536321.0;201542.0;78559.0
2018-12-31;VALE S.A.;8095027.0;47930771.0;-40529864.0;-926512.0;22412547.0;14317520.0
2018-12-31;VALID SOLUÇÕES S.A.;14714.0;200723.0;-145814.0;-61822.0;311571.0;296857.0
2018-12-31;VAMOS LOCAÇÃO DE CAMINHÕES, MÁQUINAS E EQUIPAMENTOS S.A.;-58443.0;276999.0;-308719.0;-26723.0;58605.0;117048.0
2018-12-31;VIA S.A.;152000.0;841000.0;-99000.0;-590000.0;3711000.0;3559000.0
2018-12-31;VIBRA ENERGIA S/A;2574000.0;3328000.0;-558000.0;-196000.0;3057000.0;483000.0
2018-12-31;VIX LOGÍSTICA S/A;29002.0;-355346.0;406952.0;-22314.0;42852.0;13850.0
2018-12-31;VULCABRAS S.A.;-31876.0;125545.0;-35322.0;-120846.0;68626.0;100502.0
2018-12-31;WETZEL S.A.;-17.0;-787.0;4082.0;-3312.0;6140.0;6157.0
2018-12-31;WLM PART. E COMÉRCIO DE MÁQUINAS E VEÍCULOS S.A.;9714.0;-198.0;6204.0;3708.0;19102.0;9388.0
2018-12-31;YDUQS PARTICIPACOES S.A.;293600.0;1056685.0;-471155.0;-291930.0;818046.0;524446.0
2019-03-31;CTC - CENTRO DE TECNOLOGIA CANAVIEIRA S.A.;-5664.0;74931.0;58792.0;-139371.0;151631.0;157295.0
2019-12-31;AERIS IND. E COM. DE EQUIP. PARA GER. DE ENG. S.A.;-3080.0;121420.0;23859.0;-148359.0;65701.0;68781.0
2019-12-31;ALIANSCE SONAE SHOPPING CENTERS S.A.;10792.0;468296.0;292229.0;-749733.0;32682.0;21890.0
2019-12-31;ALPER CONSULTORIA E CORRETORA DE SEGUROS S.A.;-987.0;5162.0;75883.0;-82032.0;4330.0;5317.0
2019-12-31;ALUPAR INVESTIMENTO S/A;-1950219.0;-108212.0;317455.0;-2159347.0;1025204.0;2975423.0
2019-12-31;AMBEV S.A.;437144.0;18381259.0;-12283464.0;-4838590.0;11900642.0;11463498.0
2019-12-31;AMBIPAR PARTICIPAÇÕES E EMPREENDIMENTOS S.A.;55805.0;72999.0;61227.0;-78421.0;77639.0;21834.0
2019-12-31;AMERICANAS S.A. - EM RECUPERAÇÃO JUDICIAL;415859.0;157938.0;1981609.0;-1723688.0;3535807.0;3119948.0
2019-12-31;ATACADÃO S.A.;675000.0;2665000.0;-186000.0;-1804000.0;5322000.0;4647000.0
2019-12-31;ATOM EMPREENDIMENTOS E PARTICIPAÇÕES S.A.;4751.0;4811.0;-50.0;-10.0;11170.0;6419.0
2019-12-31;AZUL S.A.;478744.0;2594637.0;-913503.0;-1186820.0;1647880.0;1169136.0
2019-12-31;B3 S.A. - BRASIL, BOLSA, BALCÃO;118979.0;3219991.0;-2755881.0;-345131.0;239979.0;121000.0
2019-12-31;BB SEGURIDADE PARTICIPAÇÕES S.A.;1325045.0;925384.0;-5860139.0;6259800.0;7381292.0;6056247.0
2019-12-31;BBM LOGÍSTICA S.A.;43741.0;70287.0;56716.0;-83262.0;62472.0;18731.0
2019-12-31;BLUE TECH SOLUTIONS EQI S.A.;0.0;-3527.0;3527.0;0.0;0.0;0.0
2019-12-31;BR PROPERTIES S.A.;148511.0;254670.0;-875142.0;768983.0;1165337.0;1016826.0
2019-12-31;BRASKEM S.A.;1256243.0;2265275.0;1636768.0;-2666419.0;6803880.0;5547637.0
2019-12-31;BRF S.A.;-798226.0;2521230.0;-4817102.0;1443106.0;4237785.0;5036011.0
2019-12-31;CCR S.A.;-3885.0;4995005.0;-1684703.0;-3315084.0;1263212.0;1267097.0
2019-12-31;CIA SIDERURGICA NACIONAL;-1159049.0;4871879.0;-3788864.0;-2236367.0;1088955.0;2248004.0
2019-12-31;CIA TECIDOS SANTANENSE;6892.0;59326.0;-73553.0;21120.0;11473.0;4581.0
2019-12-31;COGNA EDUCAÇÃO S.A.;-1113928.0;419220.0;-1554534.0;21386.0;371683.0;1485611.0
2019-12-31;CONSTRUTORA ADOLPHO LINDENBERG S.A.;-277.0;-23862.0;8102.0;15483.0;137.0;414.0
2019-12-31;COSAN S.A.;3379697.0;2807999.0;-148225.0;686154.0;6076644.0;2696947.0
2019-12-31;CPFL ENERGIAS RENOVÁVEIS S.A.;-463992.0;737984.0;-647085.0;-554891.0;412579.0;876571.0
2019-12-31;CRUZEIRO DO SUL EDUCACIONAL S.A.;-32370.0;328585.0;-253427.0;-107528.0;22723.0;55093.0
2019-12-31;CURY CONSTRUTORA E INCORPORADORA S.A.;78101.0;142148.0;-65266.0;1219.0;249496.0;171395.0
2019-12-31;D1000 VAREJO FARMA PARTICIPAÇÕES S.A.;-8453.0;61742.0;-45255.0;-24940.0;49166.0;57619.0
2019-12-31;DEXCO S.A.;80982.0;1108492.0;-765961.0;-262975.0;1243223.0;1162241.0
2019-12-31;DOHLER S.A.;18028.0;47342.0;-16466.0;-12848.0;59291.0;41263.0
2019-12-31;ECORODOVIAS INFRAESTRUTURA E LOGÍSTICA S.A.;-794241.0;1403711.0;-554069.0;-1643883.0;1856248.0;2650489.0
2019-12-31;ELETROMIDIA S.A.;15362.0;54315.0;11418.0;-50371.0;38018.0;22656.0
2019-12-31;EMBPAR PARTICIPAÇÕES S/A;-2767.0;5832.0;-3595.0;-5004.0;3826.0;6593.0
2019-12-31;EMBRAER S.A.;4338601.0;3749394.0;-1026415.0;1588652.0;9301642.0;4963041.0
2019-12-31;ENAUTA PARTICIPAÇÕES S.A.;-8760.0;551472.0;-538340.0;-30733.0;51278.0;60038.0
2019-12-31;ENGIE BRASIL ENERGIA S.A.;1454469.0;3621266.0;2062995.0;-4229792.0;3870261.0;2415792.0
2019-12-31;ENJOEI S.A.;-12077.0;-1227.0;-1532.0;-9318.0;3104.0;15181.0
2019-12-31;GERDAU S.A.;-248492.0;1642792.0;-9596.0;-1899451.0;2641652.0;2890144.0
2019-12-31;GRUPO DE MODA SOMA S.A.;4045.0;108008.0;-71282.0;-32681.0;27831.0;23786.0
2019-12-31;GRUPO MATEUS S.A.;135585.0;325750.0;4168.0;-194333.0;398263.0;262678.0
2019-12-31;GRUPO SBF S.A.;-137510.0;-123368.0;104808.0;-118950.0;105308.0;242818.0
2019-12-31;HAPVIDA PARTICIPAÇÕES E INVESTIMENTOS S.A.;38745.0;656779.0;4280662.0;-4898696.0;224229.0;185484.0
2019-12-31;HBR REALTY EMPREENDIMENTOS IMOBILIÁRIOS S.A.;16827.0;202433.0;268551.0;-454157.0;59765.0;42938.0
2019-12-31;HIDROVIAS DO BRASIL S.A.;-90501.0;126689.0;-213820.0;-5726.0;45166.0;135667.0
2019-12-31;HOTEIS OTHON S.A. - EM RECUPERAÇÃO JUDICIAL;2163.0;6897.0;-3387.0;-1347.0;2837.0;674.0
2019-12-31;IGUA SANEAMENTO S.A.;52542.0;21877.0;309904.0;-279239.0;176790.0;124248.0
2019-12-31;IGUATEMI S.A.;22676.0;403155.0;12170.0;-392649.0;46977.0;24301.0
2019-12-31;INTELBRAS S.A.;15826.0;198106.0;-89652.0;-92628.0;401628.0;385802.0
2019-12-31;JSL S.A.;-98509.0;-1999548.0;2118092.0;-217053.0;591815.0;690324.0
2019-12-31;KLABIN S.A.;2606532.0;2953124.0;2021304.0;-2367896.0;8340386.0;5733854.0
2019-12-31;LOCAWEB SERVIÇOS DE INTERNET S.A.;7493.0;82836.0;-610.0;-74733.0;25275.0;17782.0
2019-12-31;MANGELS INDUSTRIAL S.A.;-9584.0;50332.0;-27442.0;-32474.0;26129.0;35713.0
2019-12-31;MELNICK DESENVOLVIMENTO IMOBILIÁRIO S.A.;6249.0;36848.0;-23667.0;-6932.0;9211.0;2962.0
2019-12-31;MILLS LOCAÇÃO, SERVIÇOS E LOGÍSTICA S.A.;64275.0;85893.0;-49858.0;28240.0;124910.0;60635.0
2019-12-31;MITRE REALTY EMPREENDIMENTOS E PARTICIPAÇÕES S.A.;12326.0;-57708.0;46817.0;23217.0;33416.0;21090.0
2019-12-31;MOBLY S.A.;4579.0;-25632.0;59371.0;-29160.0;5823.0;1244.0
2019-12-31;MOURA DUBEUX ENGENHARIA S/A;-3166.0;136793.0;-179128.0;39169.0;14168.0;17334.0
2019-12-31;MPM CORPÓREOS S.A.;-14143.0;55823.0;49752.0;-119718.0;55109.0;69252.0
2019-12-31;OMEGA GERAÇÃO S.A.;789082.0;193619.0;1277536.0;-682073.0;984470.0;195388.0
2019-12-31;ORIZON VALORIZAÇÃO DE RESÍDUOS S.A.;-522.0;59157.0;-19370.0;-40309.0;2317.0;2839.0
2019-12-31;OSX BRASIL S.A.;225.0;303.0;372.0;0.0;1115.0;890.0
2019-12-31;PADTEC HOLDING S.A.;-266.0;-6525.0;0.0;6259.0;3328.0;3594.0
2019-12-31;PARANAPANEMA S.A. - EM RECUPERAÇÃO JUDICIAL;-98632.0;229701.0;-179762.0;-148571.0;118036.0;216668.0
2019-12-31;PBG S/A;192754.0;170827.0;116762.0;-94835.0;275378.0;82624.0
2019-12-31;PETRO RIO S.A.;272404.0;444671.0;1189756.0;-1383308.0;459397.0;186993.0
2019-12-31;POSITIVO TECNOLOGIA S.A.;67366.0;-3671.0;103155.0;-31968.0;460714.0;393348.0
2019-12-31;PRINER SERVIÇOS INDUSTRIAIS S.A.;30757.0;31406.0;18924.0;-19573.0;34157.0;3400.0
2019-12-31;PRÁTICA KLIMAQUIP INDÚSTRIA E COMÉRCIO S.A.;5718.0;8641.0;4244.0;-7167.0;13104.0;7386.0
2019-12-31;QUALITY SOFTWARE S.A.;7724770.0;2956053.0;7163390.0;-2394673.0;12171637.0;4446867.0
2019-12-31;RAIA DROGASIL S.A.;57658.0;749111.0;-688713.0;-2740.0;299226.0;241568.0
2019-12-31;REDE D'OR SÃO LUIZ S.A.;-123324.0;781971.0;3203911.0;-4109206.0;68684.0;192008.0
2019-12-31;REDE ENERGIA PARTICIPAÇÕES S.A.;92347.0;1809580.0;-586271.0;-1130962.0;240257.0;147910.0
2019-12-31;RNI NEGÓCIOS IMOBILIÁRIOS S.A.;15323.0;-63285.0;83262.0;-4654.0;105927.0;90604.0
2019-12-31;ROMI S.A.;47379.0;116056.0;-33908.0;-32667.0;147807.0;100428.0
2019-12-31;ROSSI RESIDENCIAL S.A. - EM RECUPERAÇÃO JUDICIAL;-21994.0;88559.0;-89088.0;-21465.0;25375.0;47369.0
2019-12-31;RUMO S.A.;1821487.0;3524802.0;-905944.0;-798260.0;1963014.0;141527.0
2019-12-31;SARAIVA LIVREIROS S.A. - EM RECUPERAÇÃO JUDICIAL;-74959.0;25268.0;-89964.0;-10263.0;20464.0;95423.0
2019-12-31;SENDAS DISTRIBUIDORA S.A.;3615000.0;3159000.0;4715000.0;-4370000.0;5026000.0;1411000.0
2019-12-31;SEQUOIA LOGÍSTICA E TRANSPORTES S.A.;41089.0;29929.0;82810.0;-71650.0;91599.0;50510.0
2019-12-31;SER EDUCACIONAL S.A.;-99558.0;188440.0;-477643.0;189645.0;215173.0;314731.0
2019-12-31;SIMPAR S.A.;-104411.0;-1944957.0;2121544.0;-280998.0;592431.0;696842.0
2019-12-31;SINQIA S.A.;338948.0;531.0;391846.0;-53429.0;364985.0;26037.0
2019-12-31;SMARTFIT ESCOLA DE GINÁSTICA E DANÇA S.A.;684601.0;502237.0;1090483.0;-882542.0;1351381.0;666780.0
2019-12-31;SUZANO HOLDING S.A.;-1091114.0;7574511.0;3191233.0;-11695305.0;3313890.0;4405004.0
2019-12-31;SUZANO S.A.;-1138326.0;7576437.0;3141809.0;-11695019.0;3249127.0;4387453.0
2019-12-31;SYN PROP & TECH S.A.;185405.0;179591.0;1568260.0;-1562446.0;401301.0;215896.0
2019-12-31;TAURUS ARMAS S.A.;9200.0;108788.0;-32570.0;-67018.0;35966.0;26766.0
2019-12-31;TRANSMISSORA ALIANÇA DE ENERGIA ELÉTRICA S.A.;61693.0;896179.0;979148.0;-1813634.0;82562.0;20869.0
2019-12-31;UNICASA INDÚSTRIA DE MÓVEIS S.A.;16773.0;32134.0;0.0;-15420.0;45561.0;28788.0
2019-12-31;UNIPAR CARBOCLORO S.A.;99983.0;453590.0;-754980.0;293535.0;301525.0;201542.0
2019-12-31;VALE S.A.;7214541.0;47283755.0;-14882672.0;-26537165.0;29627088.0;22412547.0
2019-12-31;VALID SOLUÇÕES S.A.;6951.0;249427.0;-131631.0;-118543.0;318522.0;311571.0
2019-12-31;VAMOS LOCAÇÃO DE CAMINHÕES, MÁQUINAS E EQUIPAMENTOS S.A.;264225.0;-441230.0;707158.0;-1703.0;322830.0;58605.0
2019-12-31;VIA S.A.;-2347000.0;-2196000.0;345000.0;-496000.0;1364000.0;3711000.0
2019-12-31;VIBRA ENERGIA S/A;-695000.0;2899000.0;-3221000.0;-373000.0;2362000.0;3057000.0
2019-12-31;VIVARA PARTICIPAÇÕES S.A.;404946938.0;65509825.0;364186406.0;-24749293.0;435844350.0;30897412.0
2019-12-31;VIX LOGÍSTICA S/A;-3852.0;-570722.0;607213.0;-40330.0;39000.0;42852.0
2019-12-31;VULCABRAS S.A.;-6462.0;203811.0;-29918.0;-180078.0;62164.0;68626.0
2019-12-31;WETZEL S.A.;-2148.0;-5117.0;5746.0;-2777.0;3992.0;6140.0
2019-12-31;WLM PART. E COMÉRCIO DE MÁQUINAS E VEÍCULOS S.A.;-6201.0;21325.0;1612.0;-29138.0;12901.0;19102.0
2019-12-31;YDUQS PARTICIPACOES S.A.;-208934.0;812668.0;-556299.0;-465303.0;609112.0;818046.0
2020-03-31;CTC - CENTRO DE TECNOLOGIA CANAVIEIRA S.A.;114340.0;92509.0;-37343.0;57639.0;265971.0;151631.0
2020-03-31;JALLES MACHADO S.A.;45787.0;440718.0;-112312.0;-282619.0;389082.0;343295.0
2020-12-31;AERIS IND. E COM. DE EQUIP. PARA GER. DE ENG. S.A.;618853.0;-495109.0;1410121.0;-296159.0;684554.0;65701.0
2020-12-31;ALIANSCE SONAE SHOPPING CENTERS S.A.;-19569.0;303913.0;-284554.0;-38928.0;13113.0;32682.0
2020-12-31;ALPER CONSULTORIA E CORRETORA DE SEGUROS S.A.;-1152.0;10179.0;-4257.0;-7074.0;3178.0;4330.0
2020-12-31;ALUPAR INVESTIMENTO S/A;-350595.0;-604806.0;-1049108.0;1290336.0;674609.0;1025204.0
2020-12-31;AMBEV S.A.;5189693.0;18855780.0;-8601995.0;-6799571.0;17090335.0;11900642.0
2020-12-31;AMBIPAR PARTICIPAÇÕES E EMPREENDIMENTOS S.A.;513969.0;9523.0;697884.0;-196541.0;591608.0;77639.0
2020-12-31;AMERICANAS S.A. - EM RECUPERAÇÃO JUDICIAL;3098480.0;-61768.0;5148799.0;-1988551.0;6634287.0;3535807.0
2020-12-31;ATACADÃO S.A.;350000.0;4033000.0;-360000.0;-3323000.0;5672000.0;5322000.0
2020-12-31;ATOM EMPREENDIMENTOS E PARTICIPAÇÕES S.A.;3621.0;3819.0;-179.0;-19.0;14791.0;11170.0
2020-12-31;AZUL S.A.;1416935.0;976230.0;933506.0;-403833.0;3064815.0;1647880.0
2020-12-31;B3 S.A. - BRASIL, BOLSA, BALCÃO;164798.0;2753083.0;-3252762.0;664477.0;404777.0;239979.0
2020-12-31;BB SEGURIDADE PARTICIPAÇÕES S.A.;-5185847.0;2284693.0;-8262562.0;792022.0;2195445.0;7381292.0
2020-12-31;BBM LOGÍSTICA S.A.;-21348.0;86863.0;4780.0;-112991.0;41124.0;62472.0
2020-12-31;BEMOBI MOBILE TECH S.A.;49450.0;86496.0;-401.0;-37005.0;111196.0;61746.0
2020-12-31;BLUE TECH SOLUTIONS EQI S.A.;0.0;-647.0;647.0;0.0;0.0;0.0
2020-12-31;BR PROPERTIES S.A.;-76365.0;179794.0;284531.0;-540690.0;1088972.0;1165337.0
2020-12-31;BRASKEM S.A.;7058972.0;6292991.0;2173222.0;-2721827.0;13862852.0;6803880.0
2020-12-31;BRF S.A.;3338840.0;4417630.0;-587042.0;-1430989.0;7576625.0;4237785.0
2020-12-31;CCR S.A.;2285775.0;4151670.0;-1744530.0;-123001.0;3548987.0;1263212.0
2020-12-31;CIA SIDERURGICA NACIONAL;8855631.0;9576874.0;1185072.0;-1863655.0;9944586.0;1088955.0
2020-12-31;CIA TECIDOS SANTANENSE;1364.0;16731.0;32713.0;-48079.0;12837.0;11473.0
2020-12-31;COGNA EDUCAÇÃO S.A.;1991632.0;256343.0;3269197.0;-1533908.0;2363315.0;371683.0
2020-12-31;CONSTRUTORA ADOLPHO LINDENBERG S.A.;10031.0;-7289.0;37151.0;-19831.0;10168.0;137.0
2020-12-31;COSAN S.A.;-1462591.0;2142815.0;-1537196.0;-2340738.0;4614053.0;6076644.0
2020-12-31;CPFL ENERGIAS RENOVÁVEIS S.A.;-85588.0;1094783.0;-1608455.0;428084.0;326991.0;412579.0
2020-12-31;CRUZEIRO DO SUL EDUCACIONAL S.A.;190182.0;256775.0;315491.0;-382084.0;212905.0;22723.0
2020-12-31;CURY CONSTRUTORA E INCORPORADORA S.A.;41629.0;178080.0;-44867.0;-91584.0;291125.0;249496.0
2020-12-31;D1000 VAREJO FARMA PARTICIPAÇÕES S.A.;157325.0;5804.0;187165.0;-35644.0;206491.0;49166.0
2020-12-31;DEXCO S.A.;485190.0;1507730.0;-68560.0;-965713.0;1728413.0;1243223.0
2020-12-31;DOHLER S.A.;33027.0;46177.0;3965.0;-17115.0;92318.0;59291.0
2020-12-31;ECORODOVIAS INFRAESTRUTURA E LOGÍSTICA S.A.;-514029.0;1471177.0;-933158.0;-1052048.0;1342219.0;1856248.0
2020-12-31;ELETROMIDIA S.A.;48117.0;60365.0;597496.0;-609744.0;86135.0;38018.0
2020-12-31;EMBPAR PARTICIPAÇÕES S/A;10436.0;6066.0;10817.0;-6447.0;14262.0;3826.0
2020-12-31;EMBRAER S.A.;484500.0;-6512364.0;5241843.0;-943297.0;9786142.0;9301642.0
2020-12-31;ENAUTA PARTICIPAÇÕES S.A.;51970.0;827402.0;-655612.0;-178093.0;103248.0;51278.0
2020-12-31;ENGIE BRASIL ENERGIA S.A.;668685.0;1342251.0;323372.0;-996938.0;4538946.0;3870261.0
2020-12-31;ENJOEI S.A.;483603.0;-7271.0;499506.0;-8632.0;486707.0;3104.0
2020-12-31;EUROFARMA LABORATÓRIOS S.A.;987720.0;750500.0;672984.0;-469492.0;1387214.0;399494.0
2020-12-31;GERDAU S.A.;1975552.0;6407906.0;-2493789.0;-2229077.0;4617204.0;2641652.0
2020-12-31;GRUPO DE MODA SOMA S.A.;678940.0;-115393.0;850733.0;-56400.0;706771.0;27831.0
2020-12-31;GRUPO MATEUS S.A.;1714122.0;-234159.0;2590069.0;-641788.0;2112385.0;398263.0
2020-12-31;GRUPO SBF S.A.;408987.0;-508831.0;1293506.0;-375688.0;514295.0;105308.0
2020-12-31;HAPVIDA PARTICIPAÇÕES E INVESTIMENTOS S.A.;-81017.0;1325635.0;-468879.0;-937773.0;143212.0;224229.0
2020-12-31;HBR REALTY EMPREENDIMENTOS IMOBILIÁRIOS S.A.;39286.0;114730.0;7963.0;-83407.0;99051.0;59765.0
2020-12-31;HIDROVIAS DO BRASIL S.A.;169682.0;238432.0;-99383.0;18733.0;214848.0;45166.0
2020-12-31;HOTEIS OTHON S.A. - EM RECUPERAÇÃO JUDICIAL;-1131.0;-11817.0;-1012.0;11698.0;1706.0;2837.0
2020-12-31;IGUA SANEAMENTO S.A.;298222.0;96768.0;320765.0;-119311.0;475012.0;176790.0
2020-12-31;IGUATEMI S.A.;-18364.0;123548.0;1015759.0;-1157671.0;28613.0;46977.0
2020-12-31;INTELBRAS S.A.;351353.0;238330.0;166027.0;-53004.0;752981.0;401628.0
2020-12-31;JSL S.A.;-527240.0;-1331683.0;1034032.0;-229589.0;64575.0;591815.0
2020-12-31;KLABIN S.A.;-3131556.0;5791245.0;-3853373.0;-5069428.0;5208830.0;8340386.0
2020-12-31;LOCAWEB SERVIÇOS DE INTERNET S.A.;379353.0;68230.0;477847.0;-166724.0;404628.0;25275.0
2020-12-31;MANGELS INDUSTRIAL S.A.;1173.0;47803.0;-55891.0;9261.0;27302.0;26129.0
2020-12-31;MELNICK DESENVOLVIMENTO IMOBILIÁRIO S.A.;-2722.0;182696.0;381912.0;-567330.0;6491.0;9213.0
2020-12-31;MILLS LOCAÇÃO, SERVIÇOS E LOGÍSTICA S.A.;253995.0;150228.0;113951.0;-10184.0;378905.0;124910.0
2020-12-31;MITRE REALTY EMPREENDIMENTOS E PARTICIPAÇÕES S.A.;160888.0;-73805.0;791427.0;-556734.0;194304.0;33416.0
2020-12-31;MOBLY S.A.;17701.0;-2882.0;45347.0;-24764.0;23524.0;5823.0
2020-12-31;MOURA DUBEUX ENGENHARIA S/A;35370.0;136565.0;-14381.0;-86814.0;49538.0;14168.0
2020-12-31;MPM CORPÓREOS S.A.;93842.0;108634.0;116387.0;-131179.0;148951.0;55109.0
2020-12-31;OMEGA GERAÇÃO S.A.;-103106.0;207450.0;877616.0;-1188172.0;881364.0;984470.0
2020-12-31;ORIZON VALORIZAÇÃO DE RESÍDUOS S.A.;3727.0;84457.0;-31781.0;-48949.0;6044.0;2317.0
2020-12-31;OSX BRASIL S.A.;-289.0;208.0;2807.0;0.0;826.0;1115.0
2020-12-31;PADTEC HOLDING S.A.;61352.0;3737.0;22123.0;36003.0;64680.0;3328.0
2020-12-31;PARANAPANEMA S.A. - EM RECUPERAÇÃO JUDICIAL;20725.0;133460.0;-29727.0;-83008.0;138761.0;118036.0
2020-12-31;PBG S/A;50947.0;252682.0;-67249.0;-134486.0;326325.0;275378.0
2020-12-31;PETRO RIO S.A.;349876.0;1617546.0;-713295.0;-585142.0;809273.0;459397.0
2020-12-31;PLANO & PLANO DESENVOLVIMENTO IMOBILIÁRIO S.A.;45295.0;739.0;56295.0;-11739.0;204223.0;158928.0
2020-12-31;POSITIVO TECNOLOGIA S.A.;83448.0;-223656.0;351552.0;-43307.0;544162.0;460714.0
2020-12-31;PRINER SERVIÇOS INDUSTRIAIS S.A.;17878.0;-25207.0;118599.0;-75514.0;52035.0;34157.0
2020-12-31;PRÁTICA KLIMAQUIP INDÚSTRIA E COMÉRCIO S.A.;19561.0;22934.0;-408.0;-2965.0;32665.0;13104.0
2020-12-31;QUALITY SOFTWARE S.A.;7224422.0;13039549.0;-7753048.0;1937921.0;19396059.0;12171637.0
2020-12-31;RAIA DROGASIL S.A.;581131.0;1477238.0;-223010.0;-673097.0;880357.0;299226.0
2020-12-31;REDE D'OR SÃO LUIZ S.A.;78200.0;-76949.0;13543396.0;-13388247.0;146884.0;68684.0
2020-12-31;REDE ENERGIA PARTICIPAÇÕES S.A.;509448.0;3244309.0;449673.0;-3184534.0;749705.0;240257.0
2020-12-31;RNI NEGÓCIOS IMOBILIÁRIOS S.A.;-41550.0;-127537.0;16653.0;69334.0;64377.0;105927.0
2020-12-31;ROMI S.A.;47611.0;145634.0;65129.0;-169037.0;195418.0;147807.0
2020-12-31;ROSSI RESIDENCIAL S.A. - EM RECUPERAÇÃO JUDICIAL;-602.0;-1047.0;-15203.0;15648.0;24773.0;25375.0
2020-12-31;RUMO S.A.;5815592.0;2906270.0;5419603.0;-2469266.0;7778606.0;1963014.0
2020-12-31;SARAIVA LIVREIROS S.A. - EM RECUPERAÇÃO JUDICIAL;8139.0;3935.0;4691.0;-487.0;28603.0;20464.0
2020-12-31;SENDAS DISTRIBUIDORA S.A.;-1494000.0;3498000.0;-793000.0;-4787000.0;3532000.0;5026000.0
2020-12-31;SEQUOIA LOGÍSTICA E TRANSPORTES S.A.;317584.0;28350.0;390226.0;-100992.0;409183.0;91599.0
2020-12-31;SER EDUCACIONAL S.A.;464760.0;273252.0;354638.0;-163130.0;679933.0;215173.0
2020-12-31;SIMPAR S.A.;-182830.0;-2177349.0;2379807.0;-385288.0;409601.0;592431.0
2020-12-31;SINQIA S.A.;-43922.0;29725.0;-24533.0;-49114.0;321063.0;364985.0
2020-12-31;SMARTFIT ESCOLA DE GINÁSTICA E DANÇA S.A.;-331770.0;-156265.0;419960.0;-727728.0;1019611.0;1351381.0
2020-12-31;SUZANO HOLDING S.A.;3570588.0;13117638.0;-9790834.0;-739066.0;6884478.0;3313890.0
2020-12-31;SUZANO S.A.;3585930.0;13124636.0;-9785139.0;-736417.0;6835057.0;3249127.0
2020-12-31;SYN PROP & TECH S.A.;-245225.0;120355.0;-465041.0;99461.0;156076.0;401301.0
2020-12-31;TAURUS ARMAS S.A.;55265.0;352007.0;-212275.0;-76358.0;91231.0;35966.0
2020-12-31;TIM S.A.;291242.0;8673871.0;-3089273.0;-5293356.0;2575290.0;2284048.0
2020-12-31;TRANSMISSORA ALIANÇA DE ENERGIA ELÉTRICA S.A.;813469.0;517544.0;-1092971.0;1388896.0;896031.0;82562.0
2020-12-31;UNICASA INDÚSTRIA DE MÓVEIS S.A.;2023.0;28585.0;-40741.0;13905.0;47584.0;45561.0
2020-12-31;UNIPAR CARBOCLORO S.A.;623327.0;1068636.0;-288158.0;-151062.0;924852.0;301525.0
2020-12-31;VALE S.A.;40458474.0;75207873.0;-18040617.0;-24233837.0;70085566.0;29627092.0
2020-12-31;VALID SOLUÇÕES S.A.;168014.0;284509.0;62741.0;-203940.0;486536.0;318522.0
2020-12-31;VAMOS LOCAÇÃO DE CAMINHÕES, MÁQUINAS E EQUIPAMENTOS S.A.;-304425.0;-646504.0;363013.0;-20934.0;18405.0;322830.0
2020-12-31;VIA S.A.;1620000.0;-4221000.0;6285000.0;-444000.0;2984000.0;1364000.0
2020-12-31;VIBRA ENERGIA S/A;996000.0;1818000.0;-241000.0;-581000.0;3358000.0;2362000.0
2020-12-31;VIVARA PARTICIPAÇÕES S.A.;41475029.0;252093016.0;58694990.0;-269312977.0;477319379.0;435844350.0
2020-12-31;VIX LOGÍSTICA S/A;94098.0;220046.0;-79887.0;-46061.0;133098.0;39000.0
2020-12-31;VULCABRAS S.A.;96388.0;16464.0;254309.0;-173701.0;158552.0;62164.0
2020-12-31;WETZEL S.A.;-2635.0;-8122.0;8059.0;-2572.0;1357.0;3992.0
2020-12-31;WLM PART. E COMÉRCIO DE MÁQUINAS E VEÍCULOS S.A.;32664.0;116465.0;-14968.0;-68833.0;45565.0;12901.0
2020-12-31;YDUQS PARTICIPACOES S.A.;1024164.0;1137210.0;2235719.0;-2348765.0;1633276.0;609112.0
2021-03-31;CTC - CENTRO DE TECNOLOGIA CANAVIEIRA S.A.;-52687.0;153405.0;-65433.0;-141229.0;213284.0;265971.0
2021-03-31;JALLES MACHADO S.A.;805018.0;510404.0;532908.0;-238294.0;1194100.0;389082.0
2021-12-31;AERIS IND. E COM. DE EQUIP. PARA GER. DE ENG. S.A.;208379.0;334918.0;267613.0;-394388.0;892933.0;684554.0
2021-12-31;ALIANSCE SONAE SHOPPING CENTERS S.A.;1749.0;600245.0;-289277.0;-309219.0;14862.0;13113.0
2021-12-31;ALPER CONSULTORIA E CORRETORA DE SEGUROS S.A.;3429.0;13276.0;108454.0;-118301.0;6607.0;3178.0
2021-12-31;ALUPAR INVESTIMENTO S/A;-297490.0;1055179.0;-901331.0;-448880.0;377119.0;674609.0
2021-12-31;AMBEV S.A.;-493151.0;22900951.0;-16041823.0;-7734882.0;16597184.0;17090335.0
2021-12-31;AMBIPAR PARTICIPAÇÕES E EMPREENDIMENTOS S.A.;201633.0;164601.0;1891859.0;-1836497.0;793241.0;591608.0
2021-12-31;AMERICANAS S.A. - EM RECUPERAÇÃO JUDICIAL;-3927399.0;-825649.0;-6751770.0;3650020.0;2706888.0;6634287.0
2021-12-31;ATACADÃO S.A.;1273000.0;4444000.0;396000.0;-3567000.0;6945000.0;5672000.0
2021-12-31;ATOM EMPREENDIMENTOS E PARTICIPAÇÕES S.A.;3096.0;9703.0;-6338.0;-269.0;17887.0;14791.0
2021-12-31;AZUL S.A.;8984.0;-310616.0;833891.0;-706146.0;3073799.0;3064815.0
2021-12-31;B3 S.A. - BRASIL, BOLSA, BALCÃO;-107065.0;3213723.0;-1119934.0;-2200854.0;297712.0;404777.0
2021-12-31;BB SEGURIDADE PARTICIPAÇÕES S.A.;1895116.0;2825755.0;-1990675.0;1060036.0;4090561.0;2195445.0
2021-12-31;BBM LOGÍSTICA S.A.;-2542.0;46577.0;24019.0;-73138.0;38582.0;41124.0
2021-12-31;BEMOBI MOBILE TECH S.A.;207989.0;23311.0;549363.0;-354672.0;319185.0;111196.0
2021-12-31;BLUE TECH SOLUTIONS EQI S.A.;0.0;-58.0;58.0;0.0;0.0;0.0
2021-12-31;BR PROPERTIES S.A.;-139547.0;286707.0;192901.0;-619155.0;949425.0;1088972.0
2021-12-31;BRASKEM S.A.;-5182166.0;14786485.0;-16965504.0;-3380676.0;8680686.0;13862852.0
2021-12-31;BRF S.A.;-47805.0;3923636.0;-572476.0;-3548791.0;7528820.0;7576625.0
2021-12-31;CCR S.A.;1044613.0;4590146.0;4668939.0;-8211679.0;4593600.0;3548987.0
2021-12-31;CIA SIDERURGICA NACIONAL;6701894.0;14793263.0;-8529859.0;447928.0;16646480.0;9944586.0
2021-12-31;CIA TECIDOS SANTANENSE;20555.0;45419.0;-71980.0;47117.0;33392.0;12837.0
2021-12-31;COGNA EDUCAÇÃO S.A.;-603878.0;503600.0;-713877.0;-393601.0;1601468.0;2205346.0
2021-12-31;CONSTRUTORA ADOLPHO LINDENBERG S.A.;17113.0;-25475.0;45921.0;-3333.0;27281.0;10168.0
2021-12-31;COSAN S.A.;11560077.0;5221982.0;1049226.0;5005204.0;16174130.0;4614053.0
2021-12-31;CPFL ENERGIAS RENOVÁVEIS S.A.;-237403.0;2199759.0;-1809121.0;-628041.0;89588.0;326991.0
2021-12-31;CRUZEIRO DO SUL EDUCACIONAL S.A.;872080.0;465707.0;497823.0;-91450.0;1084985.0;212905.0
2021-12-31;CURY CONSTRUTORA E INCORPORADORA S.A.;181927.0;382294.0;-83848.0;-116519.0;473052.0;291125.0
2021-12-31;D1000 VAREJO FARMA PARTICIPAÇÕES S.A.;-110134.0;95007.0;-144883.0;-60258.0;96357.0;206491.0
2021-12-31;DEXCO S.A.;-307111.0;1708383.0;-942352.0;-1068845.0;1421302.0;1728413.0
2021-12-31;ECORODOVIAS INFRAESTRUTURA E LOGÍSTICA S.A.;728052.0;1873082.0;2323170.0;-3468200.0;2070271.0;1342219.0
2021-12-31;ELETROMIDIA S.A.;494047.0;220.0;597899.0;-104072.0;580182.0;86135.0
2021-12-31;EMBPAR PARTICIPAÇÕES S/A;45222.0;3762.0;27616.0;13844.0;59484.0;14262.0
2021-12-31;EMBRAER S.A.;474322.0;2853204.0;-2379941.0;-790111.0;10260464.0;9786142.0
2021-12-31;ENAUTA PARTICIPAÇÕES S.A.;727168.0;1442441.0;-518904.0;-197202.0;830416.0;103248.0
2021-12-31;ENGIE BRASIL ENERGIA S.A.;617460.0;1989161.0;-1033476.0;-339053.0;5156406.0;4538946.0
2021-12-31;ENJOEI S.A.;-104165.0;-68003.0;-1057.0;-35105.0;382542.0;486707.0
2021-12-31;EUROFARMA LABORATÓRIOS S.A.;-669842.0;1356818.0;-405537.0;-1649713.0;717372.0;1387214.0
2021-12-31;GERDAU S.A.;-456550.0;12516933.0;-9982642.0;-2996103.0;4160654.0;4617204.0
2021-12-31;GRUPO DE MODA SOMA S.A.;-482710.0;-25932.0;1142884.0;-1599662.0;224061.0;706771.0
2021-12-31;GRUPO MATEUS S.A.;-1235130.0;-104260.0;292536.0;-1423406.0;877255.0;2112385.0
2021-12-31;GRUPO SBF S.A.;35052.0;407081.0;137320.0;-509349.0;549347.0;514295.0
2021-12-31;HAPVIDA PARTICIPAÇÕES E INVESTIMENTOS S.A.;204044.0;212410.0;4330491.0;-4338857.0;347256.0;143212.0
2021-12-31;HBR REALTY EMPREENDIMENTOS IMOBILIÁRIOS S.A.;-48406.0;236323.0;861623.0;-1146352.0;50645.0;99051.0
2021-12-31;HIDROVIAS DO BRASIL S.A.;-138394.0;47731.0;518643.0;-740999.0;76454.0;214848.0
2021-12-31;HOSPITAL MATER DEI S.A.;878993.0;153207.0;1961704.0;-1235918.0;1000200.0;121207.0
2021-12-31;HOTEIS OTHON S.A. - EM RECUPERAÇÃO JUDICIAL;5376.0;-45719.0;-121.0;51216.0;7082.0;1706.0
2021-12-31;IGUA SANEAMENTO S.A.;82923.0;58766.0;5086620.0;-5062463.0;557935.0;475012.0
2021-12-31;IGUATEMI S.A.;10317.0;174439.0;-116868.0;-47254.0;38930.0;28613.0
2021-12-31;INTELBRAS S.A.;187877.0;-42124.0;466544.0;-236543.0;940858.0;752981.0
2021-12-31;JSL S.A.;88376.0;-264369.0;767829.0;-415084.0;152951.0;64575.0
2021-12-31;KLABIN S.A.;1196370.0;4891249.0;-19024.0;-3675855.0;6405200.0;5208830.0
2021-12-31;LOCAWEB SERVIÇOS DE INTERNET S.A.;1179771.0;151769.0;2169475.0;-1141473.0;1584399.0;404628.0
2021-12-31;MANGELS INDUSTRIAL S.A.;6178.0;59612.0;-50186.0;-3248.0;33480.0;27302.0
2021-12-31;MELNICK DESENVOLVIMENTO IMOBILIÁRIO S.A.;9649.0;-136347.0;-143326.0;289322.0;16140.0;6491.0
2021-12-31;MILLS LOCAÇÃO, SERVIÇOS E LOGÍSTICA S.A.;-176186.0;134655.0;-194730.0;-116111.0;202719.0;378905.0
2021-12-31;MITRE REALTY EMPREENDIMENTOS E PARTICIPAÇÕES S.A.;-78779.0;-513981.0;-7663.0;442865.0;115525.0;194304.0
2021-12-31;MOBLY S.A.;248008.0;-339592.0;646905.0;-59305.0;271532.0;23524.0
2021-12-31;MOURA DUBEUX ENGENHARIA S/A;64343.0;108334.0;-31743.0;-12248.0;113881.0;49538.0
2021-12-31;MPM CORPÓREOS S.A.;-5505.0;-30574.0;1632275.0;-1607206.0;143446.0;148951.0
2021-12-31;OMEGA GERAÇÃO S.A.;53443.0;172745.0;-410819.0;291517.0;934807.0;881364.0
2021-12-31;ORIZON VALORIZAÇÃO DE RESÍDUOS S.A.;-3127.0;-93173.0;606279.0;-516233.0;2917.0;6044.0
2021-12-31;OSX BRASIL S.A.;4003.0;4150.0;904.0;75.0;4829.0;826.0
2021-12-31;PADTEC HOLDING S.A.;22788.0;36951.0;518.0;-14456.0;87468.0;64680.0
2021-12-31;PARANAPANEMA S.A. - EM RECUPERAÇÃO JUDICIAL;-98646.0;32501.0;-62232.0;-68915.0;40115.0;138761.0
2021-12-31;PBG S/A;-136607.0;288101.0;-309777.0;-114931.0;189718.0;326325.0
2021-12-31;PET CENTER COMÉRCIO E PARTICIPAÇÕES S.A.;229915.0;165194.0;377377.0;-312656.0;673672.0;443757.0
2021-12-31;PETRO RIO S.A.;161408.0;2183736.0;2627429.0;-4743320.0;970681.0;809273.0
2021-12-31;PLANO & PLANO DESENVOLVIMENTO IMOBILIÁRIO S.A.;-3885.0;73711.0;40291.0;-117887.0;200338.0;204223.0
2021-12-31;POSITIVO TECNOLOGIA S.A.;-185155.0;-145748.0;28564.0;-67034.0;359007.0;544162.0
2021-12-31;PRINER SERVIÇOS INDUSTRIAIS S.A.;14003.0;19554.0;-10069.0;4518.0;66038.0;52035.0
2021-12-31;PRÁTICA KLIMAQUIP INDÚSTRIA E COMÉRCIO S.A.;-11307.0;2968.0;-10382.0;-3893.0;21358.0;32665.0
2021-12-31;QUALITY SOFTWARE S.A.;-6766980.0;666463.0;-5648334.0;-1785109.0;12629079.0;19396059.0
2021-12-31;RAIA DROGASIL S.A.;-524239.0;1550545.0;-1188834.0;-885950.0;356118.0;880357.0
2021-12-31;REDE D'OR SÃO LUIZ S.A.;-22263.0;-121769.0;1751387.0;-1651881.0;124621.0;146884.0
2021-12-31;REDE ENERGIA PARTICIPAÇÕES S.A.;-473933.0;1038650.0;-2319078.0;806495.0;275772.0;749705.0
2021-12-31;RNI NEGÓCIOS IMOBILIÁRIOS S.A.;-6927.0;-105036.0;98842.0;-733.0;57450.0;64377.0
2021-12-31;ROMI S.A.;-95507.0;41657.0;-93636.0;-46227.0;99911.0;195418.0
2021-12-31;ROSSI RESIDENCIAL S.A. - EM RECUPERAÇÃO JUDICIAL;-17263.0;-21896.0;-20064.0;24697.0;7510.0;24773.0
2021-12-31;RUMO S.A.;1669587.0;3340015.0;1297878.0;-3355254.0;9448193.0;7778606.0
2021-12-31;SARAIVA LIVREIROS S.A. - EM RECUPERAÇÃO JUDICIAL;-20581.0;-19986.0;-25923.0;25328.0;8022.0;28603.0
2021-12-31;SEQUOIA LOGÍSTICA E TRANSPORTES S.A.;-240252.0;-87896.0;103419.0;-255775.0;168931.0;409183.0
2021-12-31;SER EDUCACIONAL S.A.;-466229.0;195438.0;-262805.0;-398862.0;213704.0;679933.0
2021-12-31;SIMPAR S.A.;619782.0;-14713651.0;15785450.0;-452017.0;1029383.0;409601.0
2021-12-31;SINQIA S.A.;-296871.0;50115.0;389929.0;-736915.0;24192.0;321063.0
2021-12-31;SMARTFIT ESCOLA DE GINÁSTICA E DANÇA S.A.;938217.0;33528.0;3259344.0;-2348269.0;1957828.0;1019611.0
2021-12-31;SUZANO HOLDING S.A.;6713671.0;17632683.0;-1574728.0;-10395092.0;13598149.0;6884478.0
2021-12-31;SUZANO S.A.;6755719.0;17637493.0;-1573891.0;-10358691.0;13590776.0;6835057.0
2021-12-31;SYN PROP & TECH S.A.;290945.0;2202166.0;-1513199.0;-398022.0;447021.0;156076.0
2021-12-31;TAURUS ARMAS S.A.;94533.0;397939.0;-51818.0;-247536.0;185764.0;91231.0
2021-12-31;TRANSMISSORA ALIANÇA DE ENERGIA ELÉTRICA S.A.;-511207.0;1448574.0;-1830963.0;-128818.0;384824.0;896031.0
2021-12-31;UNICASA INDÚSTRIA DE MÓVEIS S.A.;12666.0;71174.0;1352.0;-59797.0;60250.0;47584.0
2021-12-31;UNIPAR CARBOCLORO S.A.;-593675.0;2289901.0;-1443733.0;-1414177.0;331177.0;924852.0
2021-12-31;VALE S.A.;-4677000.0;136766000.0;-109226000.0;-35288000.0;65409000.0;70086000.0
2021-12-31;VALID SOLUÇÕES S.A.;-96497.0;200974.0;-84591.0;-228236.0;390039.0;486536.0
2021-12-31;VAMOS LOCAÇÃO DE CAMINHÕES, MÁQUINAS E EQUIPAMENTOS S.A.;134756.0;-4872445.0;5085719.0;-78518.0;153161.0;18405.0
2021-12-31;VIA S.A.;-1203000.0;1118000.0;-1363000.0;-958000.0;1781000.0;2984000.0
2021-12-31;VIBRA ENERGIA S/A;267000.0;2276000.0;406000.0;-2415000.0;3625000.0;3358000.0
2021-12-31;VIVARA PARTICIPAÇÕES S.A.;-151731778.0;219771457.0;-163914553.0;-207588682.0;325587601.0;477319379.0
2021-12-31;VIX LOGÍSTICA S/A;50784.0;-548391.0;654407.0;-55232.0;183882.0;133098.0
2021-12-31;VULCABRAS S.A.;-43917.0;98371.0;-49382.0;-91552.0;114635.0;158552.0
2021-12-31;WETZEL S.A.;-635.0;4984.0;5453.0;-11072.0;722.0;1357.0
2021-12-31;WLM PART. E COMÉRCIO DE MÁQUINAS E VEÍCULOS S.A.;10340.0;55443.0;-25801.0;-19302.0;55905.0;45565.0
2021-12-31;YDUQS PARTICIPACOES S.A.;-19880.0;707469.0;215159.0;-942508.0;905461.0;925341.0
2022-03-31;CTC - CENTRO DE TECNOLOGIA CANAVIEIRA S.A.;-7919.0;130625.0;-66385.0;-71080.0;205365.0;213284.0
2022-03-31;JALLES MACHADO S.A.;48558.0;645933.0;-185739.0;-411636.0;1242658.0;1194100.0
2022-12-31;AERIS IND. E COM. DE EQUIP. PARA GER. DE ENG. S.A.;168785.0;-13299.0;270579.0;-87108.0;1061718.0;892933.0
2022-12-31;ALIANSCE SONAE SHOPPING CENTERS S.A.;3394.0;929733.0;461207.0;-1387546.0;18256.0;14862.0
2022-12-31;ALPER CONSULTORIA E CORRETORA DE SEGUROS S.A.;-3831.0;21540.0;145575.0;-170946.0;2776.0;6607.0
2022-12-31;ALUPAR INVESTIMENTO S/A;473362.0;2313705.0;-587073.0;-1244566.0;850481.0;377119.0
2022-12-31;AMBEV S.A.;-1745092.0;20642153.0;-16337906.0;-5004139.0;14852092.0;16597184.0
2022-12-31;AMBIPAR PARTICIPAÇÕES E EMPREENDIMENTOS S.A.;2132101.0;380548.0;3722700.0;-1954393.0;2925342.0;793241.0
2022-12-31;ATACADÃO S.A.;3890000.0;6973000.0;4219000.0;-7302000.0;10835000.0;6945000.0
2022-12-31;ATOM EMPREENDIMENTOS E PARTICIPAÇÕES S.A.;5763.0;7620.0;-1593.0;-264.0;23650.0;17887.0
2022-12-31;AZUL S.A.;-2405451.0;2437315.0;-4203587.0;-639852.0;668348.0;3073799.0
2022-12-31;B3 S.A. - BRASIL, BOLSA, BALCÃO;64530.0;9887484.0;-9558764.0;-264190.0;362242.0;297712.0
2022-12-31;BB SEGURIDADE PARTICIPAÇÕES S.A.;1986057.0;3275011.0;-3925751.0;2636797.0;6076618.0;4090561.0
2022-12-31;BBM LOGÍSTICA S.A.;24621.0;157450.0;-97672.0;-35157.0;63203.0;38582.0
2022-12-31;BEMOBI MOBILE TECH S.A.;40110.0;200912.0;-75320.0;-72297.0;359295.0;319185.0
2022-12-31;BR PROPERTIES S.A.;-660032.0;-267220.0;-4331415.0;3938603.0;289393.0;949425.0
2022-12-31;BRASKEM S.A.;3785788.0;8951739.0;225092.0;-4947273.0;12466474.0;8680686.0
2022-12-31;BRF S.A.;602109.0;1876384.0;2255538.0;-3258787.0;8130929.0;7528820.0
2022-12-31;CCR S.A.;635473.0;6485584.0;-1822275.0;-4023604.0;5229073.0;4593600.0
2022-12-31;CIA SIDERURGICA NACIONAL;-4655124.0;2042793.0;4747026.0;-11454532.0;11991356.0;16646480.0
2022-12-31;CIA TECIDOS SANTANENSE;-6520.0;45697.0;-37360.0;-14854.0;26872.0;33392.0
2022-12-31;COGNA EDUCAÇÃO S.A.;-1479696.0;117347.0;-2036823.0;439780.0;-1479696.0;0.0
2022-12-31;CONSTRUTORA ADOLPHO LINDENBERG S.A.;-1259.0;5279.0;9327.0;-15865.0;26022.0;27281.0
2022-12-31;COSAN S.A.;-2872414.0;9972232.0;8169118.0;-20609423.0;13301716.0;16174130.0
2022-12-31;CPFL ENERGIAS RENOVÁVEIS S.A.;415783.0;2557091.0;-2154009.0;12701.0;505371.0;89588.0
2022-12-31;CRUZEIRO DO SUL EDUCACIONAL S.A.;-232242.0;513684.0;-532697.0;-213229.0;852743.0;1084985.0
2022-12-31;CURY CONSTRUTORA E INCORPORADORA S.A.;186301.0;347366.0;-120053.0;-41012.0;562264.0;375963.0
2022-12-31;D1000 VAREJO FARMA PARTICIPAÇÕES S.A.;-39892.0;102608.0;-97640.0;-44860.0;56465.0;96357.0
2022-12-31;DEXCO S.A.;350428.0;793690.0;1226557.0;-1638478.0;1771730.0;1421302.0
2022-12-31;ECORODOVIAS INFRAESTRUTURA E LOGÍSTICA S.A.;-690812.0;1885829.0;28040.0;-2604681.0;1379459.0;2070271.0
2022-12-31;ELETROMIDIA S.A.;-411361.0;164929.0;-81900.0;-494390.0;168821.0;580182.0
2022-12-31;EMBPAR PARTICIPAÇÕES S/A;-25942.0;-50377.0;24044.0;391.0;33542.0;59484.0
2022-12-31;EMBRAER S.A.;-787169.0;3840872.0;-3374198.0;-594629.0;9473295.0;10260464.0
2022-12-31;ENAUTA PARTICIPAÇÕES S.A.;23522.0;1450365.0;322957.0;-1754491.0;853938.0;830416.0
2022-12-31;ENGIE BRASIL ENERGIA S.A.;-2920519.0;3337493.0;-4473575.0;-1784437.0;2235887.0;5156406.0
2022-12-31;ENJOEI S.A.;-73444.0;-33624.0;-1057.0;-38763.0;309098.0;382542.0
2022-12-31;EUROFARMA LABORATÓRIOS S.A.;-174935.0;1570090.0;558110.0;-2156018.0;542437.0;717372.0
2022-12-31;GERDAU S.A.;-1684791.0;11150338.0;-8256287.0;-4459684.0;2475863.0;4160654.0
2022-12-31;GRUPO DE MODA SOMA S.A.;113496.0;423376.0;-77457.0;-232423.0;337557.0;224061.0
2022-12-31;GRUPO MATEUS S.A.;918392.0;977778.0;540199.0;-599585.0;1795647.0;877255.0
2022-12-31;GRUPO SBF S.A.;-131036.0;138103.0;124742.0;-393881.0;418311.0;549347.0
2022-12-31;HAPVIDA PARTICIPAÇÕES E INVESTIMENTOS S.A.;920659.0;971907.0;-2151136.0;2099888.0;1267915.0;347256.0
2022-12-31;HBR REALTY EMPREENDIMENTOS IMOBILIÁRIOS S.A.;-7338.0;164480.0;-33730.0;-138088.0;43307.0;50645.0
2022-12-31;HIDROVIAS DO BRASIL S.A.;325091.0;514575.0;-140582.0;-32743.0;401545.0;76454.0
2022-12-31;HOSPITAL MATER DEI S.A.;-753786.0;98322.0;-107653.0;-744455.0;246414.0;1000200.0
2022-12-31;HOTEIS OTHON S.A. - EM RECUPERAÇÃO JUDICIAL;2782.0;9112.0;-381.0;-5949.0;9864.0;7082.0
2022-12-31;IGUA SANEAMENTO S.A.;211196.0;272656.0;1512249.0;-1573709.0;769131.0;557935.0
2022-12-31;IGUATEMI S.A.;13234.0;192739.0;231300.0;-410805.0;52164.0;38930.0
2022-12-31;INTELBRAS S.A.;615968.0;626016.0;264990.0;-275038.0;1556826.0;940858.0
2022-12-31;JSL S.A.;322674.0;755264.0;-344976.0;-87614.0;475625.0;152951.0
2022-12-31;KLABIN S.A.;-1721255.0;8420814.0;-2265392.0;-7876677.0;4683945.0;6405200.0
2022-12-31;LOCAWEB SERVIÇOS DE INTERNET S.A.;-136168.0;212918.0;-32369.0;-316717.0;1448231.0;1584399.0
2022-12-31;MANGELS INDUSTRIAL S.A.;-19988.0;119262.0;-83739.0;-55511.0;13492.0;33480.0
2022-12-31;MELNICK DESENVOLVIMENTO IMOBILIÁRIO S.A.;-82.0;-128718.0;90487.0;38149.0;16058.0;16140.0
2022-12-31;MILLS LOCAÇÃO, SERVIÇOS E LOGÍSTICA S.A.;577412.0;144849.0;592675.0;-160112.0;780131.0;202719.0
2022-12-31;MITRE REALTY EMPREENDIMENTOS E PARTICIPAÇÕES S.A.;82308.0;-346424.0;323625.0;105107.0;197833.0;115525.0
2022-12-31;MOBLY S.A.;-35209.0;13135.0;-21598.0;-26746.0;236323.0;271532.0
2022-12-31;MOURA DUBEUX ENGENHARIA S/A;76293.0;77964.0;11499.0;-13170.0;190174.0;113881.0
2022-12-31;MPM CORPÓREOS S.A.;94948.0;9833.0;237355.0;-152240.0;238394.0;143446.0
2022-12-31;OMEGA GERAÇÃO S.A.;-193922.0;211756.0;-269840.0;-135838.0;740885.0;934807.0
2022-12-31;ORIZON VALORIZAÇÃO DE RESÍDUOS S.A.;165958.0;12667.0;443530.0;-290239.0;168875.0;2917.0
2022-12-31;OSX BRASIL S.A.;12978.0;12317.0;-868.0;442.0;17807.0;4829.0
2022-12-31;PADTEC HOLDING S.A.;-37848.0;-55776.0;28331.0;-7991.0;49620.0;87468.0
2022-12-31;PARANAPANEMA S.A. - EM RECUPERAÇÃO JUDICIAL;-37615.0;217756.0;-165310.0;-90061.0;2500.0;40115.0
2022-12-31;PBG S/A;66370.0;227015.0;45327.0;-205972.0;256088.0;189718.0
2022-12-31;PET CENTER COMÉRCIO E PARTICIPAÇÕES S.A.;-488261.0;202790.0;-294645.0;-396406.0;185411.0;673672.0
2022-12-31;PETRO RIO S.A.;8642280.0;4927159.0;4009917.0;-175963.008234919;9612961.0;970681.0
2022-12-31;PLANO & PLANO DESENVOLVIMENTO IMOBILIÁRIO S.A.;53899.0;68614.0;7329.0;-22044.0;254237.0;200338.0
2022-12-31;POSITIVO TECNOLOGIA S.A.;67569.0;-329969.0;552079.0;-155602.0;426576.0;359007.0
2022-12-31;PRINER SERVIÇOS INDUSTRIAIS S.A.;39001.0;93304.0;27012.0;-81315.0;105039.0;66038.0
2022-12-31;PRÁTICA KLIMAQUIP INDÚSTRIA E COMÉRCIO S.A.;13318.0;17012.0;3667.0;-7361.0;34676.0;21358.0
2022-12-31;QUALITY SOFTWARE S.A.;8681800.0;8548364.0;37623903.0;-37490467.0;21310879.0;12629079.0
2022-12-31;RAIA DROGASIL S.A.;77423.0;1682255.0;-375250.0;-1229582.0;433541.0;356118.0
2022-12-31;REDE D'OR SÃO LUIZ S.A.;985175.0;1318303.0;2636076.0;-2969204.0;1109796.0;124621.0
2022-12-31;REDE ENERGIA PARTICIPAÇÕES S.A.;67726.0;3818142.0;-1446836.0;-2303580.0;343498.0;275772.0
2022-12-31;RNI NEGÓCIOS IMOBILIÁRIOS S.A.;13106.0;-150287.0;189874.0;-26481.0;70556.0;57450.0
2022-12-31;ROMI S.A.;32088.0;111069.0;73290.0;-155434.0;131999.0;99911.0
2022-12-31;ROSSI RESIDENCIAL S.A. - EM RECUPERAÇÃO JUDICIAL;-4367.0;29507.0;-31573.0;-2301.0;3143.0;7510.0
2022-12-31;RUMO S.A.;-2062772.0;4830993.0;-5983722.0;-886313.0;7385421.0;9448193.0
2022-12-31;SARAIVA LIVREIROS S.A. - EM RECUPERAÇÃO JUDICIAL;-6118.0;18468.0;-23985.0;-601.0;1904.0;8022.0
2022-12-31;SEQUOIA LOGÍSTICA E TRANSPORTES S.A.;-49581.0;51916.0;-11115.0;-90382.0;119350.0;168931.0
2022-12-31;SER EDUCACIONAL S.A.;-32940.0;146767.0;242556.0;-422263.0;180764.0;213704.0
2022-12-31;SIMPAR S.A.;688642.0;-6842547.0;9326225.0;-1795036.0;1718025.0;1029383.0
2022-12-31;SINQIA S.A.;13749.0;125896.0;-23560.0;-88587.0;37941.0;24192.0
2022-12-31;SMARTFIT ESCOLA DE GINÁSTICA E DANÇA S.A.;706410.0;533830.0;-528235.0;-647335.0;1251418.0;1957828.0
2022-12-31;SUZANO HOLDING S.A.;-4024202.0;21636179.0;-8081019.0;-16976882.0;9573947.0;13598149.0
2022-12-31;SUZANO S.A.;-4084825.0;21640620.0;-8107207.0;-17015758.0;9505951.0;13590776.0
2022-12-31;SYN PROP & TECH S.A.;-314626.0;17618.0;-691559.0;359315.0;132395.0;447021.0
2022-12-31;TAURUS ARMAS S.A.;15455.0;525345.0;-236860.0;-280458.0;201219.0;185764.0
2022-12-31;TIM S.A.;-2679902.0;9429075.0;-3489032.0;-8619945.0;2548713.0;5228615.0
2022-12-31;TRANSMISSORA ALIANÇA DE ENERGIA ELÉTRICA S.A.;698350.0;2010871.0;-1001313.0;-311208.0;1083174.0;384824.0
2022-12-31;UNICASA INDÚSTRIA DE MÓVEIS S.A.;-36722.0;6073.0;-12814.0;-30225.0;23528.0;60250.0
2022-12-31;UNIPAR CARBOCLORO S.A.;70945.0;2036327.0;-1673236.0;-58814.0;402122.0;331177.0
2022-12-31;VALE S.A.;-40698000.0;58201000.0;-71005000.0;-24176000.0;24711000.0;65409000.0
2022-12-31;VALID SOLUÇÕES S.A.;-24878.0;544233.0;-485988.0;-83089.0;365161.0;390039.0
2022-12-31;VAMOS LOCAÇÃO DE CAMINHÕES, MÁQUINAS E EQUIPAMENTOS S.A.;-68663.0;-2318972.0;2391269.0;-140960.0;84498.0;153161.0
2022-12-31;VIA S.A.;238000.0;3079000.0;-1913000.0;-928000.0;2019000.0;1781000.0
2022-12-31;VIBRA ENERGIA S/A;520000.0;1263000.0;1240000.0;-2011000.0;4145000.0;3625000.0
2022-12-31;VIVARA PARTICIPAÇÕES S.A.;-165551622.0;63309070.0;-196410856.0;-32449836.0;160035979.0;325587601.0
2022-12-31;VIX LOGÍSTICA S/A;-125684.0;-101189.0;57825.0;-82307.0;59362.0;185046.0
2022-12-31;VULCABRAS S.A.;82562.0;300625.0;-62889.0;-156308.0;197197.0;114635.0
2022-12-31;WETZEL S.A.;529.0;6028.0;3782.0;-9281.0;1251.0;722.0
2022-12-31;WLM PART. E COMÉRCIO DE MÁQUINAS E VEÍCULOS S.A.;-33130.0;-144307.0;13673.0;97504.0;22775.0;55905.0
2022-12-31;YDUQS PARTICIPACOES S.A.;-504411.0;716865.0;-1166854.0;-52422.0;401050.0;905461.0
