DT_REFER;DENOM_CIA;Custo dos Bens e/ou Serviços Vendidos;Lucro/Prejuízo Consolidado do Período;Receita de Venda de Bens e/ou Serviços
2010-12-31;ALIANSCE SONAE SHOPPING CENTERS S.A.;-34738.0;212760.0;185009.0
2010-12-31;ALPER CONSULTORIA E CORRETORA DE SEGUROS S.A.;0.0;13071.0;14253.0
2010-12-31;ALUPAR INVESTIMENTO S/A;-619132.0;448474.0;1327336.0
2010-12-31;B3 S.A. - BRASIL, BOLSA, BALCÃO;-212797.0;1144486.0;2102554.0
2010-12-31;BR PROPERTIES S.A.;0.0;813368.0;204464.0
2010-12-31;BRASKEM S.A.;-21411775.0;1889485.0;25494817.0
2010-12-31;BRF S.A.;-16951152.0;804996.0;22681253.0
2010-12-31;CCR S.A.;-2454652.0;677508.0;4657256.0
2010-12-31;CIA SIDERURGICA NACIONAL;-7686742.0;2516191.0;14450510.0
2010-12-31;CIA TECIDOS SANTANENSE;-234883.0;22724.0;316344.0
2010-12-31;COGNA EDUCAÇÃO S.A.;-434404.0;-29623.0;599681.0
2010-12-31;CONSTRUTORA ADOLPHO LINDENBERG S.A.;-3908.0;-4698.0;8870.0
2010-12-31;CPFL ENERGIAS RENOVÁVEIS S.A.;-63715.0;-15713.0;104167.0
2010-12-31;DOHLER S.A.;-187517.0;12388.0;246601.0
2010-12-31;ECORODOVIAS INFRAESTRUTURA E LOGÍSTICA S.A.;-623618.0;594039.0;1427608.0
2010-12-31;EMBPAR PARTICIPAÇÕES S/A;-930995.0;-3049.0;1097430.0
2010-12-31;EMBRAER S.A.;-7582662.0;600178.0;9380625.0
2010-12-31;ENAUTA PARTICIPAÇÕES S.A.;-57158.0;35595.0;142242.0
2010-12-31;ENGIE BRASIL ENERGIA S.A.;-1888072.0;1211649.0;4100381.0
2010-12-31;GERDAU S.A.;-25873476.0;2457379.0;31393209.0
2010-12-31;HOTEIS OTHON S.A. - EM RECUPERAÇÃO JUDICIAL;-36862.0;-17129.0;111370.0
2010-12-31;JSL S.A.;-1673373.0;93041.0;2028459.0
2010-12-31;KLABIN S.A.;-2292478.0;582152.0;3663317.0
2010-12-31;MANGELS INDUSTRIAL S.A.;-655574.0;21510.0;783277.0
2010-12-31;MOURA DUBEUX ENGENHARIA S/A;-365896.0;159190.0;606754.0
2010-12-31;OSX BRASIL S.A.;-8267.0;-77176.0;8834.0
2010-12-31;PADTEC HOLDING S.A.;-863419.0;-35468.0;1075999.0
2010-12-31;PBG S/A;-347971.0;32304.0;511415.0
2010-12-31;PETRO RIO S.A.;-14418.0;-142370.0;15593.0
2010-12-31;POSITIVO TECNOLOGIA S.A.;-1692065.0;89196.0;2327605.0
2010-12-31;REDE ENERGIA PARTICIPAÇÕES S.A.;-5431906.0;-374848.0;6860728.0
2010-12-31;RNI NEGÓCIOS IMOBILIÁRIOS S.A.;-483041.0;71653.0;705124.0
2010-12-31;RUMO S.A.;-1537171.0;239879.0;2753531.0
2010-12-31;SARAIVA LIVREIROS S.A. - EM RECUPERAÇÃO JUDICIAL;-890082.0;61023.0;1564936.0
2010-12-31;SER EDUCACIONAL S.A.;-50403.0;35719.0;141296.0
2010-12-31;SUZANO HOLDING S.A.;-3148955.0;764060.0;4519675.0
2010-12-31;SUZANO S.A.;-3148502.0;768997.0;4513883.0
2010-12-31;TAURUS ARMAS S.A.;-382211.0;70310.0;671558.0
2010-12-31;TRANSMISSORA ALIANÇA DE ENERGIA ELÉTRICA S.A.;-70574.0;428630.0;798594.0
2010-12-31;TRONOX PIGMENTOS DO BRASIL S.A.;-265375.0;-26922.0;283181.0
2010-12-31;UNIPAR CARBOCLORO S.A.;-193921.0;30296.0;316234.0
2010-12-31;VALE S.A.;-33756067.0;30421492.0;83225007.0
2010-12-31;VALID SOLUÇÕES S.A.;-560068.0;93920.0;756849.0
2010-12-31;VIX LOGÍSTICA S/A;-583189891.0;36423183.0;703642234.0
2010-12-31;VULCABRAS S.A.;-1351390.0;121009.0;1953133.0
2010-12-31;WLM PART. E COMÉRCIO DE MÁQUINAS E VEÍCULOS S.A.;-844472.0;55122.0;982786.0
2010-12-31;YDUQS PARTICIPACOES S.A.;-696957.0;80660.0;1016156.0
2011-03-31;COSAN S.A.;-15150079.0;776562.0;18063480.0
2011-12-31;ALIANSCE SONAE SHOPPING CENTERS S.A.;-36809.0;364307.0;219185.0
2011-12-31;ALPER CONSULTORIA E CORRETORA DE SEGUROS S.A.;0.0;109791.0;145376.0
2011-12-31;ALUPAR INVESTIMENTO S/A;-373051.0;439044.0;1213645.0
2011-12-31;B3 S.A. - BRASIL, BOLSA, BALCÃO;-211299.0;1048529.0;2115983.0
2011-12-31;BR PROPERTIES S.A.;0.0;335409.0;343464.0
2011-12-31;BRASKEM S.A.;-29317951.0;-516839.0;33176160.0
2011-12-31;BRF S.A.;-19046963.0;1365089.0;25706238.0
2011-12-31;CCR S.A.;-2282075.0;910769.0;5134296.0
2011-12-31;CIA SIDERURGICA NACIONAL;-9800844.0;3667234.0;16519584.0
2011-12-31;CIA TECIDOS SANTANENSE;-285470.0;24372.0;370375.0
2011-12-31;COGNA EDUCAÇÃO S.A.;-493454.0;37375.0;734553.0
2011-12-31;CONSTRUTORA ADOLPHO LINDENBERG S.A.;-11134.0;-6576.0;18686.0
2011-12-31;CPFL ENERGIAS RENOVÁVEIS S.A.;-41043.0;70937.0;171854.0
2011-12-31;DOHLER S.A.;-213264.0;24143.0;301088.0
2011-12-31;ECORODOVIAS INFRAESTRUTURA E LOGÍSTICA S.A.;-813023.0;387566.0;1827371.0
2011-12-31;EMBPAR PARTICIPAÇÕES S/A;-823673.0;-47872.0;948616.0
2011-12-31;EMBRAER S.A.;-7638825.0;171254.0;9858055.0
2011-12-31;ENAUTA PARTICIPAÇÕES S.A.;-128722.0;92137.0;289007.0
2011-12-31;ENGIE BRASIL ENERGIA S.A.;-1860623.0;1448106.0;4326951.0
2011-12-31;GERDAU S.A.;-30298232.0;2097576.0;35406780.0
2011-12-31;HIDROVIAS DO BRASIL S.A.;0.0;-11012.0;0.0
2011-12-31;HOTEIS OTHON S.A. - EM RECUPERAÇÃO JUDICIAL;-41960.0;-47652.0;130295.0
2011-12-31;JSL S.A.;-2014509.0;56885.0;2408237.0
2011-12-31;KLABIN S.A.;-2556865.0;182721.0;3889151.0
2011-12-31;MANGELS INDUSTRIAL S.A.;-626001.0;-32601.0;722904.0
2011-12-31;MOURA DUBEUX ENGENHARIA S/A;-493522.0;97742.0;695062.0
2011-12-31;OSX BRASIL S.A.;-81460.0;4685.0;144233.0
2011-12-31;PADTEC HOLDING S.A.;-1155500.0;-22233.0;1391916.0
2011-12-31;PBG S/A;-400653.0;24390.0;586806.0
2011-12-31;PETRO RIO S.A.;-9429.0;-304035.0;9937.0
2011-12-31;POSITIVO TECNOLOGIA S.A.;-1628298.0;-67907.0;2081291.0
2011-12-31;RAIA DROGASIL S.A.;-2011471.0;68696.0;2729392.0
2011-12-31;REDE ENERGIA PARTICIPAÇÕES S.A.;-6094653.0;-730983.0;7782422.0
2011-12-31;RNI NEGÓCIOS IMOBILIÁRIOS S.A.;-580128.0;57892.0;746684.0
2011-12-31;RUMO S.A.;-1831600.0;251282.0;3173215.0
2011-12-31;SARAIVA LIVREIROS S.A. - EM RECUPERAÇÃO JUDICIAL;-1085598.0;64921.0;1888967.0
2011-12-31;SER EDUCACIONAL S.A.;-71816.0;31552.0;183517.0
2011-12-31;SUZANO HOLDING S.A.;-3772162.0;38031.0;4852263.0
2011-12-31;SUZANO S.A.;-3771937.0;29891.0;4847988.0
2011-12-31;TAURUS ARMAS S.A.;-353700.0;37337.0;617968.0
2011-12-31;TRANSMISSORA ALIANÇA DE ENERGIA ELÉTRICA S.A.;-64090.0;495399.0;997244.0
2011-12-31;TRONOX PIGMENTOS DO BRASIL S.A.;-294863.0;32810.0;381413.0
2011-12-31;UNIPAR CARBOCLORO S.A.;-211248.0;4448.0;345351.0
2011-12-31;VALE S.A.;-40488870.0;37400224.0;103195407.0
2011-12-31;VALID SOLUÇÕES S.A.;-628791.0;111820.0;873919.0
2011-12-31;VIX LOGÍSTICA S/A;-564900.0;34129.0;687367.0
2011-12-31;VULCABRAS S.A.;-1319889.0;-315989.0;1529197.0
2011-12-31;WLM PART. E COMÉRCIO DE MÁQUINAS E VEÍCULOS S.A.;-794457.0;38148.0;939162.0
2011-12-31;YDUQS PARTICIPACOES S.A.;-765535.0;70155.0;1148437.0
2012-03-31;COSAN S.A.;-21465009.0;2644790.0;24096881.0
2012-12-31;ALIANSCE SONAE SHOPPING CENTERS S.A.;-43177.0;309795.0;256851.0
2012-12-31;ALPER CONSULTORIA E CORRETORA DE SEGUROS S.A.;0.0;117528.0;227977.0
2012-12-31;ALUPAR INVESTIMENTO S/A;-290173.0;538938.0;1258640.0
2012-12-31;B3 S.A. - BRASIL, BOLSA, BALCÃO;0.0;1074256.0;2064750.0
2012-12-31;BR PROPERTIES S.A.;0.0;1227428.0;630825.0
2012-12-31;BRASKEM S.A.;-32209958.0;-738305.0;35513397.0
2012-12-31;BRF S.A.;-22063563.0;820667.0;28517383.0
2012-12-31;CCR S.A.;-2525380.0;1192373.0;5767698.0
2012-12-31;CIA SIDERURGICA NACIONAL;-12072206.0;-480574.0;16896264.0
2012-12-31;CIA TECIDOS SANTANENSE;-274216.0;32024.0;371627.0
2012-12-31;COGNA EDUCAÇÃO S.A.;-762841.0;202044.0;1405566.0
2012-12-31;CONSTRUTORA ADOLPHO LINDENBERG S.A.;-16690.0;3031.0;32496.0
2012-12-31;CPFL ENERGIAS RENOVÁVEIS S.A.;-387815.0;8261.0;806420.0
2012-12-31;DOHLER S.A.;-225821.0;21001.0;313678.0
2012-12-31;ECORODOVIAS INFRAESTRUTURA E LOGÍSTICA S.A.;-1162350.0;427045.0;2409107.0
2012-12-31;EMBPAR PARTICIPAÇÕES S/A;-713458.0;-34159.0;819566.0
2012-12-31;EMBRAER S.A.;-9248569.0;699008.0;12201715.0
2012-12-31;ENAUTA PARTICIPAÇÕES S.A.;-182801.0;82468.0;462306.0
2012-12-31;ENGIE BRASIL ENERGIA S.A.;-2130934.0;1499923.0;4912499.0
2012-12-31;GERDAU S.A.;-33234102.0;1496240.0;37981668.0
2012-12-31;HIDROVIAS DO BRASIL S.A.;-2435.0;-15535.0;4175.0
2012-12-31;HOTEIS OTHON S.A. - EM RECUPERAÇÃO JUDICIAL;-44870.0;-27889.0;152651.0
2012-12-31;IGUA SANEAMENTO S.A.;-249695.0;-12388.0;355209.0
2012-12-31;JSL S.A.;-3316013.0;77735.0;4021596.0
2012-12-31;KLABIN S.A.;-1937160.0;751965.0;4163670.0
2012-12-31;MANGELS INDUSTRIAL S.A.;-401351.0;-148897.0;474319.0
2012-12-31;MOURA DUBEUX ENGENHARIA S/A;-684601.0;100774.0;895009.0
2012-12-31;OSX BRASIL S.A.;-260130.0;-32724.0;433773.0
2012-12-31;PADTEC HOLDING S.A.;-1450392.0;-20613.0;1704627.0
2012-12-31;PBG S/A;-456052.0;65675.0;706471.0
2012-12-31;PETRO RIO S.A.;-3123.0;-277566.0;6746.0
2012-12-31;POSITIVO TECNOLOGIA S.A.;-1655703.0;30190.0;2195474.0
2012-12-31;RAIA DROGASIL S.A.;-3888079.0;104855.0;5380728.0
2012-12-31;REDE ENERGIA PARTICIPAÇÕES S.A.;-2895797.0;-1239394.0;3642217.0
2012-12-31;RNI NEGÓCIOS IMOBILIÁRIOS S.A.;-554694.0;84357.0;798696.0
2012-12-31;RUMO S.A.;-2178231.0;243367.0;3568578.0
2012-12-31;SARAIVA LIVREIROS S.A. - EM RECUPERAÇÃO JUDICIAL;-1083686.0;77015.0;1923585.0
2012-12-31;SER EDUCACIONAL S.A.;-102187.0;64256.0;283285.0
2012-12-31;SUZANO HOLDING S.A.;-4036276.0;-168849.0;5194591.0
2012-12-31;SUZANO S.A.;-4036276.0;-182126.0;5192292.0
2012-12-31;TAURUS ARMAS S.A.;-434237.0;-117210.0;700971.0
2012-12-31;TRANSMISSORA ALIANÇA DE ENERGIA ELÉTRICA S.A.;-108823.0;589182.0;1223676.0
2012-12-31;TRONOX PIGMENTOS DO BRASIL S.A.;-349037.0;50118.0;455774.0
2012-12-31;UNIPAR CARBOCLORO S.A.;-208736.0;39282.0;355386.0
2012-12-31;VALE S.A.;-51997384.0;9232934.0;93511482.0
2012-12-31;VALID SOLUÇÕES S.A.;-659560.0;102829.0;937139.0
2012-12-31;VIX LOGÍSTICA S/A;-644871.0;50620.0;795239.0
2012-12-31;VULCABRAS S.A.;-1144472.0;-307957.0;1483125.0
2012-12-31;WLM PART. E COMÉRCIO DE MÁQUINAS E VEÍCULOS S.A.;-685131.0;34582.0;812481.0
2012-12-31;YDUQS PARTICIPACOES S.A.;-877360.0;109687.0;1383288.0
2013-03-31;COSAN S.A.;-26684266.0;868315.0;30016488.0
2013-12-31;ALIANSCE SONAE SHOPPING CENTERS S.A.;-58715.0;368497.0;275754.0
2013-12-31;ALPER CONSULTORIA E CORRETORA DE SEGUROS S.A.;0.0;108605.0;257848.0
2013-12-31;ALUPAR INVESTIMENTO S/A;-258699.0;654968.0;1290831.0
2013-12-31;AMBEV S.A.;-11397801.0;11354070.0;34791391.0
2013-12-31;B3 S.A. - BRASIL, BOLSA, BALCÃO;0.0;1080947.0;2131795.0
2013-12-31;BR PROPERTIES S.A.;0.0;70312.0;923670.0
2013-12-31;BRASKEM S.A.;-35820761.0;507038.0;40969490.0
2013-12-31;BRF S.A.;-22953145.0;1066837.0;30521246.0
2013-12-31;CCR S.A.;-2805722.0;1367884.0;6016558.0
2013-12-31;CIA SIDERURGICA NACIONAL;-12422706.0;533994.0;17312432.0
2013-12-31;CIA TECIDOS SANTANENSE;-294676.0;35381.0;385145.0
2013-12-31;COGNA EDUCAÇÃO S.A.;-922388.0;516571.0;2015942.0
2013-12-31;CONSTRUTORA ADOLPHO LINDENBERG S.A.;-22879.0;18756.0;43021.0
2013-12-31;COSAN S.A.;-4878229.0;523248.0;6878214.0
2013-12-31;CPFL ENERGIAS RENOVÁVEIS S.A.;-573548.0;-55017.0;1018611.0
2013-12-31;DOHLER S.A.;-244295.0;40114.0;368302.0
2013-12-31;ECORODOVIAS INFRAESTRUTURA E LOGÍSTICA S.A.;-1346606.0;399512.0;2639059.0
2013-12-31;EMBPAR PARTICIPAÇÕES S/A;-1067104.0;27475.0;1193451.0
2013-12-31;EMBRAER S.A.;-10540019.0;786410.0;13635846.0
2013-12-31;ENAUTA PARTICIPAÇÕES S.A.;-209899.0;192242.0;486088.0
2013-12-31;ENGIE BRASIL ENERGIA S.A.;-2911860.0;1436747.0;5568658.0
2013-12-31;GERDAU S.A.;-34728460.0;1693702.0;39863037.0
2013-12-31;HIDROVIAS DO BRASIL S.A.;-3897.0;-28963.0;3088.0
2013-12-31;HOTEIS OTHON S.A. - EM RECUPERAÇÃO JUDICIAL;-51900.0;112193.0;174236.0
2013-12-31;IGUA SANEAMENTO S.A.;-345897.0;19624.0;487104.0
2013-12-31;JSL S.A.;-3985783.0;93570.0;4746520.0
2013-12-31;KLABIN S.A.;-2870628.0;290097.0;4599337.0
2013-12-31;MANGELS INDUSTRIAL S.A.;-430103.0;-137260.0;460995.0
2013-12-31;MOURA DUBEUX ENGENHARIA S/A;-591818.0;117617.0;824445.0
2013-12-31;OMEGA GERAÇÃO S.A.;-28704.0;-16878.0;48642.0
2013-12-31;OSX BRASIL S.A.;-303678.0;-2399842.0;745123.0
2013-12-31;PADTEC HOLDING S.A.;-1312550.0;-15501.0;1538362.0
2013-12-31;PBG S/A;-530279.0;90511.0;834032.0
2013-12-31;PETRO RIO S.A.;-2267.0;-2237870.0;4395.0
2013-12-31;POSITIVO TECNOLOGIA S.A.;-2017408.0;15590.0;2566533.0
2013-12-31;RAIA DROGASIL S.A.;-4512743.0;100985.0;6232919.0
2013-12-31;REDE ENERGIA PARTICIPAÇÕES S.A.;-58827.0;-129518.0;99723.0
2013-12-31;RNI NEGÓCIOS IMOBILIÁRIOS S.A.;-512788.0;129787.0;753544.0
2013-12-31;RUMO S.A.;-2156521.0;27978.0;3641426.0
2013-12-31;SARAIVA LIVREIROS S.A. - EM RECUPERAÇÃO JUDICIAL;-1240398.0;13021.0;2143751.0
2013-12-31;SER EDUCACIONAL S.A.;-180170.0;116297.0;456761.0
2013-12-31;SUZANO HOLDING S.A.;-4191224.0;-208759.0;5689559.0
2013-12-31;SUZANO S.A.;-4190315.0;-220459.0;5688625.0
2013-12-31;TAURUS ARMAS S.A.;-565619.0;-80310.0;807340.0
2013-12-31;TRANSMISSORA ALIANÇA DE ENERGIA ELÉTRICA S.A.;-218583.0;892852.0;1447851.0
2013-12-31;TRONOX PIGMENTOS DO BRASIL S.A.;-370626.0;11514.0;404945.0
2013-12-31;UNICASA INDÚSTRIA DE MÓVEIS S.A.;-154868.0;13709.0;257919.0
2013-12-31;VALE S.A.;-52510638.0;-257964.0;101489747.0
2013-12-31;VALID SOLUÇÕES S.A.;-873026.0;91727.0;1174992.0
2013-12-31;VIX LOGÍSTICA S/A;-839731.0;61825.0;1014652.0
2013-12-31;VULCABRAS S.A.;-1050703.0;-126685.0;1326837.0
2013-12-31;WLM PART. E COMÉRCIO DE MÁQUINAS E VEÍCULOS S.A.;-980115.0;19362.0;1134715.0
2013-12-31;YDUQS PARTICIPACOES S.A.;-1036536.0;244707.0;1731010.0
2014-12-31;ALIANSCE SONAE SHOPPING CENTERS S.A.;-75678.0;274771.0;318724.0
2014-12-31;ALPER CONSULTORIA E CORRETORA DE SEGUROS S.A.;0.0;16128.0;226392.0
2014-12-31;ALUPAR INVESTIMENTO S/A;-345806.0;751658.0;1474108.0
2014-12-31;AMBEV S.A.;-12814588.0;12362019.0;38079786.0
2014-12-31;B3 S.A. - BRASIL, BOLSA, BALCÃO;0.0;977914.0;2030433.0
2014-12-31;BR PROPERTIES S.A.;0.0;267341.0;836788.0
2014-12-31;BRASKEM S.A.;-40057341.0;726301.0;46031389.0
2014-12-31;BRF S.A.;-20497430.0;2224877.0;29006843.0
2014-12-31;CCR S.A.;-4110174.0;1349693.0;7397194.0
2014-12-31;CIA SIDERURGICA NACIONAL;-11592382.0;-112267.0;16126232.0
2014-12-31;CIA TECIDOS SANTANENSE;-339453.0;959.0;406434.0
2014-12-31;COGNA EDUCAÇÃO S.A.;-1643130.0;1000600.0;3774475.0
2014-12-31;CONSTRUTORA ADOLPHO LINDENBERG S.A.;-23663.0;8341.0;45025.0
2014-12-31;COSAN S.A.;-5803359.0;643292.0;8146863.0
2014-12-31;CPFL ENERGIAS RENOVÁVEIS S.A.;-764323.0;-167361.0;1247627.0
2014-12-31;DOHLER S.A.;-268559.0;42267.0;396303.0
2014-12-31;ECORODOVIAS INFRAESTRUTURA E LOGÍSTICA S.A.;-1721156.0;474250.0;2937001.0
2014-12-31;EMBPAR PARTICIPAÇÕES S/A;-756732.0;-27602.0;863873.0
2014-12-31;EMBRAER S.A.;-11977173.0;826600.0;14935910.0
2014-12-31;ENAUTA PARTICIPAÇÕES S.A.;-235388.0;166056.0;503232.0
2014-12-31;ENGIE BRASIL ENERGIA S.A.;-3974788.0;1383105.0;6472496.0
2014-12-31;GERDAU S.A.;-37406328.0;1488373.0;42546339.0
2014-12-31;HIDROVIAS DO BRASIL S.A.;-64042.0;-16293.0;75429.0
2014-12-31;HOTEIS OTHON S.A. - EM RECUPERAÇÃO JUDICIAL;-50607.0;-832.0;169704.0
2014-12-31;IGUA SANEAMENTO S.A.;-333925.0;16954.0;564568.0
2014-12-31;JSL S.A.;-4546372.0;72440.0;5539194.0
2014-12-31;KLABIN S.A.;-2649505.0;730330.0;4893882.0
2014-12-31;MANGELS INDUSTRIAL S.A.;-403257.0;-44355.0;449941.0
2014-12-31;MOURA DUBEUX ENGENHARIA S/A;-605535.0;95216.0;851563.0
2014-12-31;OMEGA GERAÇÃO S.A.;-64166.0;26368.0;114453.0
2014-12-31;OSX BRASIL S.A.;-549097.0;-4236936.0;731084.0
2014-12-31;PADTEC HOLDING S.A.;-1072638.0;-23491.0;1280021.0
2014-12-31;PBG S/A;-591929.0;93484.0;949147.0
2014-12-31;PETRO RIO S.A.;-468078.0;-1003073.0;486839.0
2014-12-31;POSITIVO TECNOLOGIA S.A.;-1805507.0;23271.0;2331559.0
2014-12-31;REDE ENERGIA PARTICIPAÇÕES S.A.;-3868867.0;1717985.0;4889415.0
2014-12-31;RNI NEGÓCIOS IMOBILIÁRIOS S.A.;-504265.0;77487.0;714750.0
2014-12-31;RUMO S.A.;-2980678.0;-2017881.0;3666224.0
2014-12-31;SARAIVA LIVREIROS S.A. - EM RECUPERAÇÃO JUDICIAL;-1346130.0;5747.0;2275315.0
2014-12-31;SER EDUCACIONAL S.A.;-267295.0;213864.0;705067.0
2014-12-31;SUZANO HOLDING S.A.;-5356784.0;-231698.0;7265360.0
2014-12-31;SUZANO S.A.;-5355664.0;-261506.0;7264599.0
2014-12-31;TAURUS ARMAS S.A.;-450272.0;-185422.0;591536.0
2014-12-31;TRANSMISSORA ALIANÇA DE ENERGIA ELÉTRICA S.A.;-170885.0;904845.0;1495804.0
2014-12-31;TRONOX PIGMENTOS DO BRASIL S.A.;-376899.0;-51613.0;394689.0
2014-12-31;UNICASA INDÚSTRIA DE MÓVEIS S.A.;-142408.0;-2408.0;243521.0
2014-12-31;VALE S.A.;-59085904.0;219588.0;88274564.0
2014-12-31;VALID SOLUÇÕES S.A.;-939273.0;110142.0;1296056.0
2014-12-31;VIX LOGÍSTICA S/A;-923336.0;51193.0;1116380.0
2014-12-31;VULCABRAS S.A.;-923247.0;-72794.0;1267127.0
2014-12-31;WLM PART. E COMÉRCIO DE MÁQUINAS E VEÍCULOS S.A.;-726834.0;12207.0;864876.0
2014-12-31;YDUQS PARTICIPACOES S.A.;-1375839.0;425645.0;2404464.0
2015-12-31;ALIANSCE SONAE SHOPPING CENTERS S.A.;-79719.0;204039.0;331180.0
2015-12-31;ALPER CONSULTORIA E CORRETORA DE SEGUROS S.A.;0.0;-104396.0;190763.0
2015-12-31;ALUPAR INVESTIMENTO S/A;-339938.0;571192.0;1493559.0
2015-12-31;AMBEV S.A.;-16061371.0;12879141.0;46720141.0
2015-12-31;B3 S.A. - BRASIL, BOLSA, BALCÃO;0.0;2203458.0;2216634.0
2015-12-31;BR PROPERTIES S.A.;0.0;-769772.0;714880.0
2015-12-31;BRASKEM S.A.;-36902086.0;2898780.0;47282996.0
2015-12-31;BRF S.A.;-22107692.0;3130858.0;32196601.0
2015-12-31;CCR S.A.;-5249930.0;786871.0;8478865.0
2015-12-31;CIA SIDERURGICA NACIONAL;-11799758.0;1615951.0;15331852.0
2015-12-31;CIA TECIDOS SANTANENSE;-293003.0;-21051.0;339573.0
2015-12-31;COGNA EDUCAÇÃO S.A.;-2240874.0;1396134.0;5265058.0
2015-12-31;CONSTRUTORA ADOLPHO LINDENBERG S.A.;-23327.0;14586.0;45507.0
2015-12-31;COSAN S.A.;-5923321.0;968263.0;8451901.0
2015-12-31;CPFL ENERGIAS RENOVÁVEIS S.A.;-786969.0;-48717.0;1499356.0
2015-12-31;DOHLER S.A.;-288097.0;28225.0;398264.0
2015-12-31;ECORODOVIAS INFRAESTRUTURA E LOGÍSTICA S.A.;-1620189.0;115772.0;2900707.0
2015-12-31;EMBPAR PARTICIPAÇÕES S/A;-293447.0;51157.0;340339.0
2015-12-31;EMBRAER S.A.;-16545358.0;281608.0;20301771.0
2015-12-31;ENAUTA PARTICIPAÇÕES S.A.;-252854.0;93613.0;496192.0
2015-12-31;ENGIE BRASIL ENERGIA S.A.;-3803095.0;1501303.0;6512037.0
2015-12-31;GERDAU S.A.;-39290526.0;-4595986.0;43581241.0
2015-12-31;HIDROVIAS DO BRASIL S.A.;-162076.0;-60064.0;196223.0
2015-12-31;HOTEIS OTHON S.A. - EM RECUPERAÇÃO JUDICIAL;-49144.0;-23818.0;144730.0
2015-12-31;IGUA SANEAMENTO S.A.;-266243.0;-66994.0;469874.0
2015-12-31;JSL S.A.;-4852554.0;46762.0;5989912.0
2015-12-31;KLABIN S.A.;-3445389.0;-1253197.0;5687589.0
2015-12-31;MANGELS INDUSTRIAL S.A.;-393782.0;-143638.0;427477.0
2015-12-31;MOURA DUBEUX ENGENHARIA S/A;-560543.0;72734.0;774905.0
2015-12-31;OMEGA GERAÇÃO S.A.;-84449.0;4776.0;143223.0
2015-12-31;OSX BRASIL S.A.;-338097.0;-987345.0;414197.0
2015-12-31;PADTEC HOLDING S.A.;-590197.0;-244046.0;720000.0
2015-12-31;PBG S/A;-664193.0;52673.0;1060395.0
2015-12-31;PETRO RIO S.A.;-294457.0;110421.0;253071.0
2015-12-31;POSITIVO TECNOLOGIA S.A.;-1496034.0;-79881.0;1843191.0
2015-12-31;QUALITY SOFTWARE S.A.;-38000433.0;7450417.0;63876143.0
2015-12-31;RAIA DROGASIL S.A.;-6183289.0;339785.0;8897849.0
2015-12-31;REDE ENERGIA PARTICIPAÇÕES S.A.;-7152988.0;424888.0;8036332.0
2015-12-31;RNI NEGÓCIOS IMOBILIÁRIOS S.A.;-393166.0;10030.0;557327.0
2015-12-31;RUMO S.A.;-3460347.0;-1190878.0;4148816.0
2015-12-31;SARAIVA LIVREIROS S.A. - EM RECUPERAÇÃO JUDICIAL;-1210787.0;93714.0;1772815.0
2015-12-31;SER EDUCACIONAL S.A.;-477456.0;161065.0;1020261.0
2015-12-31;SUZANO HOLDING S.A.;-6185840.0;-851931.0;10224728.0
2015-12-31;SUZANO S.A.;-6184246.0;-925354.0;10224361.0
2015-12-31;TAURUS ARMAS S.A.;-581736.0;-253810.0;823809.0
2015-12-31;TRANSMISSORA ALIANÇA DE ENERGIA ELÉTRICA S.A.;-118487.0;909423.0;1542465.0
2015-12-31;TRONOX PIGMENTOS DO BRASIL S.A.;-391404.0;-20908.0;422591.0
2015-12-31;UNICASA INDÚSTRIA DE MÓVEIS S.A.;-119431.0;13105.0;222652.0
2015-12-31;VALE S.A.;-68657734.0;-45996622.0;85499184.0
2015-12-31;VALID SOLUÇÕES S.A.;-1206695.0;133098.0;1637407.0
2015-12-31;VIX LOGÍSTICA S/A;-953549.0;67423.0;1155485.0
2015-12-31;VULCABRAS S.A.;-678429.0;-49920.0;965875.0
2015-12-31;WLM PART. E COMÉRCIO DE MÁQUINAS E VEÍCULOS S.A.;-394109.0;3943.0;496844.0
2015-12-31;YDUQS PARTICIPACOES S.A.;-1660508.0;484674.0;2939422.0
2016-12-31;ALIANSCE SONAE SHOPPING CENTERS S.A.;-84362.0;247777.0;342294.0
2016-12-31;ALPER CONSULTORIA E CORRETORA DE SEGUROS S.A.;0.0;-93506.0;132121.0
2016-12-31;ALUPAR INVESTIMENTO S/A;-340201.0;689725.0;1553811.0
2016-12-31;AMBEV S.A.;-16677959.0;13083397.0;45602561.0
2016-12-31;ATACADÃO S.A.;-38033000.0;1363000.0;47534000.0
2016-12-31;AZUL S.A.;-5451122.0;-126314.0;6669891.0
2016-12-31;B3 S.A. - BRASIL, BOLSA, BALCÃO;0.0;1446064.0;2320781.0
2016-12-31;BR PROPERTIES S.A.;0.0;30579.0;465681.0
2016-12-31;BRASKEM S.A.;-34940619.0;-729197.0;47663988.0
2016-12-31;BRF S.A.;-26206447.0;-367339.0;33732866.0
2016-12-31;CCR S.A.;-6566717.0;1637447.0;9996067.0
2016-12-31;CIA SIDERURGICA NACIONAL;-12640042.0;-853058.0;17148949.0
2016-12-31;CIA TECIDOS SANTANENSE;-315061.0;-3158.0;376607.0
2016-12-31;COGNA EDUCAÇÃO S.A.;-2156782.0;1864635.0;5244718.0
2016-12-31;CONSTRUTORA ADOLPHO LINDENBERG S.A.;-16455.0;4206.0;27147.0
2016-12-31;COSAN S.A.;-4586552.0;1390087.0;7541793.0
2016-12-31;CPFL ENERGIAS RENOVÁVEIS S.A.;-856081.0;-143706.0;1646588.0
2016-12-31;DOHLER S.A.;-325387.0;15471.0;429173.0
2016-12-31;ECORODOVIAS INFRAESTRUTURA E LOGÍSTICA S.A.;-1545435.0;-949134.0;2828996.0
2016-12-31;EMBPAR PARTICIPAÇÕES S/A;-126367.0;2201.0;149636.0
2016-12-31;EMBRAER S.A.;-17166104.0;591811.0;21435696.0
2016-12-31;ENAUTA PARTICIPAÇÕES S.A.;-240732.0;152898.0;476454.0
2016-12-31;ENGIE BRASIL ENERGIA S.A.;-3701457.0;1548301.0;6442371.0
2016-12-31;GERDAU S.A.;-34187941.0;-2885929.0;37651667.0
2016-12-31;HIDROVIAS DO BRASIL S.A.;-238843.0;-88901.0;392599.0
2016-12-31;HOTEIS OTHON S.A. - EM RECUPERAÇÃO JUDICIAL;-48720.0;-4223.0;143684.0
2016-12-31;IGUA SANEAMENTO S.A.;-289985.0;-83854.0;485009.0
2016-12-31;JSL S.A.;-5442057.0;-183174.0;6739417.0
2016-12-31;KLABIN S.A.;-4694112.0;2481946.0;7090798.0
2016-12-31;MANGELS INDUSTRIAL S.A.;-382243.0;4598.0;427533.0
2016-12-31;MOURA DUBEUX ENGENHARIA S/A;-523006.0;-119526.0;602816.0
2016-12-31;OMEGA GERAÇÃO S.A.;-117356.0;26601.0;194982.0
2016-12-31;OSX BRASIL S.A.;-7330.0;-1445855.0;1093.0
2016-12-31;PADTEC HOLDING S.A.;0.0;119079.0;941.0
2016-12-31;PBG S/A;-653198.0;2142.0;1016400.0
2016-12-31;PETRO RIO S.A.;-408468.0;241622.0;397871.0
2016-12-31;POSITIVO TECNOLOGIA S.A.;-1239609.0;8838.0;1746015.0
2016-12-31;PRINER SERVIÇOS INDUSTRIAIS S.A.;-156967.0;6269.0;204112.0
2016-12-31;QUALITY SOFTWARE S.A.;-46350291.0;3765314.0;68186234.0
2016-12-31;RAIA DROGASIL S.A.;-7752422.0;451252.0;11256565.0
2016-12-31;REDE ENERGIA PARTICIPAÇÕES S.A.;-6652652.0;204903.0;7739833.0
2016-12-31;RNI NEGÓCIOS IMOBILIÁRIOS S.A.;-347960.0;-75271.0;385984.0
2016-12-31;RUMO S.A.;-3771308.0;-1052572.0;4311713.0
2016-12-31;SARAIVA LIVREIROS S.A. - EM RECUPERAÇÃO JUDICIAL;-1143284.0;-49823.0;1737563.0
2016-12-31;SER EDUCACIONAL S.A.;-511386.0;230448.0;1125380.0
2016-12-31;SMARTFIT ESCOLA DE GINÁSTICA E DANÇA S.A.;-441603.0;-21577.0;641196.0
2016-12-31;SUZANO HOLDING S.A.;-6573110.0;1682455.0;9882629.0
2016-12-31;SUZANO S.A.;-6571622.0;1691998.0;9882313.0
2016-12-31;TAURUS ARMAS S.A.;-637072.0;-103027.0;830273.0
2016-12-31;TRANSMISSORA ALIANÇA DE ENERGIA ELÉTRICA S.A.;-149196.0;862066.0;1391074.0
2016-12-31;TRONOX PIGMENTOS DO BRASIL S.A.;-418101.0;83999.0;484948.0
2016-12-31;UNICASA INDÚSTRIA DE MÓVEIS S.A.;-105246.0;-24264.0;185056.0
2016-12-31;UNIPAR CARBOCLORO S.A.;-502216.0;280836.0;889706.0
2016-12-31;VALE S.A.;-61143430.0;13296496.0;94633264.0
2016-12-31;VALID SOLUÇÕES S.A.;-1277200.0;88395.0;1723850.0
2016-12-31;VIX LOGÍSTICA S/A;-857125.0;47989.0;1026653.0
2016-12-31;VULCABRAS S.A.;-741666.0;35695.0;1134220.0
2016-12-31;WLM PART. E COMÉRCIO DE MÁQUINAS E VEÍCULOS S.A.;-328310.0;-19012.0;421470.0
2016-12-31;YDUQS PARTICIPACOES S.A.;-1809042.0;368102.0;3184505.0
2017-12-31;ALIANSCE SONAE SHOPPING CENTERS S.A.;-83116.0;252247.0;354856.0
2017-12-31;ALPER CONSULTORIA E CORRETORA DE SEGUROS S.A.;0.0;-83276.0;93734.0
2017-12-31;ALUPAR INVESTIMENTO S/A;-407081.0;705725.0;1538191.0
2017-12-31;AMBEV S.A.;-18041778.0;7850504.0;47899276.0
2017-12-31;ATACADÃO S.A.;-40023000.0;1713000.0;50280000.0
2017-12-31;ATOM EMPREENDIMENTOS E PARTICIPAÇÕES S.A.;0.0;4065.0;0.0
2017-12-31;AZUL S.A.;-5983382.0;529039.0;7789497.0
2017-12-31;B3 S.A. - BRASIL, BOLSA, BALCÃO;0.0;1296645.0;3673596.0
2017-12-31;BBM LOGÍSTICA S.A.;-246490.0;3105.0;289750.0
2017-12-31;BLUE TECH SOLUTIONS EQI S.A.;0.0;-1437.0;0.0
2017-12-31;BR PROPERTIES S.A.;0.0;277017.0;430449.0
2017-12-31;BRASKEM S.A.;-36400748.0;4133321.0;49260594.0
2017-12-31;BRF S.A.;-26565346.0;-1098854.0;33469352.0
2017-12-31;CCR S.A.;-6621416.0;1782918.0;10560997.0
2017-12-31;CIA SIDERURGICA NACIONAL;-13596141.0;111229.0;18524601.0
2017-12-31;CIA TECIDOS SANTANENSE;-326347.0;19944.0;418543.0
2017-12-31;COGNA EDUCAÇÃO S.A.;-2105890.0;1882316.0;5557748.0
2017-12-31;CONSTRUTORA ADOLPHO LINDENBERG S.A.;-10113.0;4605.0;12093.0
2017-12-31;COSAN S.A.;-5045884.0;1510530.0;7670777.0
2017-12-31;CPFL ENERGIAS RENOVÁVEIS S.A.;-1006628.0;19646.0;1959084.0
2017-12-31;DEXCO S.A.;-2847097.0;185015.0;3990866.0
2017-12-31;DOHLER S.A.;-328360.0;34166.0;460013.0
2017-12-31;ECORODOVIAS INFRAESTRUTURA E LOGÍSTICA S.A.;-1643157.0;412331.0;3200704.0
2017-12-31;EMBPAR PARTICIPAÇÕES S/A;-185641.0;-1356.0;215719.0
2017-12-31;EMBRAER S.A.;-15291675.0;847376.0;18713045.0
2017-12-31;ENAUTA PARTICIPAÇÕES S.A.;-227714.0;357375.0;501726.0
2017-12-31;ENGIE BRASIL ENERGIA S.A.;-4003871.0;2004559.0;7009957.0
2017-12-31;GERDAU S.A.;-33312995.0;-338667.0;36917619.0
2017-12-31;HAPVIDA PARTICIPAÇÕES E INVESTIMENTOS S.A.;-2238700.0;650598.0;3847981.0
2017-12-31;HIDROVIAS DO BRASIL S.A.;-451931.0;11693.0;790572.0
2017-12-31;HOTEIS OTHON S.A. - EM RECUPERAÇÃO JUDICIAL;-49915.0;-40115.0;117447.0
2017-12-31;IGUA SANEAMENTO S.A.;-254681.0;30253.0;574184.0
2017-12-31;IGUATEMI S.A.;-212303.0;185306.0;693235.0
2017-12-31;JSL S.A.;-5769689.0;16718.0;7255804.0
2017-12-31;KLABIN S.A.;-5637831.0;532169.0;8373378.0
2017-12-31;MANGELS INDUSTRIAL S.A.;-388877.0;-24319.0;445983.0
2017-12-31;MOURA DUBEUX ENGENHARIA S/A;-436681.0;10690.0;609610.0
2017-12-31;OMEGA GERAÇÃO S.A.;-345328.0;113116.0;546114.0
2017-12-31;OSX BRASIL S.A.;0.0;-502697.0;10629.0
2017-12-31;PADTEC HOLDING S.A.;0.0;22912.0;486.0
2017-12-31;PBG S/A;-606917.0;64170.0;1023937.0
2017-12-31;PETRO RIO S.A.;-435064.0;30627.0;533922.0
2017-12-31;POSITIVO TECNOLOGIA S.A.;-1420259.0;-47551.0;1913608.0
2017-12-31;PRINER SERVIÇOS INDUSTRIAIS S.A.;-203099.0;-7388.0;236502.0
2017-12-31;PRÁTICA KLIMAQUIP INDÚSTRIA E COMÉRCIO S.A.;-50943.0;7552.0;95645.0
2017-12-31;QUALITY SOFTWARE S.A.;-70196515.0;-4630873.0;90493494.0
2017-12-31;RAIA DROGASIL S.A.;-9224505.0;512653.0;13212505.0
2017-12-31;REDE ENERGIA PARTICIPAÇÕES S.A.;-7802129.0;116997.0;8977152.0
2017-12-31;RNI NEGÓCIOS IMOBILIÁRIOS S.A.;-278338.0;-93669.0;289715.0
2017-12-31;RUMO S.A.;-4220988.0;-258438.0;5946349.0
2017-12-31;SARAIVA LIVREIROS S.A. - EM RECUPERAÇÃO JUDICIAL;-1150085.0;-52012.0;1724886.0
2017-12-31;SER EDUCACIONAL S.A.;-556645.0;197475.0;1231785.0
2017-12-31;SMARTFIT ESCOLA DE GINÁSTICA E DANÇA S.A.;-529856.0;-11589.0;745563.0
2017-12-31;SUZANO HOLDING S.A.;-6451552.0;1782887.0;10521010.0
2017-12-31;SUZANO S.A.;-6449468.0;1807433.0;10520790.0
2017-12-31;SYN PROP & TECH S.A.;-186797.0;222453.0;446272.0
2017-12-31;TAURUS ARMAS S.A.;-668147.0;-286028.0;784876.0
2017-12-31;TRANSMISSORA ALIANÇA DE ENERGIA ELÉTRICA S.A.;-197777.0;648285.0;1077059.0
2017-12-31;UNICASA INDÚSTRIA DE MÓVEIS S.A.;-90931.0;-6357.0;157941.0
2017-12-31;UNIPAR CARBOCLORO S.A.;-2114627.0;306264.0;3019592.0
2017-12-31;VALE S.A.;-67257311.0;17669992.0;108532022.0
2017-12-31;VALID SOLUÇÕES S.A.;-1220947.0;27758.0;1574474.0
2017-12-31;VIA S.A.;-17510000.0;195000.0;25690000.0
2017-12-31;VIBRA ENERGIA S/A;-78200000.0;1151000.0;84567000.0
2017-12-31;VIX LOGÍSTICA S/A;-852884.0;39718.0;995152.0
2017-12-31;VULCABRAS S.A.;-780719.0;188939.0;1263082.0
2017-12-31;WLM PART. E COMÉRCIO DE MÁQUINAS E VEÍCULOS S.A.;-385701.0;-6702.0;489743.0
2017-12-31;YDUQS PARTICIPACOES S.A.;-1777113.0;424590.0;3378979.0
2018-12-31;ALIANSCE SONAE SHOPPING CENTERS S.A.;-78411.0;362844.0;374112.0
2018-12-31;ALPER CONSULTORIA E CORRETORA DE SEGUROS S.A.;0.0;-164089.0;87584.0
2018-12-31;ALUPAR INVESTIMENTO S/A;-613793.0;750790.0;1882909.0
2018-12-31;AMBEV S.A.;-19269627.0;11377427.0;50231336.0
2018-12-31;ATACADÃO S.A.;-42886000.0;1863000.0;54267000.0
2018-12-31;ATOM EMPREENDIMENTOS E PARTICIPAÇÕES S.A.;0.0;7079.0;7974.0
2018-12-31;AZUL S.A.;-7556114.0;420277.0;9153357.0
2018-12-31;B3 S.A. - BRASIL, BOLSA, BALCÃO;0.0;2088351.0;4831915.0
2018-12-31;BBM LOGÍSTICA S.A.;-439837.0;5817.0;507618.0
2018-12-31;BLUE TECH SOLUTIONS EQI S.A.;0.0;16629.0;0.0
2018-12-31;BR PROPERTIES S.A.;0.0;13705.0;421317.0
2018-12-31;BRASKEM S.A.;-46407495.0;2907210.0;57999866.0
2018-12-31;BRF S.A.;-25320753.0;-4466246.0;30188421.0
2018-12-31;CCR S.A.;-5851638.0;636182.0;9715859.0
2018-12-31;CIA SIDERURGICA NACIONAL;-16105657.0;5200583.0;22968885.0
2018-12-31;CIA TECIDOS SANTANENSE;-335962.0;71788.0;437418.0
2018-12-31;COGNA EDUCAÇÃO S.A.;-2268804.0;1392856.0;6060708.0
2018-12-31;COMPANHIA ENERGÉTICA DE BRASÍLIA - CEB;-2209898.0;115710.0;2590210.0
2018-12-31;CONSTRUTORA ADOLPHO LINDENBERG S.A.;-6849.0;2500.0;6814.0
2018-12-31;COSAN S.A.;-7694386.0;1903751.0;10299099.0
2018-12-31;CPFL ENERGIAS RENOVÁVEIS S.A.;-982751.0;118806.0;1936318.0
2018-12-31;DEXCO S.A.;-3650848.0;431796.0;4949361.0
2018-12-31;DOHLER S.A.;-345790.0;49613.0;480710.0
2018-12-31;ECORODOVIAS INFRAESTRUTURA E LOGÍSTICA S.A.;-1780016.0;382135.0;3169267.0
2018-12-31;EMBPAR PARTICIPAÇÕES S/A;-306874.0;-9997.0;358889.0
2018-12-31;EMBRAER S.A.;-15915158.0;-643568.0;18721620.0
2018-12-31;ENAUTA PARTICIPAÇÕES S.A.;-458552.0;425222.0;797204.0
2018-12-31;ENGIE BRASIL ENERGIA S.A.;-4875986.0;2315407.0;8794792.0
2018-12-31;GERDAU S.A.;-40010100.0;2326382.0;46159478.0
2018-12-31;GRUPO SBF S.A.;-1159124.0;148748.0;2275057.0
2018-12-31;HAPVIDA PARTICIPAÇÕES E INVESTIMENTOS S.A.;-2754662.0;788334.0;4575898.0
2018-12-31;HIDROVIAS DO BRASIL S.A.;-634551.0;162116.0;1258130.0
2018-12-31;HOTEIS OTHON S.A. - EM RECUPERAÇÃO JUDICIAL;-29390.0;-94476.0;78537.0
2018-12-31;IGUA SANEAMENTO S.A.;-447169.0;17769.0;744954.0
2018-12-31;IGUATEMI S.A.;-217331.0;239664.0;722606.0
2018-12-31;JSL S.A.;-6309087.0;189170.0;8075389.0
2018-12-31;KLABIN S.A.;-5714039.0;186818.0;10016461.0
2018-12-31;LOCAWEB SERVIÇOS DE INTERNET S.A.;-174489.0;10886.0;314983.0
2018-12-31;MANGELS INDUSTRIAL S.A.;-409029.0;-46378.0;476738.0
2018-12-31;MITRE REALTY EMPREENDIMENTOS E PARTICIPAÇÕES S.A.;-97158.0;16307.0;150237.0
2018-12-31;MOURA DUBEUX ENGENHARIA S/A;-289288.0;-198379.0;359960.0
2018-12-31;OMEGA GERAÇÃO S.A.;-441737.0;50031.0;742023.0
2018-12-31;OSX BRASIL S.A.;0.0;-427575.0;9060.0
2018-12-31;PADTEC HOLDING S.A.;0.0;11302.0;0.0
2018-12-31;PARANAPANEMA S.A. - EM RECUPERAÇÃO JUDICIAL;-4495172.0;-323373.0;4765777.0
2018-12-31;PBG S/A;-648590.0;134312.0;1054190.0
2018-12-31;PETRO RIO S.A.;-528809.0;204875.0;848920.0
2018-12-31;POSITIVO TECNOLOGIA S.A.;-1436949.0;-461.0;1951337.0
2018-12-31;PRINER SERVIÇOS INDUSTRIAIS S.A.;-282214.0;5140.0;327237.0
2018-12-31;PRÁTICA KLIMAQUIP INDÚSTRIA E COMÉRCIO S.A.;-62155.0;5773.0;111567.0
2018-12-31;QUALITY SOFTWARE S.A.;-87887774.0;3205956.0;119473557.0
2018-12-31;RAIA DROGASIL S.A.;-10355923.0;509313.0;14801445.0
2018-12-31;REDE D'OR SÃO LUIZ S.A.;-8109528.0;1179618.0;10914892.0
2018-12-31;REDE ENERGIA PARTICIPAÇÕES S.A.;-8231316.0;577591.0;10069539.0
2018-12-31;RNI NEGÓCIOS IMOBILIÁRIOS S.A.;-142057.0;-27139.0;182606.0
2018-12-31;ROMI S.A.;-537083.0;84250.0;743462.0
2018-12-31;ROSSI RESIDENCIAL S.A. - EM RECUPERAÇÃO JUDICIAL;-182938.0;-607067.0;148724.0
2018-12-31;RUMO S.A.;-4465634.0;272967.0;6584936.0
2018-12-31;SARAIVA LIVREIROS S.A. - EM RECUPERAÇÃO JUDICIAL;-1033533.0;-301754.0;1445422.0
2018-12-31;SER EDUCACIONAL S.A.;-576990.0;201279.0;1262486.0
2018-12-31;SINQIA S.A.;-89214.0;2726.0;142109.0
2018-12-31;SMARTFIT ESCOLA DE GINÁSTICA E DANÇA S.A.;-807386.0;356956.0;1160033.0
2018-12-31;SUZANO HOLDING S.A.;-6920899.0;311331.0;13437657.0
2018-12-31;SUZANO S.A.;-6918336.0;318460.0;13437329.0
2018-12-31;SYN PROP & TECH S.A.;-204935.0;49702.0;489767.0
2018-12-31;TAURUS ARMAS S.A.;-537660.0;-59862.0;845287.0
2018-12-31;TRANSMISSORA ALIANÇA DE ENERGIA ELÉTRICA S.A.;-362356.0;1071305.0;1635237.0
2018-12-31;UNICASA INDÚSTRIA DE MÓVEIS S.A.;-91161.0;3394.0;149306.0
2018-12-31;UNIPAR CARBOCLORO S.A.;-2209155.0;547440.0;3469133.0
2018-12-31;VALE S.A.;-81200904.0;25773768.0;134483126.0
2018-12-31;VALID SOLUÇÕES S.A.;-1311055.0;100078.0;1734312.0
2018-12-31;VAMOS LOCAÇÃO DE CAMINHÕES, MÁQUINAS E EQUIPAMENTOS S.A.;-624650.0;112937.0;938946.0
2018-12-31;VIA S.A.;-19031000.0;-267000.0;26928000.0
2018-12-31;VIBRA ENERGIA S/A;-91914000.0;3193000.0;97770000.0
2018-12-31;VIX LOGÍSTICA S/A;-1043188.0;35698.0;1208061.0
2018-12-31;VULCABRAS S.A.;-800360.0;152114.0;1248963.0
2018-12-31;WETZEL S.A.;-149183.0;-32441.0;162996.0
2018-12-31;WLM PART. E COMÉRCIO DE MÁQUINAS E VEÍCULOS S.A.;-633351.0;16062.0;752296.0
2018-12-31;YDUQS PARTICIPACOES S.A.;-1632812.0;644873.0;3619377.0
2019-03-31;CTC - CENTRO DE TECNOLOGIA CANAVIEIRA S.A.;-106080.0;23597.0;186731.0
2019-12-31;AERIS IND. E COM. DE EQUIP. PARA GER. DE ENG. S.A.;-686132.0;88742.0;834259.0
2019-12-31;ALIANSCE SONAE SHOPPING CENTERS S.A.;-200075.0;56632.0;743186.0
2019-12-31;ALLPARK EMPREENDIMENTOS, PARTICIPAÇÕES E SERVIÇOS S.A.;-761273.0;-42628.0;1080684.0
2019-12-31;ALPER CONSULTORIA E CORRETORA DE SEGUROS S.A.;0.0;2501.0;91129.0
2019-12-31;ALUPAR INVESTIMENTO S/A;-2125331.0;1641397.0;4592099.0
2019-12-31;AMBEV S.A.;-21678159.0;12188332.0;52599709.0
2019-12-31;AMBIPAR PARTICIPAÇÕES E EMPREENDIMENTOS S.A.;-374870.0;35468.0;484385.0
2019-12-31;AMERICANAS S.A. - EM RECUPERAÇÃO JUDICIAL;-4756354.0;-318238.0;6767982.0
2019-12-31;ATACADÃO S.A.;-47615000.0;1328000.0;60064000.0
2019-12-31;ATOM EMPREENDIMENTOS E PARTICIPAÇÕES S.A.;0.0;2113.0;9454.0
2019-12-31;AZUL S.A.;-11366825.0;-2403086.0;11442317.0
2019-12-31;B3 S.A. - BRASIL, BOLSA, BALCÃO;-668751.0;2713204.0;6576507.0
2019-12-31;BBM LOGÍSTICA S.A.;-553832.0;13746.0;608880.0
2019-12-31;BLUE TECH SOLUTIONS EQI S.A.;0.0;-4343.0;0.0
2019-12-31;BR PROPERTIES S.A.;0.0;311352.0;379252.0
2019-12-31;BRASKEM S.A.;-45679503.0;-2896973.0;52323525.0
2019-12-31;BRF S.A.;-25370042.0;297452.0;33446980.0
2019-12-31;CCR S.A.;-6100646.0;1426452.0;10590811.0
2019-12-31;CIA SIDERURGICA NACIONAL;-17263264.0;2244511.0;25436417.0
2019-12-31;CIA TECIDOS SANTANENSE;-364944.0;10604.0;461513.0
2019-12-31;COGNA EDUCAÇÃO S.A.;-2809622.0;242588.0;7027194.0
2019-12-31;COMPANHIA ENERGÉTICA DE BRASÍLIA - CEB;-2257935.0;156629.0;2749738.0
2019-12-31;CONSTRUTORA ADOLPHO LINDENBERG S.A.;-7047.0;-24666.0;4076.0
2019-12-31;COSAN S.A.;-9588006.0;2483275.0;13560445.0
2019-12-31;CPFL ENERGIAS RENOVÁVEIS S.A.;-1046164.0;107024.0;1928011.0
2019-12-31;CRUZEIRO DO SUL EDUCACIONAL S.A.;-830734.0;120871.0;1474249.0
2019-12-31;CURY CONSTRUTORA E INCORPORADORA S.A.;-663392.0;204056.0;1019277.0
2019-12-31;D1000 VAREJO FARMA PARTICIPAÇÕES S.A.;-790271.0;-7487.0;1132211.0
2019-12-31;DEXCO S.A.;-3717562.0;405727.0;5011706.0
2019-12-31;DOHLER S.A.;-379174.0;31867.0;499545.0
2019-12-31;ECORODOVIAS INFRAESTRUTURA E LOGÍSTICA S.A.;-2449007.0;-185460.0;3952889.0
2019-12-31;ELETROMIDIA S.A.;-164792.0;16185.0;296264.0
2019-12-31;EMBPAR PARTICIPAÇÕES S/A;-401587.0;9669.0;470723.0
2019-12-31;EMBRAER S.A.;-9037330.0;-1294086.0;10467931.0
2019-12-31;ENAUTA PARTICIPAÇÕES S.A.;-757041.0;215465.0;1111670.0
2019-12-31;ENGIE BRASIL ENERGIA S.A.;-5652963.0;2311099.0;9804478.0
2019-12-31;ENJOEI S.A.;-36832.0;-20757.0;53677.0
2019-12-31;GERDAU S.A.;-35440726.0;1216887.0;39644010.0
2019-12-31;GRUPO DE MODA SOMA S.A.;-442105.0;126835.0;1304114.0
2019-12-31;GRUPO MATEUS S.A.;-5953147.0;337695.0;8035545.0
2019-12-31;GRUPO SBF S.A.;-1286810.0;309727.0;2545422.0
2019-12-31;HAPVIDA PARTICIPAÇÕES E INVESTIMENTOS S.A.;-3400425.0;851846.0;5634383.0
2019-12-31;HBR REALTY EMPREENDIMENTOS IMOBILIÁRIOS S.A.;-7544.0;278495.0;67950.0
2019-12-31;HIDROVIAS DO BRASIL S.A.;-625770.0;58609.0;937945.0
2019-12-31;HOTEIS OTHON S.A. - EM RECUPERAÇÃO JUDICIAL;-31198.0;-136631.0;90970.0
2019-12-31;IGUA SANEAMENTO S.A.;-580295.0;44724.0;898502.0
2019-12-31;IGUATEMI S.A.;-252215.0;285588.0;755353.0
2019-12-31;INTELBRAS S.A.;-1104810.0;189393.0;1697956.0
2019-12-31;JSL S.A.;-7626826.0;318625.0;9686209.0
2019-12-31;KLABIN S.A.;-6851181.0;714618.0;10271839.0
2019-12-31;LOCAWEB SERVIÇOS DE INTERNET S.A.;-224396.0;18071.0;385717.0
2019-12-31;MANGELS INDUSTRIAL S.A.;-462754.0;-6474.0;556332.0
2019-12-31;MELNICK DESENVOLVIMENTO IMOBILIÁRIO S.A.;-424025.0;55312.0;562893.0
2019-12-31;MILLS LOCAÇÃO, SERVIÇOS E LOGÍSTICA S.A.;-282493.0;-44980.0;439465.0
2019-12-31;MITRE REALTY EMPREENDIMENTOS E PARTICIPAÇÕES S.A.;-212623.0;31996.0;311852.0
2019-12-31;MOBLY S.A.;-241021.0;-38233.0;407001.0
2019-12-31;MOURA DUBEUX ENGENHARIA S/A;-245840.0;-99145.0;407765.0
2019-12-31;MPM CORPÓREOS S.A.;-285384.0;65380.0;647595.0
2019-12-31;OMEGA GERAÇÃO S.A.;-616958.0;32629.0;1014375.0
2019-12-31;ORIZON VALORIZAÇÃO DE RESÍDUOS S.A.;-241687.0;-16581.0;348153.0
2019-12-31;OSX BRASIL S.A.;0.0;-568628.0;12013.0
2019-12-31;PADTEC HOLDING S.A.;0.0;5439.0;0.0
2019-12-31;PARANAPANEMA S.A. - EM RECUPERAÇÃO JUDICIAL;-5164429.0;-25075.0;5227641.0
2019-12-31;PBG S/A;-751650.0;13163.0;1114269.0
2019-12-31;PETRO RIO S.A.;-940379.0;842346.0;1644346.0
2019-12-31;POSITIVO TECNOLOGIA S.A.;-1435200.0;20848.0;1915308.0
2019-12-31;PRINER SERVIÇOS INDUSTRIAIS S.A.;-299585.0;-10798.0;348612.0
2019-12-31;PRÁTICA KLIMAQUIP INDÚSTRIA E COMÉRCIO S.A.;-77034.0;8030.0;137640.0
2019-12-31;QUALITY SOFTWARE S.A.;-98008300.0;2200882.0;128656222.0
2019-12-31;RAIA DROGASIL S.A.;-12367239.0;788735.0;17565600.0
2019-12-31;REDE D'OR SÃO LUIZ S.A.;-9838962.0;1191517.0;13319835.0
2019-12-31;REDE ENERGIA PARTICIPAÇÕES S.A.;-8870541.0;984435.0;11198611.0
2019-12-31;RNI NEGÓCIOS IMOBILIÁRIOS S.A.;-235688.0;1258.0;319768.0
2019-12-31;ROMI S.A.;-556808.0;129910.0;765506.0
2019-12-31;ROSSI RESIDENCIAL S.A. - EM RECUPERAÇÃO JUDICIAL;-63377.0;-311364.0;60789.0
2019-12-31;RUMO S.A.;-4608781.0;785871.0;7087840.0
2019-12-31;SARAIVA LIVREIROS S.A. - EM RECUPERAÇÃO JUDICIAL;-470179.0;-318072.0;669658.0
2019-12-31;SENDAS DISTRIBUIDORA S.A.;-24891000.0;1060000.0;30232000.0
2019-12-31;SEQUOIA LOGÍSTICA E TRANSPORTES S.A.;-422652.0;-7146.0;527263.0
2019-12-31;SER EDUCACIONAL S.A.;-580513.0;136372.0;1275986.0
2019-12-31;SIMPAR S.A.;-7626826.0;312963.0;9600468.0
2019-12-31;SINQIA S.A.;-117288.0;-4579.0;175153.0
2019-12-31;SMARTFIT ESCOLA DE GINÁSTICA E DANÇA S.A.;-1249978.0;-339272.0;1983947.0
2019-12-31;SUZANO HOLDING S.A.;-20745108.0;-2817594.0;26013344.0
2019-12-31;SUZANO S.A.;-20743482.0;-2814742.0;26012950.0
2019-12-31;SYN PROP & TECH S.A.;-163261.0;96774.0;470826.0
2019-12-31;TAURUS ARMAS S.A.;-658952.0;43426.0;999581.0
2019-12-31;TRANSMISSORA ALIANÇA DE ENERGIA ELÉTRICA S.A.;-574018.0;1002315.0;1794959.0
2019-12-31;UNICASA INDÚSTRIA DE MÓVEIS S.A.;-89892.0;17984.0;149350.0
2019-12-31;UNIPAR CARBOCLORO S.A.;-2231876.0;172358.0;3048730.0
2019-12-31;VALE S.A.;-83835563.0;-8696040.0;148639921.0
2019-12-31;VALID SOLUÇÕES S.A.;-1566764.0;53741.0;2007962.0
2019-12-31;VAMOS LOCAÇÃO DE CAMINHÕES, MÁQUINAS E EQUIPAMENTOS S.A.;-798407.0;141782.0;1211508.0
2019-12-31;VIA S.A.;-18312000.0;-1433000.0;25655000.0
2019-12-31;VIBRA ENERGIA S/A;-89027000.0;2211000.0;94985000.0
2019-12-31;VIVARA PARTICIPAÇÕES S.A.;-215869110.0;257971336.0;749666952.0
2019-12-31;VIX LOGÍSTICA S/A;-1442735.0;44560.0;1689590.0
2019-12-31;VULCABRAS S.A.;-888184.0;143080.0;1359985.0
2019-12-31;WETZEL S.A.;-164054.0;-39123.0;179144.0
2019-12-31;WLM PART. E COMÉRCIO DE MÁQUINAS E VEÍCULOS S.A.;-945942.0;49777.0;1083618.0
2019-12-31;YDUQS PARTICIPACOES S.A.;-1520718.0;646140.0;3565036.0
2020-03-31;CTC - CENTRO DE TECNOLOGIA CANAVIEIRA S.A.;-104238.0;19391.0;244801.0
2020-03-31;JALLES MACHADO S.A.;-617875.0;76524.0;891261.0
2020-12-31;AERIS IND. E COM. DE EQUIP. PARA GER. DE ENG. S.A.;-1962843.0;113199.0;2208702.0
2020-12-31;ALIANSCE SONAE SHOPPING CENTERS S.A.;-269549.0;202473.0;797585.0
2020-12-31;ALLPARK EMPREENDIMENTOS, PARTICIPAÇÕES E SERVIÇOS S.A.;-484547.0;-170669.0;649365.0
2020-12-31;ALPER CONSULTORIA E CORRETORA DE SEGUROS S.A.;0.0;-881.0;104060.0
2020-12-31;ALUPAR INVESTIMENTO S/A;-2699555.0;2055505.0;6140745.0
2020-12-31;AMBEV S.A.;-27066099.0;11731909.0;58378995.0
2020-12-31;AMBIPAR PARTICIPAÇÕES E EMPREENDIMENTOS S.A.;-542819.0;49523.0;701612.0
2020-12-31;AMERICANAS S.A. - EM RECUPERAÇÃO JUDICIAL;-7247256.0;-210758.0;10124347.0
2020-12-31;ATACADÃO S.A.;-57273000.0;2844000.0;71191000.0
2020-12-31;ATOM EMPREENDIMENTOS E PARTICIPAÇÕES S.A.;0.0;12330.0;30809.0
2020-12-31;AZUL S.A.;-5458691.0;-10834709.0;5744126.0
2020-12-31;B3 S.A. - BRASIL, BOLSA, BALCÃO;-944820.0;4150715.0;9327395.0
2020-12-31;BBM LOGÍSTICA S.A.;-879825.0;8899.0;1002017.0
2020-12-31;BEMOBI MOBILE TECH S.A.;-69909.0;35730.0;171546.0
2020-12-31;BLUE TECH SOLUTIONS EQI S.A.;0.0;-6480.0;0.0
2020-12-31;BR PROPERTIES S.A.;0.0;206269.0;313589.0
2020-12-31;BRASKEM S.A.;-47331414.0;-7015306.0;58543494.0
2020-12-31;BRF S.A.;-29998822.0;1390069.0;39469700.0
2020-12-31;CCR S.A.;-6463437.0;86113.0;9889480.0
2020-12-31;CIA SIDERURGICA NACIONAL;-19124901.0;4292618.0;30064020.0
2020-12-31;CIA TECIDOS SANTANENSE;-399663.0;-3755.0;473265.0
2020-12-31;COGNA EDUCAÇÃO S.A.;-1946923.0;-5805798.0;5269144.0
2020-12-31;COMPANHIA ENERGÉTICA DE BRASÍLIA - CEB;-130357.0;465378.0;255178.0
2020-12-31;CONSTRUTORA ADOLPHO LINDENBERG S.A.;-24516.0;1943.0;30039.0
2020-12-31;COSAN S.A.;-9816078.0;908814.0;13508787.0
2020-12-31;CPFL ENERGIAS RENOVÁVEIS S.A.;-1029095.0;806006.0;2198696.0
2020-12-31;CRUZEIRO DO SUL EDUCACIONAL S.A.;-937898.0;-34793.0;1800968.0
2020-12-31;CURY CONSTRUTORA E INCORPORADORA S.A.;-716292.0;189998.0;1144682.0
2020-12-31;D1000 VAREJO FARMA PARTICIPAÇÕES S.A.;-679468.0;123.0;1004375.0
2020-12-31;DEXCO S.A.;-4027796.0;453983.0;5879616.0
2020-12-31;DOHLER S.A.;-370115.0;84016.0;521853.0
2020-12-31;ECORODOVIAS INFRAESTRUTURA E LOGÍSTICA S.A.;-2356815.0;-423988.0;3999786.0
2020-12-31;ELETROMIDIA S.A.;-179452.0;-69805.0;268303.0
2020-12-31;EMBPAR PARTICIPAÇÕES S/A;-368974.0;15897.0;453812.0
2020-12-31;EMBRAER S.A.;-17234816.0;-3596233.0;19641764.0
2020-12-31;ENAUTA PARTICIPAÇÕES S.A.;-639914.0;123953.0;945446.0
2020-12-31;ENGIE BRASIL ENERGIA S.A.;-6795857.0;2797268.0;12259159.0
2020-12-31;ENJOEI S.A.;-51420.0;-31125.0;79607.0
2020-12-31;EUROFARMA LABORATÓRIOS S.A.;-2125019.0;848970.0;5723191.0
2020-12-31;GERDAU S.A.;-37884102.0;2388054.0;43814661.0
2020-12-31;GRUPO DE MODA SOMA S.A.;-486637.0;-69716.0;1243767.0
2020-12-31;GRUPO MATEUS S.A.;-9407628.0;726269.0;12397038.0
2020-12-31;GRUPO SBF S.A.;-1356766.0;-112805.0;2406863.0
2020-12-31;HAPVIDA PARTICIPAÇÕES E INVESTIMENTOS S.A.;-5208978.0;785299.0;8554961.0
2020-12-31;HBR REALTY EMPREENDIMENTOS IMOBILIÁRIOS S.A.;-11965.0;-27397.0;77333.0
2020-12-31;HIDROVIAS DO BRASIL S.A.;-1089606.0;-105545.0;1462103.0
2020-12-31;HOTEIS OTHON S.A. - EM RECUPERAÇÃO JUDICIAL;-18779.0;-90774.0;36157.0
2020-12-31;IGUA SANEAMENTO S.A.;-421677.0;-4705.0;757661.0
2020-12-31;IGUATEMI S.A.;-275319.0;176080.0;676664.0
2020-12-31;INTELBRAS S.A.;-1433542.0;327956.0;2134376.0
2020-12-31;JSL S.A.;-2525142.0;131317.0;2826797.0
2020-12-31;KLABIN S.A.;-7226910.0;-2389490.0;11948794.0
2020-12-31;LOCAWEB SERVIÇOS DE INTERNET S.A.;-282885.0;19740.0;488210.0
2020-12-31;MANGELS INDUSTRIAL S.A.;-465772.0;-30980.0;546452.0
2020-12-31;MELNICK DESENVOLVIMENTO IMOBILIÁRIO S.A.;-451382.0;57168.0;581449.0
2020-12-31;MILLS LOCAÇÃO, SERVIÇOS E LOGÍSTICA S.A.;-306915.0;-4747.0;506339.0
2020-12-31;MITRE REALTY EMPREENDIMENTOS E PARTICIPAÇÕES S.A.;-271501.0;49083.0;411253.0
2020-12-31;MOBLY S.A.;-361537.0;-40256.0;603105.0
2020-12-31;MOURA DUBEUX ENGENHARIA S/A;-374334.0;-104399.0;513301.0
2020-12-31;MPM CORPÓREOS S.A.;-283290.0;58820.0;521909.0
2020-12-31;OMEGA GERAÇÃO S.A.;-695184.0;54720.0;1102141.0
2020-12-31;ORIZON VALORIZAÇÃO DE RESÍDUOS S.A.;-245170.0;23610.0;391968.0
2020-12-31;OSX BRASIL S.A.;0.0;-871911.0;10031.0
2020-12-31;PADTEC HOLDING S.A.;-107614.0;17211.0;169293.0
2020-12-31;PARANAPANEMA S.A. - EM RECUPERAÇÃO JUDICIAL;-4164987.0;-861604.0;4293474.0
2020-12-31;PBG S/A;-871338.0;128242.0;1331780.0
2020-12-31;PETRO RIO S.A.;-1286926.0;452913.0;1904185.0
2020-12-31;PLANO & PLANO DESENVOLVIMENTO IMOBILIÁRIO S.A.;-569336.0;132204.0;900952.0
2020-12-31;POSITIVO TECNOLOGIA S.A.;-1743427.0;195842.0;2192173.0
2020-12-31;PRINER SERVIÇOS INDUSTRIAIS S.A.;-215064.0;-3096.0;242213.0
2020-12-31;PRÁTICA KLIMAQUIP INDÚSTRIA E COMÉRCIO S.A.;-68874.0;4870.0;120638.0
2020-12-31;QUALITY SOFTWARE S.A.;-90170599.0;10068258.0;129180974.0
2020-12-31;RAIA DROGASIL S.A.;-14175708.0;495533.0;20066840.0
2020-12-31;REDE D'OR SÃO LUIZ S.A.;-11462348.0;459423.0;14029408.0
2020-12-31;REDE ENERGIA PARTICIPAÇÕES S.A.;-8829725.0;1227851.0;11297925.0
2020-12-31;RNI NEGÓCIOS IMOBILIÁRIOS S.A.;-249893.0;4322.0;316765.0
2020-12-31;ROMI S.A.;-674321.0;174699.0;973150.0
2020-12-31;ROSSI RESIDENCIAL S.A. - EM RECUPERAÇÃO JUDICIAL;-42234.0;-8916.0;76159.0
2020-12-31;RUMO S.A.;-4721507.0;304675.0;6966159.0
2020-12-31;SARAIVA LIVREIROS S.A. - EM RECUPERAÇÃO JUDICIAL;-170234.0;-419628.0;246325.0
2020-12-31;SENDAS DISTRIBUIDORA S.A.;-30129000.0;1556000.0;36043000.0
2020-12-31;SEQUOIA LOGÍSTICA E TRANSPORTES S.A.;-782679.0;7028.0;998109.0
2020-12-31;SER EDUCACIONAL S.A.;-580685.0;165034.0;1250463.0
2020-12-31;SIMPAR S.A.;-7786984.0;397500.0;9807057.0
2020-12-31;SINQIA S.A.;-138430.0;4956.0;209993.0
2020-12-31;SMARTFIT ESCOLA DE GINÁSTICA E DANÇA S.A.;-1266625.0;-604428.0;1256244.0
2020-12-31;SUZANO HOLDING S.A.;-18968203.0;-10731744.0;30465380.0
2020-12-31;SUZANO S.A.;-18966331.0;-10714935.0;30460277.0
2020-12-31;SYN PROP & TECH S.A.;-179728.0;127991.0;486324.0
2020-12-31;TAURUS ARMAS S.A.;-1017849.0;263603.0;1773188.0
2020-12-31;TIM S.A.;-7996615.0;1843690.0;17267812.0
2020-12-31;TRANSMISSORA ALIANÇA DE ENERGIA ELÉTRICA S.A.;-1047979.0;2262927.0;3561286.0
2020-12-31;UNICASA INDÚSTRIA DE MÓVEIS S.A.;-91765.0;14833.0;150449.0
2020-12-31;UNIPAR CARBOCLORO S.A.;-2533636.0;370215.0;3868223.0
2020-12-31;VALE S.A.;-98567494.0;24902341.0;208528759.0
2020-12-31;VALID SOLUÇÕES S.A.;-1596306.0;-201649.0;1939142.0
2020-12-31;VAMOS LOCAÇÃO DE CAMINHÕES, MÁQUINAS E EQUIPAMENTOS S.A.;-995468.0;179192.0;1513187.0
2020-12-31;VIA S.A.;-19435000.0;1004000.0;28901000.0
2020-12-31;VIBRA ENERGIA S/A;-77044000.0;3905000.0;81501000.0
2020-12-31;VIVARA PARTICIPAÇÕES S.A.;-330063751.0;146672109.0;1047547041.0
2020-12-31;VIX LOGÍSTICA S/A;-1416957.0;74672.0;1694800.0
2020-12-31;VULCABRAS S.A.;-831045.0;31554.0;1179227.0
2020-12-31;WETZEL S.A.;-129921.0;24864.0;146264.0
2020-12-31;WLM PART. E COMÉRCIO DE MÁQUINAS E VEÍCULOS S.A.;-836910.0;54427.0;991223.0
2020-12-31;YDUQS PARTICIPACOES S.A.;-1744913.0;98181.0;3853737.0
2021-03-31;CTC - CENTRO DE TECNOLOGIA CANAVIEIRA S.A.;-114392.0;108398.0;337953.0
2021-03-31;JALLES MACHADO S.A.;-478360.0;170449.0;1085455.0
2021-12-31;AERIS IND. E COM. DE EQUIP. PARA GER. DE ENG. S.A.;-2199175.0;69193.0;2486150.0
2021-12-31;ALIANSCE SONAE SHOPPING CENTERS S.A.;-300793.0;318405.0;937677.0
2021-12-31;ALLPARK EMPREENDIMENTOS, PARTICIPAÇÕES E SERVIÇOS S.A.;-628017.0;-224170.0;834931.0
2021-12-31;ALPER CONSULTORIA E CORRETORA DE SEGUROS S.A.;0.0;4384.0;147134.0
2021-12-31;ALUPAR INVESTIMENTO S/A;-1399626.0;2122816.0;5234208.0
2021-12-31;AMBEV S.A.;-35659744.0;13122582.0;72854344.0
2021-12-31;AMBIPAR PARTICIPAÇÕES E EMPREENDIMENTOS S.A.;-1499772.0;168871.0;1916332.0
2021-12-31;AMERICANAS S.A. - EM RECUPERAÇÃO JUDICIAL;-15934094.0;543795.0;22695861.0
2021-12-31;ATACADÃO S.A.;-62875000.0;3366000.0;77751000.0
2021-12-31;ATOM EMPREENDIMENTOS E PARTICIPAÇÕES S.A.;0.0;6070.0;28143.0
2021-12-31;AZUL S.A.;-8124204.0;-4213208.0;9975729.0
2021-12-31;B3 S.A. - BRASIL, BOLSA, BALCÃO;-1039880.0;4717089.0;10288124.0
2021-12-31;BBM LOGÍSTICA S.A.;-1241362.0;12023.0;1356199.0
2021-12-31;BEMOBI MOBILE TECH S.A.;-306996.0;75349.0;488837.0
2021-12-31;BLUE TECH SOLUTIONS EQI S.A.;0.0;-4662.0;0.0
2021-12-31;BR PROPERTIES S.A.;0.0;32016.0;326330.0
2021-12-31;BRASKEM S.A.;-73568231.0;13961620.0;105625201.0
2021-12-31;BRF S.A.;-38177609.0;437384.0;48343305.0
2021-12-31;CCR S.A.;-7601600.0;805596.0;12244247.0
2021-12-31;CIA SIDERURGICA NACIONAL;-25837475.0;13595621.0;47912039.0
2021-12-31;CIA TECIDOS SANTANENSE;-505888.0;27107.0;600771.0
2021-12-31;COGNA EDUCAÇÃO S.A.;-1903710.0;-512985.0;4778057.0
2021-12-31;COMPANHIA ENERGÉTICA DE BRASÍLIA - CEB;-176272.0;1294407.0;343088.0
2021-12-31;CONSTRUTORA ADOLPHO LINDENBERG S.A.;-47356.0;7467.0;73003.0
2021-12-31;COSAN S.A.;-18568049.0;6350776.0;24907150.0
2021-12-31;CPFL ENERGIAS RENOVÁVEIS S.A.;-1239493.0;1485418.0;3426242.0
2021-12-31;CRUZEIRO DO SUL EDUCACIONAL S.A.;-959948.0;82955.0;1820615.0
2021-12-31;CURY CONSTRUTORA E INCORPORADORA S.A.;-1093624.0;315309.0;1738295.0
2021-12-31;D1000 VAREJO FARMA PARTICIPAÇÕES S.A.;-770496.0;1979.0;1141394.0
2021-12-31;DEXCO S.A.;-5300393.0;1725682.0;8170241.0
2021-12-31;ECORODOVIAS INFRAESTRUTURA E LOGÍSTICA S.A.;-2811871.0;367262.0;4651761.0
2021-12-31;ELETROMIDIA S.A.;-268985.0;-11479.0;415698.0
2021-12-31;EMBPAR PARTICIPAÇÕES S/A;-786838.0;73894.0;943247.0
2021-12-31;EMBRAER S.A.;-19130601.0;-267618.0;22669705.0
2021-12-31;ENAUTA PARTICIPAÇÕES S.A.;-1192198.0;1444565.0;1804939.0
2021-12-31;ENGIE BRASIL ENERGIA S.A.;-6629461.0;1564970.0;12540673.0
2021-12-31;ENJOEI S.A.;-78368.0;-118785.0;106140.0
2021-12-31;EUROFARMA LABORATÓRIOS S.A.;-2496784.0;999894.0;7067827.0
2021-12-31;GERDAU S.A.;-57527721.0;15558938.0;78345081.0
2021-12-31;GRUPO DE MODA SOMA S.A.;-1173210.0;299790.0;2791678.0
2021-12-31;GRUPO MATEUS S.A.;-12174415.0;768791.0;15876857.0
2021-12-31;GRUPO SBF S.A.;-2758851.0;497831.0;5110462.0
2021-12-31;HAPVIDA PARTICIPAÇÕES E INVESTIMENTOS S.A.;-6817459.0;500336.0;9883385.0
2021-12-31;HBR REALTY EMPREENDIMENTOS IMOBILIÁRIOS S.A.;-14049.0;180479.0;87902.0
2021-12-31;HIDROVIAS DO BRASIL S.A.;-880774.0;-343132.0;1115417.0
2021-12-31;HOSPITAL MATER DEI S.A.;-619652.0;146846.0;1024313.0
2021-12-31;HOTEIS OTHON S.A. - EM RECUPERAÇÃO JUDICIAL;-18102.0;-39939.0;46123.0
2021-12-31;IGUA SANEAMENTO S.A.;-722455.0;-47800.0;1058152.0
2021-12-31;IGUATEMI S.A.;-369223.0;346205.0;858064.0
2021-12-31;INTELBRAS S.A.;-2177896.0;363509.0;3087172.0
2021-12-31;JSL S.A.;-3635312.0;272548.0;4295978.0
2021-12-31;KLABIN S.A.;-8938543.0;3404874.0;16481388.0
2021-12-31;LOCAWEB SERVIÇOS DE INTERNET S.A.;-435676.0;-15749.0;800208.0
2021-12-31;MANGELS INDUSTRIAL S.A.;-732221.0;149330.0;862974.0
2021-12-31;MELNICK DESENVOLVIMENTO IMOBILIÁRIO S.A.;-586795.0;86359.0;771819.0
2021-12-31;MILLS LOCAÇÃO, SERVIÇOS E LOGÍSTICA S.A.;-335130.0;102307.0;738118.0
2021-12-31;MITRE REALTY EMPREENDIMENTOS E PARTICIPAÇÕES S.A.;-378270.0;27384.0;573996.0
2021-12-31;MOBLY S.A.;-434316.0;-84809.0;721391.0
2021-12-31;MOURA DUBEUX ENGENHARIA S/A;-393880.0;84943.0;619643.0
2021-12-31;MPM CORPÓREOS S.A.;-423573.0;179142.0;714265.0
2021-12-31;OMEGA GERAÇÃO S.A.;-1166936.0;296373.0;1769719.0
2021-12-31;ORIZON VALORIZAÇÃO DE RESÍDUOS S.A.;-256599.0;-55509.0;435516.0
2021-12-31;OSX BRASIL S.A.;-2601.0;122860.0;26406.0
2021-12-31;PADTEC HOLDING S.A.;-221131.0;50949.0;343740.0
2021-12-31;PARANAPANEMA S.A. - EM RECUPERAÇÃO JUDICIAL;-4721342.0;-801105.0;4714962.0
2021-12-31;PBG S/A;-1085039.0;216222.0;1912127.0
2021-12-31;PET CENTER COMÉRCIO E PARTICIPAÇÕES S.A.;-1084659.0;75036.0;2097525.0
2021-12-31;PETRO RIO S.A.;-1883358.0;1333046.0;4396003.0
2021-12-31;PLANO & PLANO DESENVOLVIMENTO IMOBILIÁRIO S.A.;-874491.0;135084.0;1271260.0
2021-12-31;POSITIVO TECNOLOGIA S.A.;-2596881.0;202896.0;3365487.0
2021-12-31;PRINER SERVIÇOS INDUSTRIAIS S.A.;-362687.0;14499.0;433141.0
2021-12-31;PRÁTICA KLIMAQUIP INDÚSTRIA E COMÉRCIO S.A.;-97654.0;19881.0;178098.0
2021-12-31;QUALITY SOFTWARE S.A.;-105120851.0;10706275.0;145117126.0
2021-12-31;RAIA DROGASIL S.A.;-16920834.0;764133.0;24127002.0
2021-12-31;REDE D'OR SÃO LUIZ S.A.;-15572114.0;1677735.0;20381883.0
2021-12-31;REDE ENERGIA PARTICIPAÇÕES S.A.;-11647312.0;2039722.0;15610686.0
2021-12-31;RNI NEGÓCIOS IMOBILIÁRIOS S.A.;-355530.0;14887.0;473400.0
2021-12-31;ROMI S.A.;-936710.0;204148.0;1383499.0
2021-12-31;ROSSI RESIDENCIAL S.A. - EM RECUPERAÇÃO JUDICIAL;-73096.0;-188871.0;59416.0
2021-12-31;RUMO S.A.;-5352040.0;155741.0;7439632.0
2021-12-31;SARAIVA LIVREIROS S.A. - EM RECUPERAÇÃO JUDICIAL;-53537.0;46199.0;88883.0
2021-12-31;SEQUOIA LOGÍSTICA E TRANSPORTES S.A.;-1253942.0;-17861.0;1520357.0
2021-12-31;SER EDUCACIONAL S.A.;-645916.0;52483.0;1407358.0
2021-12-31;SIMPAR S.A.;-9382314.0;1328950.0;13866219.0
2021-12-31;SINQIA S.A.;-217831.0;22529.0;352596.0
2021-12-31;SMARTFIT ESCOLA DE GINÁSTICA E DANÇA S.A.;-1593010.0;-633017.0;1706851.0
2021-12-31;SUZANO HOLDING S.A.;-20617334.0;8634583.0;40972610.0
2021-12-31;SUZANO S.A.;-20615588.0;8635532.0;40965431.0
2021-12-31;SYN PROP & TECH S.A.;-641148.0;1404193.0;2306112.0
2021-12-31;TAURUS ARMAS S.A.;-1422708.0;635060.0;2740464.0
2021-12-31;TRANSMISSORA ALIANÇA DE ENERGIA ELÉTRICA S.A.;-648988.0;2213714.0;3472049.0
2021-12-31;UNICASA INDÚSTRIA DE MÓVEIS S.A.;-140551.0;25938.0;220643.0
2021-12-31;UNIPAR CARBOCLORO S.A.;-3486604.0;2003833.0;6289369.0
2021-12-31;VALE S.A.;-117267000.0;121343000.0;293524000.0
2021-12-31;VALID SOLUÇÕES S.A.;-1682479.0;57917.0;2198001.0
2021-12-31;VAMOS LOCAÇÃO DE CAMINHÕES, MÁQUINAS E EQUIPAMENTOS S.A.;-1790245.0;402375.0;2823495.0
2021-12-31;VIA S.A.;-21572000.0;-297000.0;30899000.0
2021-12-31;VIBRA ENERGIA S/A;-123270000.0;2497000.0;130121000.0
2021-12-31;VIVARA PARTICIPAÇÕES S.A.;-474909083.0;298490271.0;1466386885.0
2021-12-31;VIX LOGÍSTICA S/A;-1667684.0;151895.0;2087850.0
2021-12-31;VULCABRAS S.A.;-1207761.0;313839.0;1867176.0
2021-12-31;WETZEL S.A.;-205466.0;129833.0;244173.0
2021-12-31;WLM PART. E COMÉRCIO DE MÁQUINAS E VEÍCULOS S.A.;-1618247.0;105725.0;1858776.0
2021-12-31;YDUQS PARTICIPACOES S.A.;-2002255.0;158171.0;4391378.0
2022-03-31;CTC - CENTRO DE TECNOLOGIA CANAVIEIRA S.A.;-137369.0;134003.0;421455.0
2022-03-31;JALLES MACHADO S.A.;-693741.0;387907.0;1449073.0
2022-12-31;AERIS IND. E COM. DE EQUIP. PARA GER. DE ENG. S.A.;-2174404.0;-92709.0;2468884.0
2022-12-31;ALIANSCE SONAE SHOPPING CENTERS S.A.;-309999.0;222144.0;1111321.0
2022-12-31;ALLPARK EMPREENDIMENTOS, PARTICIPAÇÕES E SERVIÇOS S.A.;-795925.0;-157686.0;1112959.0
2022-12-31;ALPER CONSULTORIA E CORRETORA DE SEGUROS S.A.;0.0;26445.0;243399.0
2022-12-31;ALUPAR INVESTIMENTO S/A;-692653.0;1663873.0;3833708.0
2022-12-31;AMBEV S.A.;-40422069.0;14891291.0;79708827.0
2022-12-31;AMBIPAR PARTICIPAÇÕES E EMPREENDIMENTOS S.A.;-2949218.0;108745.0;3789791.0
2022-12-31;ATACADÃO S.A.;-83241000.0;1998000.0;102890000.0
2022-12-31;ATOM EMPREENDIMENTOS E PARTICIPAÇÕES S.A.;-909.0;10024.0;35894.0
2022-12-31;AZUL S.A.;-13161965.0;-722367.0;15948067.0
2022-12-31;B3 S.A. - BRASIL, BOLSA, BALCÃO;-1018969.0;4226598.0;10110682.0
2022-12-31;BBM LOGÍSTICA S.A.;-1517548.0;-71099.0;1631761.0
2022-12-31;BEMOBI MOBILE TECH S.A.;-1158813.0;85566.0;1475824.0
2022-12-31;BR PROPERTIES S.A.;0.0;-1523240.0;297523.0
2022-12-31;BRASKEM S.A.;-85160548.0;-820391.0;96519284.0
2022-12-31;BRF S.A.;-45672376.0;-3141626.0;53805028.0
2022-12-31;CCR S.A.;-7985602.0;4212180.0;19181691.0
2022-12-31;CIA SIDERURGICA NACIONAL;-31054016.0;2167698.0;44362120.0
2022-12-31;CIA TECIDOS SANTANENSE;-374132.0;6185.0;409920.0
2022-12-31;COGNA EDUCAÇÃO S.A.;-1864883.0;-540998.0;5092202.0
2022-12-31;COMPANHIA ENERGÉTICA DE BRASÍLIA - CEB;-148012.0;258053.0;322217.0
2022-12-31;CONSTRUTORA ADOLPHO LINDENBERG S.A.;-114077.0;7000.0;149193.0
2022-12-31;COSAN S.A.;-30753137.0;2820875.0;39737368.0
2022-12-31;CPFL ENERGIAS RENOVÁVEIS S.A.;-1243191.0;1316306.0;3594703.0
2022-12-31;CRUZEIRO DO SUL EDUCACIONAL S.A.;-1080179.0;6606.0;2028320.0
2022-12-31;CURY CONSTRUTORA E INCORPORADORA S.A.;-1420402.0;348440.0;2257294.0
2022-12-31;D1000 VAREJO FARMA PARTICIPAÇÕES S.A.;-1007636.0;11355.0;1483148.0
2022-12-31;DEXCO S.A.;-5614863.0;764922.0;8486650.0
2022-12-31;ECORODOVIAS INFRAESTRUTURA E LOGÍSTICA S.A.;-4134658.0;234059.0;6061329.0
2022-12-31;ELETROMIDIA S.A.;-476670.0;51410.0;799978.0
2022-12-31;EMBPAR PARTICIPAÇÕES S/A;-902556.0;63450.0;1086530.0
2022-12-31;EMBRAER S.A.;-18738793.0;-1047213.0;23448771.0
2022-12-31;ENAUTA PARTICIPAÇÕES S.A.;-1102373.0;383375.0;2175363.0
2022-12-31;ENGIE BRASIL ENERGIA S.A.;-6317412.0;2664568.0;11906605.0
2022-12-31;ENJOEI S.A.;-90224.0;-66515.0;138901.0
2022-12-31;EUROFARMA LABORATÓRIOS S.A.;-2720798.0;1001047.0;8006280.0
2022-12-31;GERDAU S.A.;-63661156.0;11479552.0;82412210.0
2022-12-31;GRUPO DE MODA SOMA S.A.;-2110437.0;335188.0;4870520.0
2022-12-31;GRUPO MATEUS S.A.;-16969435.0;1064795.0;21768477.0
2022-12-31;GRUPO SBF S.A.;-3319775.0;204602.0;6260707.0
2022-12-31;HAPVIDA PARTICIPAÇÕES E INVESTIMENTOS S.A.;-18093707.0;-775839.0;23748803.0
2022-12-31;HBR REALTY EMPREENDIMENTOS IMOBILIÁRIOS S.A.;-22299.0;120484.0;140866.0
2022-12-31;HIDROVIAS DO BRASIL S.A.;-1149726.0;-8163.0;1767900.0
2022-12-31;HOSPITAL MATER DEI S.A.;-1139945.0;122687.0;1763132.0
2022-12-31;HOTEIS OTHON S.A. - EM RECUPERAÇÃO JUDICIAL;-33563.0;197694.0;100439.0
2022-12-31;IGUA SANEAMENTO S.A.;-1414441.0;-586478.0;2089812.0
2022-12-31;IGUATEMI S.A.;-420884.0;12821.0;1016341.0
2022-12-31;INTELBRAS S.A.;-3031094.0;479248.0;4232623.0
2022-12-31;JSL S.A.;-4981357.0;194182.0;6022405.0
2022-12-31;KLABIN S.A.;-10517844.0;4688903.0;20032699.0
2022-12-31;LOCAWEB SERVIÇOS DE INTERNET S.A.;-624201.0;30281.0;1138433.0
2022-12-31;MANGELS INDUSTRIAL S.A.;-873266.0;258724.0;1017186.0
2022-12-31;MELNICK DESENVOLVIMENTO IMOBILIÁRIO S.A.;-794633.0;125593.0;1029568.0
2022-12-31;MILLS LOCAÇÃO, SERVIÇOS E LOGÍSTICA S.A.;-397019.0;216453.0;1092097.0
2022-12-31;MITRE REALTY EMPREENDIMENTOS E PARTICIPAÇÕES S.A.;-537194.0;37220.0;758626.0
2022-12-31;MOBLY S.A.;-382871.0;-89838.0;637059.0
2022-12-31;MOURA DUBEUX ENGENHARIA S/A;-533059.0;105057.0;799527.0
2022-12-31;MPM CORPÓREOS S.A.;-576519.0;-51366.0;906515.0
2022-12-31;OMEGA GERAÇÃO S.A.;-1767173.0;55306.0;2434033.0
2022-12-31;ORIZON VALORIZAÇÃO DE RESÍDUOS S.A.;-438329.0;-143464.0;626224.0
2022-12-31;OSX BRASIL S.A.;-3226.0;-288421.0;35083.0
2022-12-31;PADTEC HOLDING S.A.;-248855.0;9754.0;365725.0
2022-12-31;PARANAPANEMA S.A. - EM RECUPERAÇÃO JUDICIAL;-2504151.0;-2701084.0;2005986.0
2022-12-31;PBG S/A;-1251067.0;153105.0;2196681.0
2022-12-31;PET CENTER COMÉRCIO E PARTICIPAÇÕES S.A.;-1483961.0;50590.0;2834533.0
2022-12-31;PETRO RIO S.A.;-2106303.0;3427072.0;6363475.0
2022-12-31;PLANO & PLANO DESENVOLVIMENTO IMOBILIÁRIO S.A.;-1062284.0;132566.0;1492205.0
2022-12-31;POSITIVO TECNOLOGIA S.A.;-3796478.0;306357.0;4993235.0
2022-12-31;PRINER SERVIÇOS INDUSTRIAIS S.A.;-614912.0;64934.0;813494.0
2022-12-31;PRÁTICA KLIMAQUIP INDÚSTRIA E COMÉRCIO S.A.;-138404.0;18008.0;248863.0
2022-12-31;QUALITY SOFTWARE S.A.;0.0;12649092.0;64077336.0
2022-12-31;RAIA DROGASIL S.A.;-20257912.0;1014968.0;29067380.0
2022-12-31;REDE D'OR SÃO LUIZ S.A.;-17785662.0;1262317.0;22987443.0
2022-12-31;REDE ENERGIA PARTICIPAÇÕES S.A.;-10756848.0;2036123.0;15119769.0
2022-12-31;RNI NEGÓCIOS IMOBILIÁRIOS S.A.;-501394.0;31688.0;667091.0
2022-12-31;ROMI S.A.;-1083470.0;216096.0;1592302.0
2022-12-31;ROSSI RESIDENCIAL S.A. - EM RECUPERAÇÃO JUDICIAL;542.0;-442044.0;-37403.0
2022-12-31;RUMO S.A.;-6695148.0;514021.0;9841508.0
2022-12-31;SARAIVA LIVREIROS S.A. - EM RECUPERAÇÃO JUDICIAL;-49247.0;115773.0;86582.0
2022-12-31;SEQUOIA LOGÍSTICA E TRANSPORTES S.A.;-1490718.0;-106872.0;1804323.0
2022-12-31;SER EDUCACIONAL S.A.;-842844.0;-222148.0;1676343.0
2022-12-31;SIMPAR S.A.;-16790620.0;940707.0;24381791.0
2022-12-31;SINQIA S.A.;-353524.0;17556.0;616472.0
2022-12-31;SMARTFIT ESCOLA DE GINÁSTICA E DANÇA S.A.;-860857.0;-89431.0;1080956.0
2022-12-31;SUZANO HOLDING S.A.;-24822824.0;23392406.0;49835599.0
2022-12-31;SUZANO S.A.;-24821288.0;23394887.0;49830946.0
2022-12-31;SYN PROP & TECH S.A.;-266994.0;-32939.0;474499.0
2022-12-31;TAURUS ARMAS S.A.;-1379597.0;519984.0;2540021.0
2022-12-31;TIM S.A.;-10655981.0;1670755.0;21530801.0
2022-12-31;TRANSMISSORA ALIANÇA DE ENERGIA ELÉTRICA S.A.;-498448.0;1449215.0;2616517.0
2022-12-31;UNICASA INDÚSTRIA DE MÓVEIS S.A.;-161703.0;32947.0;245678.0
2022-12-31;UNIPAR CARBOCLORO S.A.;-4015101.0;1334303.0;7270406.0
2022-12-31;VALE S.A.;124195000.0;96337000.0;226508000.0
2022-12-31;VALID SOLUÇÕES S.A.;-1209810.0;36503.0;1879437.0
2022-12-31;VAMOS LOCAÇÃO DE CAMINHÕES, MÁQUINAS E EQUIPAMENTOS S.A.;-2821051.0;668629.0;4913454.0
2022-12-31;VIA S.A.;-21308000.0;-342000.0;30898000.0
2022-12-31;VIBRA ENERGIA S/A;-173957000.0;1537000.0;181446000.0
2022-12-31;VIVARA PARTICIPAÇÕES S.A.;-573527520.0;360854417.0;1843735089.0
2022-12-31;VIX LOGÍSTICA S/A;-2068818.0;88453.0;2620081.0
2022-12-31;VULCABRAS S.A.;-1599498.0;469930.0;2536936.0
2022-12-31;WETZEL S.A.;-246209.0;24042.0;293024.0
2022-12-31;WLM PART. E COMÉRCIO DE MÁQUINAS E VEÍCULOS S.A.;-1711196.0;117274.0;1974513.0
2022-12-31;YDUQS PARTICIPACOES S.A.;-1982472.0;-55444.0;4564940.0
