DT_REFER;DENOM_CIA;margem_bruta;margem_liquida;margem_ebit
2010-12-31;ALIANSCE SONAE SHOPPING CENTERS S.A.;81.2236161484036;114.99981082001416;152.4077207054792
2010-12-31;ALPER CONSULTORIA E CORRETORA DE SEGUROS S.A.;100.0;91.70700905072616;69.00301690872097
2010-12-31;ALUPAR INVESTIMENTO S/A;53.355292103883265;33.78752629326712;50.534303296226426
2010-12-31;B3 S.A. - BRASIL, BOLSA, BALCÃO;89.87911844356911;54.43313227626972;61.567550702621666
2010-12-31;BR PROPERTIES S.A.;100.0;397.8049925659285;590.8966859691682
2010-12-31;BRASKEM S.A.;16.01518457653569;7.411251471230407;12.610253291874972
2010-12-31;BRF S.A.;25.26359985491101;3.5491689987321244;6.545405582310643
2010-12-31;CCR S.A.;47.2940289303401;14.547364370779704;36.5290634656974
2010-12-31;CIA SIDERURGICA NACIONAL;46.80643105329846;17.412471947356874;34.58940895511646
2010-12-31;CIA TECIDOS SANTANENSE;25.75076499001087;7.183319424424045;11.545343044280909
2010-12-31;COGNA EDUCAÇÃO S.A.;27.560819835879407;-4.939792989939652;-5.228779968016329
2010-12-31;CONSTRUTORA ADOLPHO LINDENBERG S.A.;55.9413754227734;-52.965050732807214;6.031567080045096
2010-12-31;CPFL ENERGIAS RENOVÁVEIS S.A.;38.83379573185366;-15.084431729818466;-9.949408161893881
2010-12-31;DOHLER S.A.;23.959351340829922;5.023499499191001;-0.5060806728277664
2010-12-31;ECORODOVIAS INFRAESTRUTURA E LOGÍSTICA S.A.;56.317280373884145;41.61079231833949;67.90694644468229
2010-12-31;EMBPAR PARTICIPAÇÕES S/A;15.165887573694906;-0.27783093226902855;6.218984354355175
2010-12-31;EMBRAER S.A.;19.166771936837897;6.398059830768206;7.307828636151642
2010-12-31;ENAUTA PARTICIPAÇÕES S.A.;59.81636928614614;25.02425443961699;25.25765948172832
2010-12-31;ENGIE BRASIL ENERGIA S.A.;53.95374234735748;29.54966867713025;52.437858823363
2010-12-31;GERDAU S.A.;17.58257016668796;7.827740706596767;11.609364305509514
2010-12-31;HOTEIS OTHON S.A. - EM RECUPERAÇÃO JUDICIAL;66.90131992457574;-15.38026398491515;2.174732872407291
2010-12-31;JSL S.A.;17.505209619716247;4.586782380122053;11.891588639454877
2010-12-31;KLABIN S.A.;37.420703695585175;15.891390234587943;22.422001699552617
2010-12-31;MANGELS INDUSTRIAL S.A.;16.30368311593472;2.746154936248607;6.598048966074581
2010-12-31;MOURA DUBEUX ENGENHARIA S/A;39.696153630631194;26.23633301140166;33.531381746144234
2010-12-31;OSX BRASIL S.A.;6.418383518225039;-873.6246321032376;-1948.7774507584334
2010-12-31;PADTEC HOLDING S.A.;19.756523937289906;-3.2962855913434863;-0.42509333187112625
2010-12-31;PBG S/A;31.95917210093564;6.316592200072348;13.568041610042725
2010-12-31;PETRO RIO S.A.;7.535432565894953;-913.0379016225229;-1227.999743474636
2010-12-31;POSITIVO TECNOLOGIA S.A.;27.304461023240627;3.832093503837636;4.970989493492238
2010-12-31;REDE ENERGIA PARTICIPAÇÕES S.A.;20.826098921280657;-5.463676741010575;11.250905151756491
2010-12-31;RNI NEGÓCIOS IMOBILIÁRIOS S.A.;31.49559510100351;10.161758782852377;14.615301705799263
2010-12-31;RUMO S.A.;44.1745526017321;8.711686921265823;37.11096769929229
2010-12-31;SARAIVA LIVREIROS S.A. - EM RECUPERAÇÃO JUDICIAL;43.12342485571295;3.8993926908193055;7.494491787523579
2010-12-31;SER EDUCACIONAL S.A.;64.328077227947;25.279554976786322;31.76027629939984
2010-12-31;SUZANO HOLDING S.A.;30.327844369340717;16.90519782948995;24.866146349018457
2010-12-31;SUZANO S.A.;30.24848007801709;17.03626345654063;25.508968664008346
2010-12-31;TAURUS ARMAS S.A.;43.08592854228525;10.469683929012833;15.420410448539068
2010-12-31;TRANSMISSORA ALIANÇA DE ENERGIA ELÉTRICA S.A.;91.1627184777246;53.67308043887131;85.36440293816382
2010-12-31;TRONOX PIGMENTOS DO BRASIL S.A.;6.2878512329570135;-9.506993760174588;-8.795081590925944
2010-12-31;UNIPAR CARBOCLORO S.A.;38.678004262666256;9.580247538215373;13.41759583093532
2010-12-31;VALE S.A.;59.439995000541124;36.55330662813883;48.5938775589409
2010-12-31;VALID SOLUÇÕES S.A.;26.000034352955474;12.409344532396819;18.17786639078601
2010-12-31;VIX LOGÍSTICA S/A;17.11840722170182;5.176378170614472;12.079603226317994
2010-12-31;VULCABRAS S.A.;30.809115405863295;6.1956354226773085;9.715109006913508
2010-12-31;WLM PART. E COMÉRCIO DE MÁQUINAS E VEÍCULOS S.A.;14.073664053008489;5.608749005378587;7.307999910458634
2010-12-31;YDUQS PARTICIPACOES S.A.;31.412401245478055;7.937757588401781;5.855793795440857
2011-03-31;COSAN S.A.;16.12868063075332;4.299071939626251;7.405870851020955
2011-12-31;ALIANSCE SONAE SHOPPING CENTERS S.A.;83.2064237972489;166.2098227524694;205.5126947555718
2011-12-31;ALPER CONSULTORIA E CORRETORA DE SEGUROS S.A.;100.0;75.52209443099274;52.67719568567026
2011-12-31;ALUPAR INVESTIMENTO S/A;69.26193409110572;36.17565268262136;60.841514610944714
2011-12-31;B3 S.A. - BRASIL, BOLSA, BALCÃO;90.01414472611548;49.552808316512944;61.790713819534474
2011-12-31;BR PROPERTIES S.A.;100.0;97.65477604639787;213.43546921948155
2011-12-31;BRASKEM S.A.;11.629462240355725;-1.5578626338913244;5.81714399737643
2011-12-31;BRF S.A.;25.905288047204728;5.3103414042926085;7.78460465510356
2011-12-31;CCR S.A.;55.55232888793322;17.73892662207243;44.349196072840364
2011-12-31;CIA SIDERURGICA NACIONAL;40.671363152970436;22.19931204078747;34.8490736812743
2011-12-31;CIA TECIDOS SANTANENSE;22.924063449206887;6.580357745528182;9.340533243334459
2011-12-31;COGNA EDUCAÇÃO S.A.;32.822546501069354;5.08812842640354;5.141085803202764
2011-12-31;CONSTRUTORA ADOLPHO LINDENBERG S.A.;40.41528416996682;-35.19212244461094;-16.44546719469121
2011-12-31;CPFL ENERGIAS RENOVÁVEIS S.A.;76.11751835860673;41.277479721158656;27.503578619060363
2011-12-31;DOHLER S.A.;29.16888085875226;8.018585928366457;7.717345095121692
2011-12-31;ECORODOVIAS INFRAESTRUTURA E LOGÍSTICA S.A.;55.50859677646193;21.208938962038907;43.1367248358434
2011-12-31;EMBPAR PARTICIPAÇÕES S/A;13.171082925019187;-5.04650986278958;3.1547011646440706
2011-12-31;EMBRAER S.A.;22.511844374980665;1.7371986664712256;5.292403014590606
2011-12-31;ENAUTA PARTICIPAÇÕES S.A.;55.46059438006692;31.880542685817296;12.75297830156363
2011-12-31;ENGIE BRASIL ENERGIA S.A.;56.99921260952574;33.467122692168225;55.66501677509174
2011-12-31;GERDAU S.A.;14.428163193603034;5.9242212932099445;8.131233622486993
2011-12-31;HIDROVIAS DO BRASIL S.A.;;-inf;-inf
2011-12-31;HOTEIS OTHON S.A. - EM RECUPERAÇÃO JUDICIAL;67.79615487931233;-36.572393414943015;-27.285007099274722
2011-12-31;JSL S.A.;16.34922144290616;2.362101404471404;9.541295146615553
2011-12-31;KLABIN S.A.;34.256473970797224;4.6982233397469;20.48531928947989
2011-12-31;MANGELS INDUSTRIAL S.A.;13.404684439427642;-4.509727432688158;0.3768135188074765
2011-12-31;MOURA DUBEUX ENGENHARIA S/A;28.995974459832357;14.062342639937157;18.456483018781057
2011-12-31;OSX BRASIL S.A.;43.52194019399167;3.2482164275859198;-87.08686638979984
2011-12-31;PADTEC HOLDING S.A.;16.98493299883039;-1.5972946643331924;1.0417295296555253
2011-12-31;PBG S/A;31.72309076594309;4.1563992188218934;11.306803270586872
2011-12-31;PETRO RIO S.A.;5.112206903492;-3059.625641541713;-5101.106973935795
2011-12-31;POSITIVO TECNOLOGIA S.A.;21.765000665452355;-3.2627345239084784;-2.537992044360928
2011-12-31;RAIA DROGASIL S.A.;26.303330558600596;2.516897536154572;2.9148249866636964
2011-12-31;REDE ENERGIA PARTICIPAÇÕES S.A.;21.686937562625104;-9.392744315330113;11.681029376201908
2011-12-31;RNI NEGÓCIOS IMOBILIÁRIOS S.A.;22.306089322926432;7.753212871844046;16.059136127197046
2011-12-31;RUMO S.A.;42.27936020723462;7.918845713259265;36.20933343627834
2011-12-31;SARAIVA LIVREIROS S.A. - EM RECUPERAÇÃO JUDICIAL;42.52954127838125;3.436851993708731;7.389859113473131
2011-12-31;SER EDUCACIONAL S.A.;60.86684067416098;17.19295760065825;24.700164017502466
2011-12-31;SUZANO HOLDING S.A.;22.25973736378263;0.7837786204086629;13.047066904658713
2011-12-31;SUZANO S.A.;22.195826392309552;0.6165650575042677;13.951292783728011
2011-12-31;TAURUS ARMAS S.A.;42.76402661626492;6.041898609636745;16.339842839758692
2011-12-31;TRANSMISSORA ALIANÇA DE ENERGIA ELÉTRICA S.A.;93.5732879816775;49.6768092863933;89.5177108109951
2011-12-31;TRONOX PIGMENTOS DO BRASIL S.A.;22.69193761093618;8.602223836104171;11.963671925183462
2011-12-31;UNIPAR CARBOCLORO S.A.;38.83092853357888;1.2879649979296426;4.862589076041476
2011-12-31;VALE S.A.;60.76485264504069;36.2421401177283;51.44359186451002
2011-12-31;VALID SOLUÇÕES S.A.;28.049281455146303;12.795236171773356;17.8174407467969
2011-12-31;VIX LOGÍSTICA S/A;17.816828564653235;4.965178718210214;12.80320411075888
2011-12-31;VULCABRAS S.A.;13.68744511008065;-20.66372089403785;-15.646316334651456
2011-12-31;WLM PART. E COMÉRCIO DE MÁQUINAS E VEÍCULOS S.A.;15.407884901646362;4.061919029943716;4.7379472338105675
2011-12-31;YDUQS PARTICIPACOES S.A.;33.34114104648317;6.108737353463882;7.037216669264399
2012-03-31;COSAN S.A.;10.922044226387639;10.975652824114457;17.55057843378153
2012-12-31;ALIANSCE SONAE SHOPPING CENTERS S.A.;83.18986494115266;120.6127287804992;162.21895184367588
2012-12-31;ALPER CONSULTORIA E CORRETORA DE SEGUROS S.A.;100.0;51.55256889949425;46.039732078235964
2012-12-31;ALUPAR INVESTIMENTO S/A;76.94551261679273;42.81907455666434;70.00675332104494
2012-12-31;B3 S.A. - BRASIL, BOLSA, BALCÃO;100.0;52.028381159946726;70.27194575614482
2012-12-31;BB SEGURIDADE PARTICIPAÇÕES S.A.;;;
2012-12-31;BR PROPERTIES S.A.;100.0;194.57504062140848;361.13422898585185
2012-12-31;BRASKEM S.A.;9.301951598716395;-2.078947840444551;4.332457973536015
2012-12-31;BRF S.A.;22.63117902508796;2.877778090647378;4.870415353330283
2012-12-31;CCR S.A.;56.21511389812712;20.67329114665851;43.30039471553469
2012-12-31;CIA SIDERURGICA NACIONAL;28.551033530252607;-2.8442619031047336;3.797863243614091
2012-12-31;CIA TECIDOS SANTANENSE;26.21203518581804;8.617242557725891;14.065447343707534
2012-12-31;COGNA EDUCAÇÃO S.A.;45.7271305651958;14.37456512180858;17.292393242295276
2012-12-31;CONSTRUTORA ADOLPHO LINDENBERG S.A.;48.6398325947809;9.32730182176268;15.666543574593797
2012-12-31;CPFL ENERGIAS RENOVÁVEIS S.A.;51.90905483494953;1.0244041566429405;26.678281788646114
2012-12-31;DOHLER S.A.;28.008658560689625;6.695082218070761;7.199739860621401
2012-12-31;ECORODOVIAS INFRAESTRUTURA E LOGÍSTICA S.A.;51.75183169531282;17.726277828257526;39.56042633224676
2012-12-31;EMBPAR PARTICIPAÇÕES S/A;12.946852358443373;-4.167937664568808;5.646647127870116
2012-12-31;EMBRAER S.A.;24.202712487547856;5.728768455909681;9.977540042526808
2012-12-31;ENAUTA PARTICIPAÇÕES S.A.;60.458873559936485;17.838401405129936;8.656820374384067
2012-12-31;ENGIE BRASIL ENERGIA S.A.;56.62219982131295;30.532789930338915;51.852183583141695
2012-12-31;GERDAU S.A.;12.49962481900479;3.9393741212207956;6.182469395498902
2012-12-31;HIDROVIAS DO BRASIL S.A.;41.67664670658683;-372.09580838323353;-452.6467065868263
2012-12-31;HOTEIS OTHON S.A. - EM RECUPERAÇÃO JUDICIAL;70.6061539066236;-18.269778776424655;-0.2921697204734984
2012-12-31;IGUA SANEAMENTO S.A.;29.704765363490225;-3.487524246288805;4.735521904005811
2012-12-31;JSL S.A.;17.54485035294445;1.932939062004239;7.55046006610311
2012-12-31;KLABIN S.A.;53.47469900352333;18.060148859059435;39.48963294401334
2012-12-31;MANGELS INDUSTRIAL S.A.;15.383739635140065;-31.391742687937864;7.088900086228889
2012-12-31;MOURA DUBEUX ENGENHARIA S/A;23.509037339289325;11.259551579928246;16.06028542729738
2012-12-31;OSX BRASIL S.A.;40.0308456266296;-7.544038010664564;-8.083029603041222
2012-12-31;PADTEC HOLDING S.A.;14.914406494793289;-1.2092381500469018;0.45663948770024176
2012-12-31;PBG S/A;35.44646560156043;9.296206072152998;16.541655637669486
2012-12-31;PETRO RIO S.A.;53.705899792469616;-4114.52712718648;-5991.46160687815
2012-12-31;POSITIVO TECNOLOGIA S.A.;24.585624789908696;1.3751016864695278;2.8366084043810127
2012-12-31;RAIA DROGASIL S.A.;27.740651450881735;1.9487140030122319;2.9851722666523934
2012-12-31;REDE ENERGIA PARTICIPAÇÕES S.A.;20.493562025546527;-34.02856007755716;0.5417030341684749
2012-12-31;RNI NEGÓCIOS IMOBILIÁRIOS S.A.;30.55004657591875;10.561840800504822;15.617080841772088
2012-12-31;RUMO S.A.;38.96081296247413;6.8197192270983;33.591223170685915
2012-12-31;SARAIVA LIVREIROS S.A. - EM RECUPERAÇÃO JUDICIAL;43.66321217934222;4.0037222165903765;7.480771580148525
2012-12-31;SER EDUCACIONAL S.A.;63.92784651499374;22.682457595707504;26.971071535732566
2012-12-31;SUZANO HOLDING S.A.;22.298483172207398;-3.250477275304254;9.690021793823615
2012-12-31;SUZANO S.A.;22.264079138846583;-3.507622452666376;10.483905758767035
2012-12-31;TAURUS ARMAS S.A.;38.0520734809286;-16.721091172102696;12.006630802130188
2012-12-31;TRANSMISSORA ALIANÇA DE ENERGIA ELÉTRICA S.A.;91.10687796442849;48.14852951271415;88.85064347098415
2012-12-31;TRONOX PIGMENTOS DO BRASIL S.A.;23.418843549653996;10.996239364246314;15.018847060165786
2012-12-31;UNIPAR CARBOCLORO S.A.;41.26499074246031;11.05333355844068;16.65034638393184
2012-12-31;VALE S.A.;44.39465305447731;9.873583224785166;16.036737606190435
2012-12-31;VALID SOLUÇÕES S.A.;29.6198322767487;10.972651869146413;17.73803032421018
2012-12-31;VIX LOGÍSTICA S/A;18.90852938550549;6.365381979505533;13.232122670040075
2012-12-31;VULCABRAS S.A.;22.833746312684365;-20.764062368310157;-7.0435735356089335
2012-12-31;WLM PART. E COMÉRCIO DE MÁQUINAS E VEÍCULOS S.A.;15.67421268928135;4.256345686852985;7.274508573123556
2012-12-31;YDUQS PARTICIPACOES S.A.;36.57430701343466;7.929440579257537;10.749026956064101
2013-03-31;COSAN S.A.;11.101305389224748;2.8927934540509868;5.325533087015376
2013-12-31;ALIANSCE SONAE SHOPPING CENTERS S.A.;78.70747115182373;133.63251303698226;198.67055418960376
2013-12-31;ALPER CONSULTORIA E CORRETORA DE SEGUROS S.A.;100.0;42.119775992057335;38.34856194347057
2013-12-31;ALUPAR INVESTIMENTO S/A;79.95872426367201;50.740027160797965;74.80917331548437
2013-12-31;AMBEV S.A.;67.23959384090162;32.63471127095781;44.192283085203464
2013-12-31;B3 S.A. - BRASIL, BOLSA, BALCÃO;100.0;50.705954371785275;70.644691445472
2013-12-31;BB SEGURIDADE PARTICIPAÇÕES S.A.;;inf;inf
2013-12-31;BR PROPERTIES S.A.;100.0;7.612242467547933;77.0044496411056
2013-12-31;BRASKEM S.A.;12.567227466097334;1.2375990035511792;6.6877107818525445
2013-12-31;BRF S.A.;24.796173131332843;3.4953913742577876;6.420602881022616
2013-12-31;CCR S.A.;53.36665914298507;22.73532474880156;45.291975910479046
2013-12-31;CIA SIDERURGICA NACIONAL;28.244015629924206;3.084453992368028;18.02031049132785
2013-12-31;CIA TECIDOS SANTANENSE;23.48959482792195;9.186410312999001;12.550078541847876
2013-12-31;COGNA EDUCAÇÃO S.A.;54.245310628976426;25.62429871494319;27.716571210878087
2013-12-31;CONSTRUTORA ADOLPHO LINDENBERG S.A.;46.81899537435206;43.597312940192;32.43764673066642
2013-12-31;COSAN S.A.;29.077097630286;7.6073236453532855;18.358704745156228
2013-12-31;CPFL ENERGIAS RENOVÁVEIS S.A.;43.69312720950392;-5.40117866388641;21.082631151636885
2013-12-31;DOHLER S.A.;33.66992305227775;10.891605258727893;12.244027998761887
2013-12-31;ECORODOVIAS INFRAESTRUTURA E LOGÍSTICA S.A.;48.97400929649546;15.138426234502525;36.36356746855603
2013-12-31;EMBPAR PARTICIPAÇÕES S/A;10.58669354669777;2.3021473022352823;4.250698185346528
2013-12-31;EMBRAER S.A.;22.703593161729753;5.767225590550084;11.776937052530515
2013-12-31;ENAUTA PARTICIPAÇÕES S.A.;56.81872418162966;39.54880597751848;25.84573163706983
2013-12-31;ENGIE BRASIL ENERGIA S.A.;47.709843197409505;25.800596840387758;42.86903595085207
2013-12-31;GERDAU S.A.;12.880546457110128;4.248803220888564;6.9097168888562095
2013-12-31;HIDROVIAS DO BRASIL S.A.;-26.19818652849741;-937.9209844559587;-1007.7396373056995
2013-12-31;HOTEIS OTHON S.A. - EM RECUPERAÇÃO JUDICIAL;70.212814802911;64.39140016988453;67.34314378199683
2013-12-31;IGUA SANEAMENTO S.A.;28.989086519511233;4.028708448298516;9.85785376428853
2013-12-31;JSL S.A.;16.027257864709302;1.971339002047816;7.476150948484363
2013-12-31;KLABIN S.A.;37.58604772818343;6.307365605086124;24.335072641991662
2013-12-31;MANGELS INDUSTRIAL S.A.;6.701157279363117;-29.77472640701092;-8.55020119524073
2013-12-31;MOURA DUBEUX ENGENHARIA S/A;28.216193924397626;14.26620332466083;18.889798591779925
2013-12-31;OMEGA GERAÇÃO S.A.;40.98926853336622;-34.69840878253361;-25.84186505489083
2013-12-31;OSX BRASIL S.A.;59.24458109600697;-322.0732684402441;-307.9883455483189
2013-12-31;PADTEC HOLDING S.A.;14.678729713812483;-1.0076301936735306;0.4599697600434748
2013-12-31;PBG S/A;36.4198256182017;10.8522214974965;16.63161605310108
2013-12-31;PETRO RIO S.A.;48.418657565415245;-50918.54379977247;-59277.08759954494
2013-12-31;POSITIVO TECNOLOGIA S.A.;21.395594757597117;0.6074342313151633;2.916931128491237
2013-12-31;RAIA DROGASIL S.A.;27.598240888418413;1.6201879087470894;2.4039138002595575
2013-12-31;REDE ENERGIA PARTICIPAÇÕES S.A.;41.00959658253362;-129.87776139907544;3.4846524873900706
2013-12-31;RNI NEGÓCIOS IMOBILIÁRIOS S.A.;31.949826420222312;17.223546335714968;20.979133268926567
2013-12-31;RUMO S.A.;40.77811824268844;0.768325375828041;33.30791288907148
2013-12-31;SARAIVA LIVREIROS S.A. - EM RECUPERAÇÃO JUDICIAL;42.13889579526727;0.6073933026736781;2.2914974733539486
2013-12-31;SER EDUCACIONAL S.A.;60.55486348440432;25.46123683939741;30.07656082721598
2013-12-31;SUZANO HOLDING S.A.;26.334817865497133;-3.669159595673408;16.60044302203387
2013-12-31;SUZANO S.A.;26.3387022347228;-3.875435628117515;17.149434177854932
2013-12-31;TAURUS ARMAS S.A.;29.940421631530707;-9.947481853989645;1.985408873584859
2013-12-31;TRANSMISSORA ALIANÇA DE ENERGIA ELÉTRICA S.A.;84.90293545399355;61.66739533280704;91.2504118172381
2013-12-31;TRONOX PIGMENTOS DO BRASIL S.A.;8.474978083443432;2.8433490967909223;2.837422366000321
2013-12-31;UNICASA INDÚSTRIA DE MÓVEIS S.A.;39.9547920083437;5.315234627925822;5.373004703026919
2013-12-31;VALE S.A.;48.260154791793894;-0.25417739981162824;32.94590437790726
2013-12-31;VALID SOLUÇÕES S.A.;25.699409017252883;7.806606342851696;11.329268624807657
2013-12-31;VIX LOGÍSTICA S/A;17.239506747140894;6.093222109649417;12.285887181023641
2013-12-31;VULCABRAS S.A.;20.81144858034559;-9.547894730098722;-0.6722001270691125
2013-12-31;WLM PART. E COMÉRCIO DE MÁQUINAS E VEÍCULOS S.A.;13.624566521108825;1.7063315458066564;3.1536553231428157
2013-12-31;YDUQS PARTICIPACOES S.A.;40.11958336462528;14.136660100172731;14.358380367531096
2014-12-31;ALIANSCE SONAE SHOPPING CENTERS S.A.;76.25594558301226;86.20969867346042;132.51339717122025
2014-12-31;ALPER CONSULTORIA E CORRETORA DE SEGUROS S.A.;100.0;7.1239266405173325;-1.3966924626311885
2014-12-31;ALUPAR INVESTIMENTO S/A;76.54133889782838;50.99070081703647;71.2518350080184
2014-12-31;AMBEV S.A.;66.34805668288158;32.46346762557962;41.607326784872164
2014-12-31;B3 S.A. - BRASIL, BOLSA, BALCÃO;100.0;48.16283029284886;70.84809003793772
2014-12-31;BB SEGURIDADE PARTICIPAÇÕES S.A.;;inf;inf
2014-12-31;BR PROPERTIES S.A.;100.0;31.94847440450867;102.3979789385125
2014-12-31;BRASKEM S.A.;12.978204937504708;1.577838548387058;7.753856830172993
2014-12-31;BRF S.A.;29.335881191896686;7.670179757238663;11.991373897531696
2014-12-31;CCR S.A.;44.4360388547333;18.24601328557829;38.705893072427195
2014-12-31;CIA SIDERURGICA NACIONAL;28.11475117063924;-0.6961762673388303;17.4747144900309
2014-12-31;CIA TECIDOS SANTANENSE;16.480166521501648;0.23595466914677413;2.6769413976192937
2014-12-31;COGNA EDUCAÇÃO S.A.;56.46732327012366;26.509647037005145;27.575146212387153
2014-12-31;CONSTRUTORA ADOLPHO LINDENBERG S.A.;47.4447529150472;18.525263742365354;21.07940033314825
2014-12-31;COSAN S.A.;28.765722462744247;7.896192681772113;18.19070726977979
2014-12-31;CPFL ENERGIAS RENOVÁVEIS S.A.;38.737859953335416;-13.414345794055436;18.53767191636603
2014-12-31;DOHLER S.A.;32.23392202430968;10.665324259468134;10.486673075904044
2014-12-31;ECORODOVIAS INFRAESTRUTURA E LOGÍSTICA S.A.;41.39750037538292;16.14742385174537;37.77383800686482
2014-12-31;EMBPAR PARTICIPAÇÕES S/A;12.402401741922713;-3.1951455827419073;2.744384880647966
2014-12-31;EMBRAER S.A.;19.809552949903956;5.534312941092977;8.729123300823318
2014-12-31;ENAUTA PARTICIPAÇÕES S.A.;53.22475518250032;32.99790156428844;19.64024545338929
2014-12-31;ENGIE BRASIL ENERGIA S.A.;38.58956421139542;21.368958744818073;35.58052411310876
2014-12-31;GERDAU S.A.;12.080971291090403;3.49823988381233;6.813714336267569
2014-12-31;HIDROVIAS DO BRASIL S.A.;15.096315740630262;-21.600445452014476;-35.408132150764295
2014-12-31;HOTEIS OTHON S.A. - EM RECUPERAÇÃO JUDICIAL;70.17925328807807;-0.4902654032904351;14.400367699052468
2014-12-31;IGUA SANEAMENTO S.A.;40.8530061923453;3.0030040668263167;23.273370081194823
2014-12-31;JSL S.A.;17.923582384007492;1.3077714916646717;8.306298714217267
2014-12-31;KLABIN S.A.;45.860872820390846;14.923326716908988;34.73183456405365
2014-12-31;MANGELS INDUSTRIAL S.A.;10.375582576382236;-9.85795915464472;-3.2457588883875883
2014-12-31;MOURA DUBEUX ENGENHARIA S/A;28.891344504164696;11.181321875187155;17.650719911503906
2014-12-31;OMEGA GERAÇÃO S.A.;43.93681249071671;23.038277720985906;31.20669619843953
2014-12-31;OSX BRASIL S.A.;24.892761980839413;-579.5416121813636;-536.9878153536392
2014-12-31;PADTEC HOLDING S.A.;16.201531068630906;-1.8352042661800079;-3.2233064926278554
2014-12-31;PBG S/A;37.63568762267594;9.849264655527543;16.620923840037424
2014-12-31;PETRO RIO S.A.;3.853635390755465;-206.03793040409664;-219.34869638627967
2014-12-31;POSITIVO TECNOLOGIA S.A.;22.562242688261374;0.9980875457151203;3.7273343715513954
2014-12-31;REDE ENERGIA PARTICIPAÇÕES S.A.;20.872599278236763;35.13682107164149;19.934716116345207
2014-12-31;RNI NEGÓCIOS IMOBILIÁRIOS S.A.;29.448758307100388;10.841133263378804;11.189786638684856
2014-12-31;RUMO S.A.;18.69896656614544;-55.03976298229459;-19.893219835994746
2014-12-31;SARAIVA LIVREIROS S.A. - EM RECUPERAÇÃO JUDICIAL;40.837642260522166;0.25258041194296177;2.9794555918631045
2014-12-31;SER EDUCACIONAL S.A.;62.08941845243076;30.332436491851126;32.52868167138726
2014-12-31;SUZANO HOLDING S.A.;26.269531034938392;-3.189078036050519;16.576329321602785
2014-12-31;SUZANO S.A.;26.277224661677817;-3.5997306940135303;16.925490312679337
2014-12-31;TAURUS ARMAS S.A.;23.880879608341672;-31.34585215439128;-15.698114738578886
2014-12-31;TRANSMISSORA ALIANÇA DE ENERGIA ELÉTRICA S.A.;88.57570911696988;60.492216894726845;101.32002588574439
2014-12-31;TRONOX PIGMENTOS DO BRASIL S.A.;4.507346290370393;-13.076878250977353;-5.665980050115407
2014-12-31;UNICASA INDÚSTRIA DE MÓVEIS S.A.;41.52126510650005;-0.9888264256470695;-5.918586076765454
2014-12-31;VALE S.A.;33.06576512799316;0.2487556891246724;19.906751394433396
2014-12-31;VALID SOLUÇÕES S.A.;27.52836297197035;8.498243903041226;13.350349058991279
2014-12-31;VIX LOGÍSTICA S/A;17.291961518479372;4.585624966409287;11.801984987190743
2014-12-31;VULCABRAS S.A.;27.138558329196677;-5.744806953052062;2.9916496136535646
2014-12-31;WLM PART. E COMÉRCIO DE MÁQUINAS E VEÍCULOS S.A.;15.960900753402798;1.4114162030163862;1.5629986263926852
2014-12-31;YDUQS PARTICIPACOES S.A.;42.77980456351187;17.702282088648445;17.660609599478303
2015-12-31;ALIANSCE SONAE SHOPPING CENTERS S.A.;75.9288000483121;61.60969865330031;101.20538679871973
2015-12-31;ALPER CONSULTORIA E CORRETORA DE SEGUROS S.A.;100.0;-54.725497082767625;-75.47270697147769
2015-12-31;ALUPAR INVESTIMENTO S/A;77.23973408482692;38.24368505027253;72.1243017517219
2015-12-31;AMBEV S.A.;65.62216924816215;27.566571342325357;40.20020401907606
2015-12-31;B3 S.A. - BRASIL, BOLSA, BALCÃO;100.0;99.40558522516572;103.68991903940841
2015-12-31;BB SEGURIDADE PARTICIPAÇÕES S.A.;;inf;inf
2015-12-31;BR PROPERTIES S.A.;100.0;-107.67849149507609;-9.625111906893464
2015-12-31;BRASKEM S.A.;21.954848208011185;6.130702885240182;14.914856495134106
2015-12-31;BRF S.A.;31.33532325353226;9.724187966301164;13.133094390926544
2015-12-31;CCR S.A.;38.082160760903726;9.280381277446923;32.1910656673977
2015-12-31;CIA SIDERURGICA NACIONAL;23.037621286717354;10.539829108707806;33.770382077781605
2015-12-31;CIA TECIDOS SANTANENSE;13.714282348714416;-6.199256124603546;-4.824294039867716
2015-12-31;COGNA EDUCAÇÃO S.A.;57.43875945906009;26.516972842464416;28.401776390687434
2015-12-31;CONSTRUTORA ADOLPHO LINDENBERG S.A.;48.73975432351067;32.05221174764322;34.30241501307491
2015-12-31;COSAN S.A.;29.917293162804437;11.456156431553092;24.01205361965314
2015-12-31;CPFL ENERGIAS RENOVÁVEIS S.A.;47.51286552359813;-3.2491949877147257;30.731327316527896
2015-12-31;DOHLER S.A.;27.661802221641924;7.087007613040597;6.800263142036438
2015-12-31;ECORODOVIAS INFRAESTRUTURA E LOGÍSTICA S.A.;44.145030849375686;3.991164912554077;32.60391345971861
2015-12-31;EMBPAR PARTICIPAÇÕES S/A;13.778027202289481;15.03118949047861;37.346586785528544
2015-12-31;EMBRAER S.A.;18.502883319883768;1.3871105136591284;5.433353572946912
2015-12-31;ENAUTA PARTICIPAÇÕES S.A.;49.04109699471172;18.866285631368502;-39.60362117889849
2015-12-31;ENGIE BRASIL ENERGIA S.A.;41.59899582880134;23.054276257951237;38.44925942527661
2015-12-31;GERDAU S.A.;9.845325423385717;-10.5457896437598;-7.378202011273611
2015-12-31;HIDROVIAS DO BRASIL S.A.;17.40213940261845;-30.610071194508286;-14.598186756904136
2015-12-31;HOTEIS OTHON S.A. - EM RECUPERAÇÃO JUDICIAL;66.04435846058178;-16.456850687487044;0.46638568368686517
2015-12-31;IGUA SANEAMENTO S.A.;43.33736278236293;-14.25786487441314;15.764864623281985
2015-12-31;JSL S.A.;18.98789164181377;0.7806792487101647;9.740627241268319
2015-12-31;KLABIN S.A.;39.42267980334022;-22.033888173002655;26.22942691534146
2015-12-31;MANGELS INDUSTRIAL S.A.;7.882295421741989;-33.60133995513209;-1.0812277619614623
2015-12-31;MOURA DUBEUX ENGENHARIA S/A;27.663003852085094;9.38618282241049;19.104406346584422
2015-12-31;OMEGA GERAÇÃO S.A.;41.03670499849885;3.3346599359041496;31.04040552145954
2015-12-31;OSX BRASIL S.A.;18.372899852002792;-238.37570045171742;94.57359662189731
2015-12-31;PADTEC HOLDING S.A.;18.028194444444445;-33.89527777777778;-23.920694444444447
2015-12-31;PBG S/A;37.36362393259115;4.9672999212557585;12.674993752328142
2015-12-31;PETRO RIO S.A.;-16.35351344089208;43.6324193605747;33.27682745158474
2015-12-31;POSITIVO TECNOLOGIA S.A.;18.834564621897567;-4.333842775925013;-3.3611275228665938
2015-12-31;QUALITY SOFTWARE S.A.;40.50919292356146;11.663849208929223;18.28747393216901
2015-12-31;RAIA DROGASIL S.A.;30.508047506762594;3.8187319204899968;5.629034612747418
2015-12-31;REDE ENERGIA PARTICIPAÇÕES S.A.;10.991880375275684;5.28708868672922;5.385081153939384
2015-12-31;RNI NEGÓCIOS IMOBILIÁRIOS S.A.;29.4550595969691;1.7996615990253477;1.2326695100004126
2015-12-31;RUMO S.A.;16.59434884555015;-28.704044720228616;-0.43969170963474885
2015-12-31;SARAIVA LIVREIROS S.A. - EM RECUPERAÇÃO JUDICIAL;31.70257471873828;5.286169171628173;-5.6319469318569615
2015-12-31;SER EDUCACIONAL S.A.;53.20256287361763;15.786646750194313;21.376686945791324
2015-12-31;SUZANO HOLDING S.A.;39.50117792864514;-8.33206516593889;29.731675991772104
2015-12-31;SUZANO S.A.;39.514596560117546;-9.050482470249241;30.026169850614625
2015-12-31;TAURUS ARMAS S.A.;29.384602498880202;-30.809325948126325;-7.395767708291606
2015-12-31;TRANSMISSORA ALIANÇA DE ENERGIA ELÉTRICA S.A.;92.31833461375136;58.959068763310675;99.68141902733612
2015-12-31;TRONOX PIGMENTOS DO BRASIL S.A.;7.379948934075737;-4.947573422055841;-1.5227489463807795
2015-12-31;UNICASA INDÚSTRIA DE MÓVEIS S.A.;46.359790165819305;5.885866733736952;3.5988897472288595
2015-12-31;VALE S.A.;19.697790332127614;-53.79773215145539;-33.143168945331695
2015-12-31;VALID SOLUÇÕES S.A.;26.30451683668141;8.12858379132372;11.82674802294115
2015-12-31;VIX LOGÍSTICA S/A;17.476297831646452;5.835038966321501;11.715253767898329
2015-12-31;VULCABRAS S.A.;29.760165652905396;-5.168370648375825;3.9297010482722916
2015-12-31;WLM PART. E COMÉRCIO DE MÁQUINAS E VEÍCULOS S.A.;20.677516484047306;0.7936092616595953;-0.9852187004371593
2015-12-31;YDUQS PARTICIPACOES S.A.;43.50903000657952;16.48875187026565;17.5508994625474
2016-12-31;ALIANSCE SONAE SHOPPING CENTERS S.A.;75.35393550573484;72.38718762233636;112.89739230018638
2016-12-31;ALPER CONSULTORIA E CORRETORA DE SEGUROS S.A.;100.0;-70.7730035346387;-77.00668326761075
2016-12-31;ALUPAR INVESTIMENTO S/A;78.1053808989639;44.38924682602968;79.89697588702873
2016-12-31;AMBEV S.A.;63.42758249914956;28.690048789145855;37.49871635498717
2016-12-31;ATACADÃO S.A.;19.98779820759877;2.8674212142887194;5.585475659527917
2016-12-31;AZUL S.A.;18.272697409897702;-1.8937940664997372;5.161793498574414
2016-12-31;B3 S.A. - BRASIL, BOLSA, BALCÃO;100.0;62.30936913047805;47.164553656721594
2016-12-31;BB SEGURIDADE PARTICIPAÇÕES S.A.;;inf;inf
2016-12-31;BR PROPERTIES S.A.;100.0;6.566512269128438;29.949471848754833
2016-12-31;BRASKEM S.A.;26.69388260168243;-1.529869888352607;12.485835217984697
2016-12-31;BRF S.A.;22.311827877299248;-1.088964690993051;5.381025140288999
2016-12-31;CCR S.A.;34.306992940323426;16.380912612930665;43.0413681701013
2016-12-31;CIA SIDERURGICA NACIONAL;26.292614200438756;-4.97440397076229;11.344578609452975
2016-12-31;CIA TECIDOS SANTANENSE;16.342234743379702;-0.8385399103043756;1.316226198663328
2016-12-31;COGNA EDUCAÇÃO S.A.;58.87706450566075;35.55262647105145;34.442252185913524
2016-12-31;CONSTRUTORA ADOLPHO LINDENBERG S.A.;39.385567466018344;15.493424687810808;44.62003167937525
2016-12-31;COSAN S.A.;39.18485962157805;18.43178405983829;37.0393486005251
2016-12-31;CPFL ENERGIAS RENOVÁVEIS S.A.;48.00879151311682;-8.727501961632175;26.71949510138541
2016-12-31;DOHLER S.A.;24.1827887588455;3.6048400062445682;4.171511255367881
2016-12-31;ECORODOVIAS INFRAESTRUTURA E LOGÍSTICA S.A.;45.371608867598255;-33.55020650435702;27.376214034943846
2016-12-31;EMBPAR PARTICIPAÇÕES S/A;15.55040230960464;1.470902723943436;16.150525274666524
2016-12-31;EMBRAER S.A.;19.918140283385245;2.760866733695048;3.348582663236127
2016-12-31;ENAUTA PARTICIPAÇÕES S.A.;49.47424095505547;32.09082093969197;25.460170341732884
2016-12-31;ENGIE BRASIL ENERGIA S.A.;42.545112661161546;24.033092785249405;37.58890942480649
2016-12-31;GERDAU S.A.;9.199396138290505;-7.664810697491826;-4.346049273196854
2016-12-31;HIDROVIAS DO BRASIL S.A.;39.163624971026415;-22.644224768784436;17.89994370846589
2016-12-31;HOTEIS OTHON S.A. - EM RECUPERAÇÃO JUDICIAL;66.09225801063445;-2.939088555441107;19.47607249241391
2016-12-31;IGUA SANEAMENTO S.A.;40.21038784847292;-17.289163706240505;10.024350063607066
2016-12-31;JSL S.A.;19.25032981339484;-2.717950232193675;7.400981420202964
2016-12-31;KLABIN S.A.;33.799947481228486;35.0023509342672;19.717752501199442
2016-12-31;MANGELS INDUSTRIAL S.A.;10.59333431571364;1.0754725366229039;1.2303143850884026
2016-12-31;MOURA DUBEUX ENGENHARIA S/A;13.239529143221148;-19.82794086421064;-2.0248301305871115
2016-12-31;OMEGA GERAÇÃO S.A.;39.81188007098091;13.642797796719696;36.317711378486216
2016-12-31;OSX BRASIL S.A.;-570.6312900274474;-132283.16559926808;-88193.22964318389
2016-12-31;PADTEC HOLDING S.A.;100.0;12654.51647183847;14425.611052072265
2016-12-31;PBG S/A;35.73415977961433;0.21074380165289255;7.458480913026368
2016-12-31;PETRO RIO S.A.;-2.6634260853392178;60.728728658283714;65.11758836406774
2016-12-31;POSITIVO TECNOLOGIA S.A.;29.00353089750088;0.5061812183744125;6.9458166166957325
2016-12-31;PRINER SERVIÇOS INDUSTRIAIS S.A.;23.097613075174415;3.071352982676178;5.676295367249353
2016-12-31;QUALITY SOFTWARE S.A.;32.02397568987312;5.5221028924988;13.822105206748917
2016-12-31;RAIA DROGASIL S.A.;31.129771826485253;4.008789537483238;6.267791284463778
2016-12-31;REDE ENERGIA PARTICIPAÇÕES S.A.;14.046569221842384;2.647382701926514;8.13827636849529
2016-12-31;RNI NEGÓCIOS IMOBILIÁRIOS S.A.;9.85118554136959;-19.501067401757584;-17.56782664566407
2016-12-31;RUMO S.A.;12.533417692689659;-24.411921665472633;6.67344974027724
2016-12-31;SARAIVA LIVREIROS S.A. - EM RECUPERAÇÃO JUDICIAL;34.201867788390985;-2.867406822083573;-0.27463752393438395
2016-12-31;SER EDUCACIONAL S.A.;54.558815688922856;20.47734987293181;26.390641383354957
2016-12-31;SMARTFIT ESCOLA DE GINÁSTICA E DANÇA S.A.;31.12823536017068;-3.365117686323683;10.189863941758839
2016-12-31;SUZANO HOLDING S.A.;33.48824487896895;17.024366694328;13.263383660360011
2016-12-31;SUZANO S.A.;33.50117528153581;17.12147753263836;13.327780652161088
2016-12-31;TAURUS ARMAS S.A.;23.26957518792012;-12.408810114263622;-11.832252765054385
2016-12-31;TRANSMISSORA ALIANÇA DE ENERGIA ELÉTRICA S.A.;89.27476180275097;61.97125386571815;98.5732606604681
2016-12-31;TRONOX PIGMENTOS DO BRASIL S.A.;13.78436450918449;17.321238565784373;9.868274536651352
2016-12-31;UNICASA INDÚSTRIA DE MÓVEIS S.A.;43.12748573404807;-13.111706726612486;-16.626318519799412
2016-12-31;UNIPAR CARBOCLORO S.A.;43.55258928230224;31.565033842640155;63.882451056865975
2016-12-31;VALE S.A.;35.38907207089465;14.050552034219171;26.494630894269903
2016-12-31;VALID SOLUÇÕES S.A.;25.910026974504742;5.127766336978276;6.566464599588132
2016-12-31;VIX LOGÍSTICA S/A;16.512687344214648;4.674315469783851;10.265786005592933
2016-12-31;VULCABRAS S.A.;34.61004038017316;3.1470966831831566;10.483856747368234
2016-12-31;WLM PART. E COMÉRCIO DE MÁQUINAS E VEÍCULOS S.A.;22.1035898165943;-4.5108785915960805;-6.231048473200939
2016-12-31;YDUQS PARTICIPACOES S.A.;43.192364276394606;11.559159115780945;14.416400665095516
2017-12-31;ALIANSCE SONAE SHOPPING CENTERS S.A.;76.5775413125324;71.08432716369457;107.75779471109408
2017-12-31;ALPER CONSULTORIA E CORRETORA DE SEGUROS S.A.;100.0;-88.84289585422579;-84.4997546247893
2017-12-31;ALUPAR INVESTIMENTO S/A;73.53508114401917;45.880193031944664;69.60917077268037
2017-12-31;AMBEV S.A.;62.33392337704645;16.38960889513236;34.287987985455146
2017-12-31;ATACADÃO S.A.;20.399761336515514;3.406921241050119;6.1734287987271275
2017-12-31;ATOM EMPREENDIMENTOS E PARTICIPAÇÕES S.A.;;inf;-inf
2017-12-31;AZUL S.A.;23.18654208352606;6.791696562692046;11.104966084459626
2017-12-31;B3 S.A. - BRASIL, BOLSA, BALCÃO;100.0;35.29634178608644;40.401884148393016
2017-12-31;BB SEGURIDADE PARTICIPAÇÕES S.A.;;inf;inf
2017-12-31;BBM LOGÍSTICA S.A.;14.93011216566005;1.0716134598792062;5.066091458153581
2017-12-31;BLUE TECH SOLUTIONS EQI S.A.;;-inf;-inf
2017-12-31;BR PROPERTIES S.A.;100.0;64.3553591714698;113.07704280878804
2017-12-31;BRASKEM S.A.;26.105746918114708;8.39072504891029;18.99908474510072
2017-12-31;BRF S.A.;20.627844841453758;-3.283164848844399;2.19925978847753
2017-12-31;CCR S.A.;37.30311636297217;16.88209929422383;36.90019985802477
2017-12-31;CIA SIDERURGICA NACIONAL;26.604945499230997;0.6004393832828032;16.108120223480114
2017-12-31;CIA TECIDOS SANTANENSE;22.027844211944767;4.765101793603047;8.687996215442618
2017-12-31;COGNA EDUCAÇÃO S.A.;62.10893333055043;33.868322205324894;30.48909378402907
2017-12-31;CONSTRUTORA ADOLPHO LINDENBERG S.A.;16.373108409823864;38.079880922847934;31.58852228561978
2017-12-31;COSAN S.A.;34.21938872685257;19.69200773272382;37.37103816210535
2017-12-31;CPFL ENERGIAS RENOVÁVEIS S.A.;48.61741507765874;1.0028156015770637;30.861157561390932
2017-12-31;DEXCO S.A.;28.659669354972078;4.635961217440024;10.557633355767896
2017-12-31;DOHLER S.A.;28.61940858193138;7.427181405742882;7.177188470760609
2017-12-31;ECORODOVIAS INFRAESTRUTURA E LOGÍSTICA S.A.;48.662637969646674;12.882509597888465;37.85676526164244
2017-12-31;EMBPAR PARTICIPAÇÕES S/A;13.943138991002183;-0.628595534004886;-5.549348921513636
2017-12-31;EMBRAER S.A.;18.28334191469106;4.528263572283399;5.662274632482314
2017-12-31;ENAUTA PARTICIPAÇÕES S.A.;54.613872910712224;71.22911708781287;68.23365741460479
2017-12-31;ENGIE BRASIL ENERGIA S.A.;42.88308758527335;28.59588154392388;40.65945055012463
2017-12-31;GERDAU S.A.;9.763966630675721;-0.917358727820448;2.9798021372938486
2017-12-31;HAPVIDA PARTICIPAÇÕES E INVESTIMENTOS S.A.;41.82143830751763;16.90751591548919;20.36007974051847
2017-12-31;HIDROVIAS DO BRASIL S.A.;42.83493470550437;1.4790556710837217;31.525528351623887
2017-12-31;HOTEIS OTHON S.A. - EM RECUPERAÇÃO JUDICIAL;57.499978713802825;-34.15583199230291;-13.29025007024445
2017-12-31;IGUA SANEAMENTO S.A.;55.64470622657546;5.268868516015772;33.30848647820211
2017-12-31;IGUATEMI S.A.;69.37503155495611;26.7306180443861;58.22671965495106
2017-12-31;JSL S.A.;20.48174123777324;0.23040864940673703;9.709054985498506
2017-12-31;KLABIN S.A.;32.66957493140762;6.35548759413465;18.535553990277283
2017-12-31;MANGELS INDUSTRIAL S.A.;12.80452393925329;-5.452898428863881;2.66355444041589
2017-12-31;MOURA DUBEUX ENGENHARIA S/A;28.367152769803646;1.7535801578058101;14.473843933006346
2017-12-31;OMEGA GERAÇÃO S.A.;36.76631619039249;20.712891447573217;42.61051721801675
2017-12-31;OSX BRASIL S.A.;100.0;-4729.485370213567;-787.7787186000564
2017-12-31;PADTEC HOLDING S.A.;100.0;4714.403292181069;4757.407407407408
2017-12-31;PBG S/A;40.72711504711716;6.266987129090949;14.552262492711954
2017-12-31;PETRO RIO S.A.;18.515438584662178;5.7362311348848705;7.90546184648694
2017-12-31;POSITIVO TECNOLOGIA S.A.;25.78108996199849;-2.4848871869264757;2.0420587706573134
2017-12-31;PRINER SERVIÇOS INDUSTRIAIS S.A.;14.123770623504242;-3.1238636459733957;-3.1826369333028897
2017-12-31;PRÁTICA KLIMAQUIP INDÚSTRIA E COMÉRCIO S.A.;46.73741439698886;7.8958649171415125;13.69752731454859
2017-12-31;QUALITY SOFTWARE S.A.;22.429213529980398;-5.1173546244109;0.2444264114721883
2017-12-31;RAIA DROGASIL S.A.;30.18352689365113;3.880059080393915;5.9987413439010995
2017-12-31;REDE ENERGIA PARTICIPAÇÕES S.A.;13.089039820201329;1.3032752480965009;8.098592961331166
2017-12-31;RNI NEGÓCIOS IMOBILIÁRIOS S.A.;3.926962704727059;-32.331429163143085;-29.136220078352864
2017-12-31;RUMO S.A.;29.015468146925112;-4.346162662164633;23.80181519786343
2017-12-31;SARAIVA LIVREIROS S.A. - EM RECUPERAÇÃO JUDICIAL;33.32399938314764;-3.015387683591843;-1.105870185044113
2017-12-31;SER EDUCACIONAL S.A.;54.80988971289632;16.03161265967681;20.785689060996845
2017-12-31;SMARTFIT ESCOLA DE GINÁSTICA E DANÇA S.A.;28.932095610967817;-1.5543958055858458;7.913885211578364
2017-12-31;SUZANO HOLDING S.A.;38.67934732501917;16.945968115228478;30.827629666733518
2017-12-31;SUZANO S.A.;38.697873448666876;17.179631947790995;30.966353287158093
2017-12-31;SYN PROP & TECH S.A.;58.142791839954114;49.846954323820455;105.55670084612075
2017-12-31;TAURUS ARMAS S.A.;14.872285558483123;-36.44244441160132;-20.74913744336685
2017-12-31;TRANSMISSORA ALIANÇA DE ENERGIA ELÉTRICA S.A.;81.63731049088304;60.190295981928564;85.99900284014154
2017-12-31;UNICASA INDÚSTRIA DE MÓVEIS S.A.;42.427235486669076;-4.024920698235417;-9.241425595633812
2017-12-31;UNIPAR CARBOCLORO S.A.;29.96977737389687;10.142562306430802;14.263417044421894
2017-12-31;VALE S.A.;38.029984367194416;16.280901870601838;31.8188838313544
2017-12-31;VALID SOLUÇÕES S.A.;22.45365753896222;1.7630014849403675;5.953416823650311
2017-12-31;VIA S.A.;31.841183339820944;0.759050214091086;4.056052938886726
2017-12-31;VIBRA ENERGIA S/A;7.528941549304102;1.3610510009814705;2.5092530183168376
2017-12-31;VIX LOGÍSTICA S/A;14.296107529302057;3.9911490907921605;7.60034647973375
2017-12-31;VULCABRAS S.A.;38.18936537770311;14.958569594056442;19.056007448447527
2017-12-31;WLM PART. E COMÉRCIO DE MÁQUINAS E VEÍCULOS S.A.;21.244203592496472;-1.3684728520877276;-1.66046273249439
2017-12-31;YDUQS PARTICIPACOES S.A.;47.4068054285037;12.565630032030386;16.08506593263823
2018-12-31;ALIANSCE SONAE SHOPPING CENTERS S.A.;79.04076853990249;96.98806774441879;149.76638012146094
2018-12-31;ALPER CONSULTORIA E CORRETORA DE SEGUROS S.A.;100.0;-187.35042930215565;-190.430900621118
2018-12-31;ALUPAR INVESTIMENTO S/A;67.40187656440114;39.87393973898898;63.36307277728238
2018-12-31;AMBEV S.A.;61.63823514469136;22.650058521238613;33.82441788926339
2018-12-31;ATACADÃO S.A.;20.972229900307738;3.433025595665874;5.743822212394273
2018-12-31;ATOM EMPREENDIMENTOS E PARTICIPAÇÕES S.A.;100.0;88.77602207173312;73.68949084524705
2018-12-31;AZUL S.A.;17.449805574064246;4.591506700765632;5.740494989980179
2018-12-31;B3 S.A. - BRASIL, BOLSA, BALCÃO;100.0;43.21994488727554;49.506065400570996
2018-12-31;BB SEGURIDADE PARTICIPAÇÕES S.A.;;inf;inf
2018-12-31;BBM LOGÍSTICA S.A.;13.35275738842988;1.1459404512842335;5.447009365310135
2018-12-31;BLUE TECH SOLUTIONS EQI S.A.;;inf;inf
2018-12-31;BR PROPERTIES S.A.;100.0;3.2528950884963104;123.43579774848867
2018-12-31;BRASKEM S.A.;19.986892728338372;5.012442614953628;14.31717618106221
2018-12-31;BRF S.A.;16.124288183207728;-14.794566433269232;-0.6834872218060031
2018-12-31;CCR S.A.;39.772304229610576;6.547871886572253;24.18036325969737
2018-12-31;CIA SIDERURGICA NACIONAL;29.880544919790403;22.6418609349126;30.2433487737868
2018-12-31;CIA TECIDOS SANTANENSE;23.19429012980719;16.411761747344645;27.489037945397765
2018-12-31;COGNA EDUCAÇÃO S.A.;62.56536365058339;22.98173744717614;20.540471509269214
2018-12-31;COMPANHIA ENERGÉTICA DE BRASÍLIA - CEB;14.682670517062324;4.467205361727427;9.124974422923238
2018-12-31;CONSTRUTORA ADOLPHO LINDENBERG S.A.;-0.5136483710008805;36.689169357205756;29.747578514822425
2018-12-31;COSAN S.A.;25.29068804950802;18.484636374502276;26.731144151541802
2018-12-31;CPFL ENERGIAS RENOVÁVEIS S.A.;49.24640477442238;6.135665732591445;30.245858376568314
2018-12-31;DEXCO S.A.;26.23597268415054;8.724277740096145;14.803022046684411
2018-12-31;DOHLER S.A.;28.066817831956897;10.320775519544007;6.666805350419172
2018-12-31;ECORODOVIAS INFRAESTRUTURA E LOGÍSTICA S.A.;43.83508868138911;12.057519924954256;37.36838833711391
2018-12-31;EMBPAR PARTICIPAÇÕES S/A;14.493339166148864;-2.785540933269061;-1.661795151147012
2018-12-31;EMBRAER S.A.;14.990486934357175;-3.437565766210403;0.5506200852276673
2018-12-31;ENAUTA PARTICIPAÇÕES S.A.;42.47996748636484;53.33917040054992;52.76491337223597
2018-12-31;ENGIE BRASIL ENERGIA S.A.;44.558256750131214;26.327023993290577;41.69639259234329
2018-12-31;GERDAU S.A.;13.322026735224346;5.039879350455393;8.767919775869217
2018-12-31;GRUPO SBF S.A.;49.0507710356268;6.538209811886032;7.909560068165325
2018-12-31;HAPVIDA PARTICIPAÇÕES E INVESTIMENTOS S.A.;39.80062492651715;17.227962686231205;19.023916179949815
2018-12-31;HIDROVIAS DO BRASIL S.A.;49.56395602998101;12.885472884360121;45.288086286790715
2018-12-31;HOTEIS OTHON S.A. - EM RECUPERAÇÃO JUDICIAL;62.57814787934349;-120.29489285305016;-45.43845575970561
2018-12-31;IGUA SANEAMENTO S.A.;39.97360910875034;2.385247948195459;21.694359651736885
2018-12-31;IGUATEMI S.A.;69.92399730973725;33.16662192121294;60.208467685017844
2018-12-31;JSL S.A.;21.87265529871069;2.342549690175916;11.896851037145083
2018-12-31;KLABIN S.A.;42.95351422024206;1.8651098426879513;29.787017590344533
2018-12-31;LOCAWEB SERVIÇOS DE INTERNET S.A.;44.60367702383938;3.456059533371642;11.540940304714857
2018-12-31;MANGELS INDUSTRIAL S.A.;14.202559896630854;-9.728194521938676;7.349319752148979
2018-12-31;MITRE REALTY EMPREENDIMENTOS E PARTICIPAÇÕES S.A.;35.330178318257154;10.854183723050912;13.918675159914
2018-12-31;MOURA DUBEUX ENGENHARIA S/A;19.63329258806534;-55.11140126680743;-15.166962995888433
2018-12-31;OMEGA GERAÇÃO S.A.;40.46855690457034;6.742513372227006;36.774466559661896
2018-12-31;OSX BRASIL S.A.;100.0;-4719.3708609271525;-738.7527593818985
2018-12-31;PADTEC HOLDING S.A.;;inf;inf
2018-12-31;PARANAPANEMA S.A. - EM RECUPERAÇÃO JUDICIAL;5.678087749384833;-6.785315385088307;-1.374151581158749
2018-12-31;PBG S/A;38.475037706675266;12.740777279238088;23.18405600508447
2018-12-31;PETRO RIO S.A.;37.708029025114264;24.13360505112378;20.060783112660793
2018-12-31;POSITIVO TECNOLOGIA S.A.;26.360797750465448;-0.023624827490074753;3.8442360289381075
2018-12-31;PRINER SERVIÇOS INDUSTRIAIS S.A.;13.758529750608886;1.5707270265892914;4.6131702710879265
2018-12-31;PRÁTICA KLIMAQUIP INDÚSTRIA E COMÉRCIO S.A.;44.289081896976704;5.174469153064974;9.724201600831787
2018-12-31;QUALITY SOFTWARE S.A.;26.43746766491601;2.6834021523273135;8.230905019426181
2018-12-31;RAIA DROGASIL S.A.;30.034378400217005;3.4409680946691354;4.8745916361544435
2018-12-31;REDE D'OR SÃO LUIZ S.A.;25.702169109873008;10.807417975367965;20.86124168704555
2018-12-31;REDE ENERGIA PARTICIPAÇÕES S.A.;18.255284576582902;5.736022274703936;11.737041785130382
2018-12-31;RNI NEGÓCIOS IMOBILIÁRIOS S.A.;22.205732560813992;-14.862052725540234;-18.706395189643278
2018-12-31;ROMI S.A.;27.759186078104864;11.332119193718038;6.1937261083955875
2018-12-31;ROSSI RESIDENCIAL S.A. - EM RECUPERAÇÃO JUDICIAL;-23.005029450525807;-408.18361528737796;-294.79774616067346
2018-12-31;RUMO S.A.;32.184094120276946;4.145325026697298;26.58709211448676
2018-12-31;SARAIVA LIVREIROS S.A. - EM RECUPERAÇÃO JUDICIAL;28.49610701926496;-20.87653294332036;-14.229270067841778
2018-12-31;SER EDUCACIONAL S.A.;54.29731498012651;15.943067883525044;18.66832582697947
2018-12-31;SINQIA S.A.;37.2214286216918;1.9182458535349625;5.685072725865357
2018-12-31;SMARTFIT ESCOLA DE GINÁSTICA E DANÇA S.A.;30.399738628125235;30.771193578113724;43.55057140615827
2018-12-31;SUZANO HOLDING S.A.;48.49623710442974;2.316854790980303;37.146512967253145
2018-12-31;SUZANO S.A.;48.51405364860829;2.369965042903988;37.252634061426946
2018-12-31;SYN PROP & TECH S.A.;58.15663366457928;10.14809082686257;43.48802593886481
2018-12-31;TAURUS ARMAS S.A.;36.39320136237751;-7.0818550385845285;5.471277802687135
2018-12-31;TRANSMISSORA ALIANÇA DE ENERGIA ELÉTRICA S.A.;77.84076558933047;65.51374510239188;87.44023037639192
2018-12-31;UNICASA INDÚSTRIA DE MÓVEIS S.A.;38.94351198210387;2.273183930987368;0.9356623310516657
2018-12-31;UNIPAR CARBOCLORO S.A.;36.319679873905095;15.780311680180608;23.943792296230786
2018-12-31;VALE S.A.;39.620005561143785;19.165057183456607;32.10495270611125
2018-12-31;VALID SOLUÇÕES S.A.;24.40489369848101;5.77047267158389;8.801588180212097
2018-12-31;VAMOS LOCAÇÃO DE CAMINHÕES, MÁQUINAS E EQUIPAMENTOS S.A.;33.47327748347615;12.028061251658775;23.286110170339935
2018-12-31;VIA S.A.;29.326351752822337;-0.9915329768270944;1.3109031491384433
2018-12-31;VIBRA ENERGIA S/A;5.989567351948451;3.2658279635880123;2.440421397156592
2018-12-31;VIX LOGÍSTICA S/A;13.647737986740735;2.9549832334625483;6.896340499362201
2018-12-31;VULCABRAS S.A.;35.918037603996275;12.179223884134279;12.7930130836542
2018-12-31;WETZEL S.A.;8.47444109057891;-19.902942403494563;-10.487987435274485
2018-12-31;WLM PART. E COMÉRCIO DE MÁQUINAS E VEÍCULOS S.A.;15.810930803832534;2.1350638578431895;2.481204206854749
2018-12-31;YDUQS PARTICIPACOES S.A.;54.88693219855241;17.817237607466698;21.329831073137726
2019-03-31;CTC - CENTRO DE TECNOLOGIA CANAVIEIRA S.A.;43.19100738495483;12.636894784476063;12.306472947716234
2019-12-31;AERIS IND. E COM. DE EQUIP. PARA GER. DE ENG. S.A.;17.75551717152587;10.63722417139042;16.229252546271603
2019-12-31;ALIANSCE SONAE SHOPPING CENTERS S.A.;73.078744755687;7.620165073077264;34.183636397886936
2019-12-31;ALLPARK EMPREENDIMENTOS, PARTICIPAÇÕES E SERVIÇOS S.A.;29.55637355600712;-3.944538829111933;12.692794563443153
2019-12-31;ALPER CONSULTORIA E CORRETORA DE SEGUROS S.A.;100.0;2.7444611484818227;-0.28750452655027486
2019-12-31;ALUPAR INVESTIMENTO S/A;53.71765721949809;35.7439375762587;53.238682354191404
2019-12-31;AMBEV S.A.;58.786541955964054;23.171862034445855;30.51836655598228
2019-12-31;AMBIPAR PARTICIPAÇÕES E EMPREENDIMENTOS S.A.;22.609081618960126;7.322274636910723;17.473084426644096
2019-12-31;AMERICANAS S.A. - EM RECUPERAÇÃO JUDICIAL;29.72271498358004;-4.702110614360381;1.5315495815443954
2019-12-31;ATACADÃO S.A.;20.72622535961641;2.210974960042621;4.630061267980821
2019-12-31;ATOM EMPREENDIMENTOS E PARTICIPAÇÕES S.A.;100.0;22.350327903532897;25.97842183202877
2019-12-31;AZUL S.A.;0.659761480126796;-21.00174291622929;-10.44718477909675
2019-12-31;B3 S.A. - BRASIL, BOLSA, BALCÃO;89.8312128307626;41.25600413715062;49.146773507577805
2019-12-31;BB SEGURIDADE PARTICIPAÇÕES S.A.;;inf;inf
2019-12-31;BBM LOGÍSTICA S.A.;9.040861910392852;2.257587702010248;4.178327420838261
2019-12-31;BLUE TECH SOLUTIONS EQI S.A.;;-inf;-inf
2019-12-31;BR PROPERTIES S.A.;100.0;82.09633700020039;204.35884319660803
2019-12-31;BRASKEM S.A.;12.697963296624224;-5.53665487942565;-0.1081310939964385
2019-12-31;BRF S.A.;24.148482164906966;0.8893239389625012;8.828220066505258
2019-12-31;CCR S.A.;42.39680039611697;13.46877023865311;33.49581066076998
2019-12-31;CIA SIDERURGICA NACIONAL;32.13169920905134;8.824006148350218;13.924590872999135
2019-12-31;CIA TECIDOS SANTANENSE;20.924437664811173;2.297660087581498;7.510514330040541
2019-12-31;COGNA EDUCAÇÃO S.A.;60.01786772928141;3.4521318181908742;14.471480366131917
2019-12-31;COMPANHIA ENERGÉTICA DE BRASÍLIA - CEB;17.885449450093063;5.69614268704873;9.210877545424328
2019-12-31;CONSTRUTORA ADOLPHO LINDENBERG S.A.;-72.8900883218842;-605.1521099116782;-628.6064769381746
2019-12-31;COSAN S.A.;29.2943115067389;18.31263649533625;26.54673943222365
2019-12-31;CPFL ENERGIAS RENOVÁVEIS S.A.;45.73869132489389;5.551005673722815;28.931888874078
2019-12-31;CRUZEIRO DO SUL EDUCACIONAL S.A.;43.65036028513501;8.198818517089041;19.106202547873526
2019-12-31;CURY CONSTRUTORA E INCORPORADORA S.A.;34.91543515648837;20.019680616750893;23.30171288079688
2019-12-31;D1000 VAREJO FARMA PARTICIPAÇÕES S.A.;30.2010844268427;-0.6612725013270495;-1.847712131396003
2019-12-31;DEXCO S.A.;25.822424539667733;8.095586612622528;12.7589487491884
2019-12-31;DOHLER S.A.;24.09612747600316;6.379205076619724;1.2781631284468866
2019-12-31;ECORODOVIAS INFRAESTRUTURA E LOGÍSTICA S.A.;38.04513610172206;-4.691758356989027;20.129479982868226
2019-12-31;ELETROMIDIA S.A.;44.37663705343882;5.463032970593795;14.916425890422055
2019-12-31;EMBPAR PARTICIPAÇÕES S/A;14.687193954831185;2.054074264482509;4.268327657667036
2019-12-31;EMBRAER S.A.;13.666511558014664;-12.36238565194975;-6.148836861840224
2019-12-31;ENAUTA PARTICIPAÇÕES S.A.;31.900564016299803;19.38210080329594;18.910647944084126
2019-12-31;ENGIE BRASIL ENERGIA S.A.;42.34304977786681;23.57187195483533;43.80547337655304
2019-12-31;ENJOEI S.A.;31.38215623078786;-38.67019393781322;-38.366525700020496
2019-12-31;GERDAU S.A.;10.602570224354196;3.069535599451216;8.031311665999478
2019-12-31;GRUPO DE MODA SOMA S.A.;66.09920605100474;9.72576017127337;11.451376183370472
2019-12-31;GRUPO MATEUS S.A.;25.91483216135309;4.202515199653539;5.742286304164808
2019-12-31;GRUPO SBF S.A.;49.44610363232501;12.168002005168495;18.413096138872064
2019-12-31;HAPVIDA PARTICIPAÇÕES E INVESTIMENTOS S.A.;39.64867138069953;15.118709537495054;18.342310063053933
2019-12-31;HBR REALTY EMPREENDIMENTOS IMOBILIÁRIOS S.A.;88.89771891096395;409.8528329654157;477.1346578366446
2019-12-31;HIDROVIAS DO BRASIL S.A.;33.28286839846686;6.2486606357515635;28.219458497033408
2019-12-31;HOTEIS OTHON S.A. - EM RECUPERAÇÃO JUDICIAL;65.70517753105419;-150.19347037484886;-117.20237440914588
2019-12-31;IGUA SANEAMENTO S.A.;35.41528009954346;4.9776183024634335;21.42210034034426
2019-12-31;IGUATEMI S.A.;66.60965138153949;37.80854779156236;63.93130099436952
2019-12-31;INTELBRAS S.A.;34.932942903114096;11.154175962156852;10.83237728186125
2019-12-31;JSL S.A.;21.260980431043766;3.2894706277760477;12.38012725102256
2019-12-31;KLABIN S.A.;33.301320240708606;6.957059977283523;24.595147957439753
2019-12-31;LOCAWEB SERVIÇOS DE INTERNET S.A.;41.82366864825766;4.685041105266297;13.725866373532927
2019-12-31;MANGELS INDUSTRIAL S.A.;16.820531625000896;-1.1636936217941805;8.482345074523845
2019-12-31;MELNICK DESENVOLVIMENTO IMOBILIÁRIO S.A.;24.67040805268497;9.82637908092657;9.913784680214535
2019-12-31;MILLS LOCAÇÃO, SERVIÇOS E LOGÍSTICA S.A.;35.71888546300615;-10.235172311788197;-9.781893893711672
2019-12-31;MITRE REALTY EMPREENDIMENTOS E PARTICIPAÇÕES S.A.;31.8192604184036;10.259995125893052;13.528853430473431
2019-12-31;MOBLY S.A.;40.781226581752875;-9.39383441318326;-6.444701610069754
2019-12-31;MOURA DUBEUX ENGENHARIA S/A;39.71037239586527;-24.314249629075572;22.125488945838903
2019-12-31;MPM CORPÓREOS S.A.;55.93171658212308;10.095816057875679;24.486137169063998
2019-12-31;OMEGA GERAÇÃO S.A.;39.1785089340727;3.216660505237215;38.06462107208872
2019-12-31;ORIZON VALORIZAÇÃO DE RESÍDUOS S.A.;30.58023340313023;-4.762561287709714;-6.084106700215135
2019-12-31;OSX BRASIL S.A.;100.0;-4733.438774660784;-1754.7989677848996
2019-12-31;PADTEC HOLDING S.A.;;inf;inf
2019-12-31;PARANAPANEMA S.A. - EM RECUPERAÇÃO JUDICIAL;1.209187853565308;-0.4796618589532066;2.3405203226464866
2019-12-31;PBG S/A;32.54321891751453;1.1813125914837441;6.73724208427229
2019-12-31;PETRO RIO S.A.;42.81136695075124;51.226809929297126;53.410656881216
2019-12-31;POSITIVO TECNOLOGIA S.A.;25.066882193360023;1.0884933389303444;5.1613108701054875
2019-12-31;PRINER SERVIÇOS INDUSTRIAIS S.A.;14.063486053262652;-3.0974263651279936;2.2259704198363797
2019-12-31;PRÁTICA KLIMAQUIP INDÚSTRIA E COMÉRCIO S.A.;44.03225806451613;5.834059866317931;10.214327230456263
2019-12-31;QUALITY SOFTWARE S.A.;23.82156224049545;1.7106689173571412;7.881248059654666
2019-12-31;RAIA DROGASIL S.A.;29.593984833993716;4.490225212916155;6.367382839185681
2019-12-31;REDE D'OR SÃO LUIZ S.A.;26.13300389982308;8.945433633374588;20.839987882732782
2019-12-31;REDE ENERGIA PARTICIPAÇÕES S.A.;20.78891748271281;8.790688416625954;14.847618155501607
2019-12-31;RNI NEGÓCIOS IMOBILIÁRIOS S.A.;26.294063195816967;0.3934102224112481;2.6609917189962724
2019-12-31;ROMI S.A.;27.26275169626365;16.970474431291198;13.650186935177516
2019-12-31;ROSSI RESIDENCIAL S.A. - EM RECUPERAÇÃO JUDICIAL;-4.257349191465561;-512.2045106844989;-487.20492194311464
2019-12-31;RUMO S.A.;34.97622688999752;11.08759509244001;29.815091762793745
2019-12-31;SARAIVA LIVREIROS S.A. - EM RECUPERAÇÃO JUDICIAL;29.78819038972132;-47.49767791917666;-75.15492982985344
2019-12-31;SENDAS DISTRIBUIDORA S.A.;17.666710770044986;3.506218576342948;5.715797830113787
2019-12-31;SEQUOIA LOGÍSTICA E TRANSPORTES S.A.;19.84038326224294;-1.3553008650331997;4.634119974282284
2019-12-31;SER EDUCACIONAL S.A.;54.50475161953187;10.687578076875452;20.397559220869194
2019-12-31;SIMPAR S.A.;20.55776864211203;3.259872331223853;11.840110294623136
2019-12-31;SINQIA S.A.;33.03683065662592;-2.614285795847059;-1.2885876919036499
2019-12-31;SMARTFIT ESCOLA DE GINÁSTICA E DANÇA S.A.;36.99539352613754;-17.100860053217147;4.547399703721925
2019-12-31;SUZANO HOLDING S.A.;20.25205217752858;-10.831341022515213;10.074879261966474
2019-12-31;SUZANO S.A.;20.25709502382467;-10.820541307310396;10.104882375893546
2019-12-31;SYN PROP & TECH S.A.;65.32455726744062;20.554090046004255;57.57732155828268
2019-12-31;TAURUS ARMAS S.A.;34.07717833772351;4.344420312110774;10.57082917742534
2019-12-31;TRANSMISSORA ALIANÇA DE ENERGIA ELÉTRICA S.A.;68.02055088723475;55.84055123264654;78.27443412356494
2019-12-31;UNICASA INDÚSTRIA DE MÓVEIS S.A.;39.811181787746904;12.041513223970538;13.3853364579846
2019-12-31;UNIPAR CARBOCLORO S.A.;26.793254896301082;5.653436020900506;13.039232729694003
2019-12-31;VALE S.A.;43.59821881229337;-5.850406769255481;1.5068461991445756
2019-12-31;VALID SOLUÇÕES S.A.;21.972427765067266;2.6763952704284244;6.492602947665345
2019-12-31;VAMOS LOCAÇÃO DE CAMINHÕES, MÁQUINAS E EQUIPAMENTOS S.A.;34.098082720048076;11.702935515077078;24.15609306748284
2019-12-31;VIA S.A.;28.622100954979533;-5.585655817579419;-4.061586435392711
2019-12-31;VIBRA ENERGIA S/A;6.272569353055745;2.3277359583092068;1.4244354371742907
2019-12-31;VIVARA PARTICIPAÇÕES S.A.;71.20466502837117;34.411459023473135;39.0736897522995
2019-12-31;VIX LOGÍSTICA S/A;14.610349256328458;2.637326215235649;8.903165856805497
2019-12-31;VULCABRAS S.A.;34.69163262830105;10.520704272473594;10.423938499321682
2019-12-31;WETZEL S.A.;8.423391238333409;-21.8388558924664;-7.575470012950476
2019-12-31;WLM PART. E COMÉRCIO DE MÁQUINAS E VEÍCULOS S.A.;12.705215306501;4.593592945115345;5.170364464230015
2019-12-31;YDUQS PARTICIPACOES S.A.;57.34354435691533;18.124361156521278;25.245691768610474
2020-03-31;CTC - CENTRO DE TECNOLOGIA CANAVIEIRA S.A.;57.41929158786117;7.921127773170861;7.921127773170861
2020-03-31;JALLES MACHADO S.A.;30.674067416839733;8.586037086779294;27.645773796901246
2020-12-31;AERIS IND. E COM. DE EQUIP. PARA GER. DE ENG. S.A.;11.131379425563068;5.125136845079146;9.302114997858471
2020-12-31;ALIANSCE SONAE SHOPPING CENTERS S.A.;66.2043543948294;25.385758257740555;40.15057956205295
2020-12-31;ALLPARK EMPREENDIMENTOS, PARTICIPAÇÕES E SERVIÇOS S.A.;25.381411070815336;-26.28244515796201;1.2613861233666737
2020-12-31;ALPER CONSULTORIA E CORRETORA DE SEGUROS S.A.;100.0;-0.8466269459926965;-3.205842783009802
2020-12-31;ALUPAR INVESTIMENTO S/A;56.03864026270428;33.473218640409264;54.041553589996006
2020-12-31;AMBEV S.A.;53.63726456750412;20.096113336654735;27.285310410019903
2020-12-31;AMBIPAR PARTICIPAÇÕES E EMPREENDIMENTOS S.A.;22.632594653455186;7.058459661465312;18.404189209990708
2020-12-31;AMERICANAS S.A. - EM RECUPERAÇÃO JUDICIAL;28.417546336568673;-2.0816947502885865;1.7835520651356578
2020-12-31;ATACADÃO S.A.;19.55022404517425;3.994886994142518;6.326642412664523
2020-12-31;ATOM EMPREENDIMENTOS E PARTICIPAÇÕES S.A.;100.0;40.020773150702716;32.01986432535947
2020-12-31;AZUL S.A.;4.969163280889034;-188.6224118342808;-24.356725461802196
2020-12-31;B3 S.A. - BRASIL, BOLSA, BALCÃO;89.87048366666149;44.500259718817524;60.06402645111524
2020-12-31;BB SEGURIDADE PARTICIPAÇÕES S.A.;;inf;inf
2020-12-31;BBM LOGÍSTICA S.A.;12.194603484771216;0.8881086847827931;3.4178062847237123
2020-12-31;BEMOBI MOBILE TECH S.A.;59.24766534923578;20.82823266062747;36.20311753115782
2020-12-31;BLUE TECH SOLUTIONS EQI S.A.;;-inf;-inf
2020-12-31;BR PROPERTIES S.A.;100.0;65.77686079549984;113.88632892097618
2020-12-31;BRASKEM S.A.;19.151709667345788;-11.983066811830534;-0.12280100671818461
2020-12-31;BRF S.A.;23.995312860244695;3.52186360676671;7.212603592122564
2020-12-31;CCR S.A.;34.6433078382281;0.870753568438381;20.575935236230823
2020-12-31;CIA SIDERURGICA NACIONAL;36.3860821007969;14.278256866513528;19.007561197737363
2020-12-31;CIA TECIDOS SANTANENSE;15.551963487686601;-0.7934244028187167;2.860131216126272
2020-12-31;COGNA EDUCAÇÃO S.A.;63.050487897085375;-110.18484216791191;-61.43136342449551
2020-12-31;COMPANHIA ENERGÉTICA DE BRASÍLIA - CEB;48.915266990101024;182.37387235576733;51.46564358996465
2020-12-31;CONSTRUTORA ADOLPHO LINDENBERG S.A.;18.386098072505742;6.468257931355905;12.73344651952462
2020-12-31;COSAN S.A.;27.33560755677027;6.727576650664489;17.982569419445284
2020-12-31;CPFL ENERGIAS RENOVÁVEIS S.A.;53.195212071154906;36.65836477621281;39.32535466476493
2020-12-31;CRUZEIRO DO SUL EDUCACIONAL S.A.;47.92256164462667;-1.9319055085931565;9.765081889295091
2020-12-31;CURY CONSTRUTORA E INCORPORADORA S.A.;37.42436764096928;16.5983216299374;19.65803603096755
2020-12-31;D1000 VAREJO FARMA PARTICIPAÇÕES S.A.;32.34917237087741;0.01224642190416926;0.6618046048537648
2020-12-31;DEXCO S.A.;31.495594270101996;7.721303568124177;11.427327907128628
2020-12-31;DOHLER S.A.;29.0767706614698;16.099552939237675;13.263696864825919
2020-12-31;ECORODOVIAS INFRAESTRUTURA E LOGÍSTICA S.A.;41.07647259128363;-10.600267114290615;21.644582985189707
2020-12-31;ELETROMIDIA S.A.;33.115917451538;-26.01722679209699;-23.64080908525063
2020-12-31;EMBPAR PARTICIPAÇÕES S/A;18.694525486324736;3.5029924285827607;6.523846879324478
2020-12-31;EMBRAER S.A.;12.254235413886452;-18.309114191576683;-8.558666115731764
2020-12-31;ENAUTA PARTICIPAÇÕES S.A.;32.31617670390482;13.110531960577335;33.93996061118244
2020-12-31;ENGIE BRASIL ENERGIA S.A.;44.56506355778565;22.81778056716615;45.43185221759502
2020-12-31;ENJOEI S.A.;35.4076902784931;-39.098320499453564;-39.090783473815115
2020-12-31;EUROFARMA LABORATÓRIOS S.A.;62.87003177073769;14.833857545554569;18.986401117837932
2020-12-31;GERDAU S.A.;13.535558337425;5.450353706947545;11.855358187068935
2020-12-31;GRUPO DE MODA SOMA S.A.;60.87394182350875;-5.605229918465436;-6.815102828745255
2020-12-31;GRUPO MATEUS S.A.;24.113905273178965;5.858407467977432;7.015264452686198
2020-12-31;GRUPO SBF S.A.;43.62928010443469;-4.686806020949261;-3.023811492386563
2020-12-31;HAPVIDA PARTICIPAÇÕES E INVESTIMENTOS S.A.;39.111610210730355;9.179457393201442;14.811721526258273
2020-12-31;HBR REALTY EMPREENDIMENTOS IMOBILIÁRIOS S.A.;84.527950551511;-35.42730787632705;113.06686666752874
2020-12-31;HIDROVIAS DO BRASIL S.A.;25.4767960943928;-7.218711677631466;13.860924982713257
2020-12-31;HOTEIS OTHON S.A. - EM RECUPERAÇÃO JUDICIAL;48.06261581436513;-251.05512072351135;-190.01853029842079
2020-12-31;IGUA SANEAMENTO S.A.;44.34489831204193;-0.6209901261910009;22.02726549208683
2020-12-31;IGUATEMI S.A.;59.312302708582095;26.021777425723847;49.40088433846045
2020-12-31;INTELBRAS S.A.;32.835545377196894;15.365427647237413;18.102433685536194
2020-12-31;JSL S.A.;10.671265039548295;4.64543439093787;6.912027994935611
2020-12-31;KLABIN S.A.;39.51766178243595;-19.997750400584362;26.90452274932516
2020-12-31;LOCAWEB SERVIÇOS DE INTERNET S.A.;42.05669691321358;4.043342004465292;9.050613465516888
2020-12-31;MANGELS INDUSTRIAL S.A.;14.764334287366502;-5.66929940781624;14.379305044175883
2020-12-31;MELNICK DESENVOLVIMENTO IMOBILIÁRIO S.A.;22.369459746254616;9.831988704082386;9.404092190372673
2020-12-31;MILLS LOCAÇÃO, SERVIÇOS E LOGÍSTICA S.A.;39.38547099867875;-0.937514195035342;2.672912811377358
2020-12-31;MITRE REALTY EMPREENDIMENTOS E PARTICIPAÇÕES S.A.;33.98200134710264;11.934988924092956;9.256345850364617
2020-12-31;MOBLY S.A.;40.05405360592268;-6.674791288415783;-3.5927408991800767
2020-12-31;MOURA DUBEUX ENGENHARIA S/A;27.073198766415807;-20.338748609490338;-14.087835402619517
2020-12-31;MPM CORPÓREOS S.A.;45.72042252576598;11.270163955785396;13.164938715369919
2020-12-31;OMEGA GERAÇÃO S.A.;36.924222944251234;4.96488198878365;47.532756698099426
2020-12-31;ORIZON VALORIZAÇÃO DE RESÍDUOS S.A.;37.45152665523716;6.0234508939505265;26.34857947587558
2020-12-31;OSX BRASIL S.A.;100.0;-8692.164290698835;-5794.6067191705715
2020-12-31;PADTEC HOLDING S.A.;36.433284305907506;10.166397901862451;10.488915666920665
2020-12-31;PARANAPANEMA S.A. - EM RECUPERAÇÃO JUDICIAL;2.9926115774778186;-20.067758649522506;-5.353217464458851
2020-12-31;PBG S/A;34.57342804367088;9.629368213969276;8.678535493850335
2020-12-31;PETRO RIO S.A.;32.4159154703981;23.785136423194174;49.50931763457858
2020-12-31;PLANO & PLANO DESENVOLVIMENTO IMOBILIÁRIO S.A.;36.807288290608156;14.673811701400297;16.705551461121125
2020-12-31;POSITIVO TECNOLOGIA S.A.;20.470373460488748;8.933692733192133;12.666701031351085
2020-12-31;PRINER SERVIÇOS INDUSTRIAIS S.A.;11.208729506673878;-1.278213803553071;-1.9123663882615716
2020-12-31;PRÁTICA KLIMAQUIP INDÚSTRIA E COMÉRCIO S.A.;42.908536282100165;4.036870637775825;5.081317661101808
2020-12-31;QUALITY SOFTWARE S.A.;30.198235693748526;7.793917082557374;16.19122100751462
2020-12-31;RAIA DROGASIL S.A.;29.35754707766644;2.469412224346235;4.564664889937828
2020-12-31;REDE D'OR SÃO LUIZ S.A.;18.297707216156233;3.2747140862964423;11.669957848542149
2020-12-31;REDE ENERGIA PARTICIPAÇÕES S.A.;21.846489510241927;10.867933713491636;16.20007213714023
2020-12-31;RNI NEGÓCIOS IMOBILIÁRIOS S.A.;21.1109181885625;1.3644184174387954;3.8457531608605744
2020-12-31;ROMI S.A.;30.707393515901966;17.951908749935775;10.981657503981914
2020-12-31;ROSSI RESIDENCIAL S.A. - EM RECUPERAÇÃO JUDICIAL;44.54496513872294;-11.707086490106224;-499.55093948187346
2020-12-31;RUMO S.A.;32.2222332278089;4.3736440698525545;27.970665039371053
2020-12-31;SARAIVA LIVREIROS S.A. - EM RECUPERAÇÃO JUDICIAL;30.89049020602862;-170.35542474373287;-155.2505835786055
2020-12-31;SENDAS DISTRIBUIDORA S.A.;16.40817911938518;4.317065727048248;5.737591210498571
2020-12-31;SEQUOIA LOGÍSTICA E TRANSPORTES S.A.;21.583814994153947;0.7041315126904977;4.377678189456262
2020-12-31;SER EDUCACIONAL S.A.;53.562400486859666;13.197831523203805;25.046242871640345
2020-12-31;SIMPAR S.A.;20.598157021010483;4.053203728702709;10.502457567035655
2020-12-31;SINQIA S.A.;34.07875500611925;2.3600786692889764;3.3124913687599107
2020-12-31;SMARTFIT ESCOLA DE GINÁSTICA E DANÇA S.A.;-0.8263522054632698;-48.11390143952926;-31.33969197066812
2020-12-31;SUZANO HOLDING S.A.;37.7384985842947;-35.22603033344735;27.705247727092196
2020-12-31;SUZANO S.A.;37.73421364487263;-35.17674839266892;27.719360529781127
2020-12-31;SYN PROP & TECH S.A.;63.04356766271045;26.31805134025876;50.22022355466726
2020-12-31;TAURUS ARMAS S.A.;42.59779560881306;14.866049172450976;24.493905891535473
2020-12-31;TIM S.A.;53.690629710353576;10.677033083288142;16.301526794477496
2020-12-31;TRANSMISSORA ALIANÇA DE ENERGIA ELÉTRICA S.A.;70.57301772449615;63.54241136488336;89.70649928143935
2020-12-31;UNICASA INDÚSTRIA DE MÓVEIS S.A.;39.005908979122495;9.859154929577464;11.680370092190708
2020-12-31;UNIPAR CARBOCLORO S.A.;34.50129426354168;9.570673665918433;19.350487290934364
2020-12-31;VALE S.A.;52.73194236004637;11.941921641609156;24.969034606876455
2020-12-31;VALID SOLUÇÕES S.A.;17.67977796365609;-10.398877441672658;-5.639917035472389
2020-12-31;VAMOS LOCAÇÃO DE CAMINHÕES, MÁQUINAS E EQUIPAMENTOS S.A.;34.213814948185515;11.84202613424514;24.42229545984733
2020-12-31;VIA S.A.;32.75319193107505;3.473928237777239;5.60188228781011
2020-12-31;VIBRA ENERGIA S/A;5.468644556508509;4.791352253346584;5.602385246806787
2020-12-31;VIVARA PARTICIPAÇÕES S.A.;68.49174900203838;14.001481867581353;19.577033581635593
2020-12-31;VIX LOGÍSTICA S/A;16.39385178192117;4.4059476044371015;11.347769648336087
2020-12-31;VULCABRAS S.A.;29.52629137562149;2.6758206859239144;3.077948520513862
2020-12-31;WETZEL S.A.;11.173631242137505;16.99939834819231;31.89506645517694
2020-12-31;WLM PART. E COMÉRCIO DE MÁQUINAS E VEÍCULOS S.A.;15.567939807692113;5.490893572889249;7.827501984921657
2020-12-31;YDUQS PARTICIPACOES S.A.;54.72153392927437;2.5476829373670284;9.247621205079641
2021-03-31;CTC - CENTRO DE TECNOLOGIA CANAVIEIRA S.A.;66.15150627454113;32.07487431684288;44.441978618328584
2021-03-31;JALLES MACHADO S.A.;55.930001704354396;15.703000124371808;47.879276432463804
2021-12-31;AERIS IND. E COM. DE EQUIP. PARA GER. DE ENG. S.A.;11.542947931540736;2.7831385877762806;8.36204573336283
2021-12-31;ALIANSCE SONAE SHOPPING CENTERS S.A.;67.92146975984268;33.95678895824468;52.26298608156114
2021-12-31;ALLPARK EMPREENDIMENTOS, PARTICIPAÇÕES E SERVIÇOS S.A.;24.78216762822317;-26.84892524052886;-3.8797217973700824
2021-12-31;ALPER CONSULTORIA E CORRETORA DE SEGUROS S.A.;100.0;2.9795968301004527;5.057974363505377
2021-12-31;ALUPAR INVESTIMENTO S/A;73.26002329292226;40.55658468291669;72.21745868715955
2021-12-31;AMBEV S.A.;51.05337301506688;18.012079005199745;23.285536686734837
2021-12-31;AMBIPAR PARTICIPAÇÕES E EMPREENDIMENTOS S.A.;21.737360749598714;8.812199556235559;17.154751890590983
2021-12-31;AMERICANAS S.A. - EM RECUPERAÇÃO JUDICIAL;29.792952115806493;2.3960095631533873;3.3317440567687653
2021-12-31;ATACADÃO S.A.;19.132872889094674;4.329204769070494;6.581265835809186
2021-12-31;ATOM EMPREENDIMENTOS E PARTICIPAÇÕES S.A.;100.0;21.568418434424192;20.033400845680987
2021-12-31;AZUL S.A.;18.560297698544137;-42.23458756748504;0.5492831651701845
2021-12-31;B3 S.A. - BRASIL, BOLSA, BALCÃO;89.89242353610824;45.849845899991095;61.43961717413203
2021-12-31;BB SEGURIDADE PARTICIPAÇÕES S.A.;;inf;inf
2021-12-31;BBM LOGÍSTICA S.A.;8.467562651203844;0.8865218157512282;1.5370900583174003
2021-12-31;BEMOBI MOBILE TECH S.A.;37.19869813455201;15.413931433177112;17.362229127500576
2021-12-31;BLUE TECH SOLUTIONS EQI S.A.;;-inf;-inf
2021-12-31;BR PROPERTIES S.A.;100.0;9.81092758863727;55.260319308675264
2021-12-31;BRASKEM S.A.;30.349736328549092;13.218076621695612;24.656565623955593
2021-12-31;BRF S.A.;21.028136160736217;0.9047457553843288;6.225861057699716
2021-12-31;CCR S.A.;37.91696622911969;6.579383771006906;29.752756539458897
2021-12-31;CIA SIDERURGICA NACIONAL;46.073104924630734;28.37621041342031;42.87014793922672
2021-12-31;CIA TECIDOS SANTANENSE;15.793538636185833;4.5120353678856;8.318310970403033
2021-12-31;COGNA EDUCAÇÃO S.A.;60.15723546202986;-10.7362679013666;1.6409180551843563
2021-12-31;COMPANHIA ENERGÉTICA DE BRASÍLIA - CEB;48.6219279018794;377.28133889847504;547.7326516812013
2021-12-31;CONSTRUTORA ADOLPHO LINDENBERG S.A.;35.13143295481008;10.228346780269304;18.84306124405846
2021-12-31;COSAN S.A.;25.45092874937518;25.497802839746818;34.83460773312081
2021-12-31;CPFL ENERGIAS RENOVÁVEIS S.A.;63.82354194478965;43.35414719684132;51.395844193142224
2021-12-31;CRUZEIRO DO SUL EDUCACIONAL S.A.;47.27342134388655;4.556427361084029;17.210722750279437
2021-12-31;CURY CONSTRUTORA E INCORPORADORA S.A.;37.08639787838083;18.13898101300412;21.65156086855223
2021-12-31;D1000 VAREJO FARMA PARTICIPAÇÕES S.A.;32.49517695029061;0.17338447547472652;-0.18503689348288146
2021-12-31;DEXCO S.A.;35.1256223653623;21.12155565545741;23.149770000664606
2021-12-31;ECORODOVIAS INFRAESTRUTURA E LOGÍSTICA S.A.;39.55254794904553;7.895117569453805;33.706116887776474
2021-12-31;ELETROMIDIA S.A.;35.293169560594464;-2.7613796554229273;2.192216464837454
2021-12-31;EMBPAR PARTICIPAÇÕES S/A;16.58197693711191;7.834003182623428;8.253723573994934
2021-12-31;EMBRAER S.A.;15.611601474302377;-1.180509406717026;4.652544000903408
2021-12-31;ENAUTA PARTICIPAÇÕES S.A.;33.94801707980159;80.03400668942274;117.15808678298822
2021-12-31;ENGIE BRASIL ENERGIA S.A.;47.136321950185604;12.479154826858176;39.05790383020114
2021-12-31;ENJOEI S.A.;26.165441869229323;-111.9135104578858;-127.263990955342
2021-12-31;EUROFARMA LABORATÓRIOS S.A.;64.67395141392115;14.147120465738622;20.512697891445278
2021-12-31;GERDAU S.A.;26.571368277735267;19.859495709756175;26.833876143417353
2021-12-31;GRUPO DE MODA SOMA S.A.;57.97473777419889;10.738702672729449;7.153905285638243
2021-12-31;GRUPO MATEUS S.A.;23.319741432451018;4.842211528390034;5.770455701654301
2021-12-31;GRUPO SBF S.A.;46.015624419083835;9.741408898060488;7.8735542892208175
2021-12-31;HAPVIDA PARTICIPAÇÕES E INVESTIMENTOS S.A.;31.021011525909394;5.062395120700044;5.496800944210915
2021-12-31;HBR REALTY EMPREENDIMENTOS IMOBILIÁRIOS S.A.;84.01742849992037;205.31842278901502;352.1421583126664
2021-12-31;HIDROVIAS DO BRASIL S.A.;21.036347841210954;-30.762665442610253;7.676411602118311
2021-12-31;HOSPITAL MATER DEI S.A.;39.50560033895889;14.336047672928098;23.65175488351705
2021-12-31;HOTEIS OTHON S.A. - EM RECUPERAÇÃO JUDICIAL;60.75276976779481;-86.59237256900029;-63.59950566962254
2021-12-31;IGUA SANEAMENTO S.A.;31.724837263455534;-4.517309422464826;10.13946956580907
2021-12-31;IGUATEMI S.A.;56.97022599712842;40.34722351712693;39.78537731451267
2021-12-31;INTELBRAS S.A.;29.453363790550057;11.774821746245431;11.745636459516994
2021-12-31;JSL S.A.;15.378710039948995;6.3442596773074715;12.195895789038026
2021-12-31;KLABIN S.A.;45.765835984202305;20.658903242857942;33.41268344632139
2021-12-31;LOCAWEB SERVIÇOS DE INTERNET S.A.;45.55465578949473;-1.9681132905444585;1.0658478795513167
2021-12-31;MANGELS INDUSTRIAL S.A.;15.151441410749339;17.30411344953614;22.381207313314192
2021-12-31;MELNICK DESENVOLVIMENTO IMOBILIÁRIO S.A.;23.972459864294606;11.189022296678367;7.8940787930849075
2021-12-31;MILLS LOCAÇÃO, SERVIÇOS E LOGÍSTICA S.A.;54.59669050206064;13.860520946515326;19.882051379318753
2021-12-31;MITRE REALTY EMPREENDIMENTOS E PARTICIPAÇÕES S.A.;34.09884389438254;4.770764953065875;7.0523139534073405
2021-12-31;MOBLY S.A.;39.79464673110699;-11.756315229882269;-10.757411722630307
2021-12-31;MOURA DUBEUX ENGENHARIA S/A;36.43436623991557;13.708377243025419;10.043847828507706
2021-12-31;MPM CORPÓREOS S.A.;40.69806024374707;25.080607337612793;31.988967680062725
2021-12-31;OMEGA GERAÇÃO S.A.;34.060944138589235;16.746895976140845;67.54366088627629
2021-12-31;ORIZON VALORIZAÇÃO DE RESÍDUOS S.A.;41.081613534290355;-12.7455707712231;18.295998310050607
2021-12-31;OSX BRASIL S.A.;90.14996591683709;465.2730440051504;3158.361735969098
2021-12-31;PADTEC HOLDING S.A.;35.669110374119974;14.821958456973295;16.099086518880547
2021-12-31;PARANAPANEMA S.A. - EM RECUPERAÇÃO JUDICIAL;-0.1353139219361683;-16.990698970638576;-6.952611707156919
2021-12-31;PBG S/A;43.25486748526641;11.307930906263024;15.100513721107436
2021-12-31;PET CENTER COMÉRCIO E PARTICIPAÇÕES S.A.;48.288625880502025;3.5773590302856944;7.733114027246398
2021-12-31;PETRO RIO S.A.;57.15749056586176;30.3240466396406;48.25845205292171
2021-12-31;PLANO & PLANO DESENVOLVIMENTO IMOBILIÁRIO S.A.;31.21068860815254;10.625993109198747;12.881707911835502
2021-12-31;POSITIVO TECNOLOGIA S.A.;22.83788349204736;6.028726303206638;9.00758196362072
2021-12-31;PRINER SERVIÇOS INDUSTRIAIS S.A.;16.265834912880564;3.347408811449389;4.73102292325132
2021-12-31;PRÁTICA KLIMAQUIP INDÚSTRIA E COMÉRCIO S.A.;45.16839043672584;11.16295522689755;16.97716987276668
2021-12-31;QUALITY SOFTWARE S.A.;27.561374802860968;7.377678496747516;13.07016306262846
2021-12-31;RAIA DROGASIL S.A.;29.867647874360852;3.167127851193447;5.663662646523592
2021-12-31;REDE D'OR SÃO LUIZ S.A.;23.598256353448797;8.23150147609031;17.998175144072803
2021-12-31;REDE ENERGIA PARTICIPAÇÕES S.A.;25.3888522259688;13.066190685021786;20.39373541944281
2021-12-31;RNI NEGÓCIOS IMOBILIÁRIOS S.A.;24.898605830164765;3.1446979298690323;4.186945500633714
2021-12-31;ROMI S.A.;32.29413248582037;14.755919592280154;15.290795295117668
2021-12-31;ROSSI RESIDENCIAL S.A. - EM RECUPERAÇÃO JUDICIAL;-23.02410125218796;-317.87902248552575;-454.5661101386832
2021-12-31;RUMO S.A.;28.06042019282674;2.0933965550984244;20.427542652647336
2021-12-31;SARAIVA LIVREIROS S.A. - EM RECUPERAÇÃO JUDICIAL;39.766884556101836;51.977318497350446;9.758896526894906
2021-12-31;SEQUOIA LOGÍSTICA E TRANSPORTES S.A.;17.523186988319193;-1.1747898684322169;3.1560350628174834
2021-12-31;SER EDUCACIONAL S.A.;54.10435724243583;3.7291861772200106;12.609868988558704
2021-12-31;SIMPAR S.A.;32.33689731858411;9.584083447693995;22.57681780447864
2021-12-31;SINQIA S.A.;38.22079660574709;6.389465563988248;6.330758148135543
2021-12-31;SMARTFIT ESCOLA DE GINÁSTICA E DANÇA S.A.;6.669650719365662;-37.086834175918106;-21.064873266617884
2021-12-31;SUZANO HOLDING S.A.;49.680203433464456;21.074037021317412;44.36722483629917
2021-12-31;SUZANO S.A.;49.67564725487693;21.080046735014214;44.37934755281837
2021-12-31;SYN PROP & TECH S.A.;72.19788110898342;60.89006084700136;70.86546533732967
2021-12-31;TAURUS ARMAS S.A.;48.08514178620847;23.173448000046708;35.52555333695316
2021-12-31;TRANSMISSORA ALIANÇA DE ENERGIA ELÉTRICA S.A.;81.30821310413535;63.758143966286184;98.94022232981159
2021-12-31;UNICASA INDÚSTRIA DE MÓVEIS S.A.;36.29936141187348;11.755641466078687;13.669592962387206
2021-12-31;UNIPAR CARBOCLORO S.A.;44.56353252607694;31.860636575783673;46.81690643369788
2021-12-31;VALE S.A.;60.04858205802592;41.34006077867568;48.15108815633475
2021-12-31;VALID SOLUÇÕES S.A.;23.454129456719993;2.634985152418038;6.177749691651642
2021-12-31;VAMOS LOCAÇÃO DE CAMINHÕES, MÁQUINAS E EQUIPAMENTOS S.A.;36.59471683144472;14.250954933513253;26.691564886780387
2021-12-31;VIA S.A.;30.185442894592057;-0.9611961552153792;-1.1100682869995793
2021-12-31;VIBRA ENERGIA S/A;5.265099407474581;1.9189831003450633;2.0027512853421046
2021-12-31;VIVARA PARTICIPAÇÕES S.A.;67.6136572238915;20.35549240472101;20.096091557720115
2021-12-31;VIX LOGÍSTICA S/A;20.124338434274495;7.275187393730392;15.220011016117057
2021-12-31;VULCABRAS S.A.;35.31616730292163;16.808217329271585;17.44168733959734
2021-12-31;WETZEL S.A.;15.852285060182739;53.17254569506047;7.541783899120705
2021-12-31;WLM PART. E COMÉRCIO DE MÁQUINAS E VEÍCULOS S.A.;12.940182141366147;5.68788277877485;7.323798026228012
2021-12-31;YDUQS PARTICIPACOES S.A.;54.404858793754485;3.6018534501015402;12.446935790997724
2022-03-31;CTC - CENTRO DE TECNOLOGIA CANAVIEIRA S.A.;67.40601013156802;31.79532808959438;43.95724335931476
2022-03-31;JALLES MACHADO S.A.;52.12518623975466;26.76932080026334;51.89138159361192
2022-12-31;AERIS IND. E COM. DE EQUIP. PARA GER. DE ENG. S.A.;11.927656382397878;-3.755097444837425;8.645809199622176
2022-12-31;ALIANSCE SONAE SHOPPING CENTERS S.A.;72.10535929762868;19.98918404313425;42.25259848414634
2022-12-31;ALLPARK EMPREENDIMENTOS, PARTICIPAÇÕES E SERVIÇOS S.A.;28.485685456517267;-14.168176904989313;6.813907789954526
2022-12-31;ALPER CONSULTORIA E CORRETORA DE SEGUROS S.A.;100.0;10.864876190945731;7.7038114371874995
2022-12-31;ALUPAR INVESTIMENTO S/A;81.93255720049622;43.40114061895168;74.75673681980996
2022-12-31;AMBEV S.A.;49.287838597850644;18.682110326375774;22.154183751819605
2022-12-31;AMBIPAR PARTICIPAÇÕES E EMPREENDIMENTOS S.A.;22.17993023889708;2.8694194481964836;18.784149310608424
2022-12-31;ATACADÃO S.A.;19.097093983866266;1.9418796773252989;4.794440664787637
2022-12-31;ATOM EMPREENDIMENTOS E PARTICIPAÇÕES S.A.;97.46754332200368;27.926672981556806;26.25787039616649
2022-12-31;AZUL S.A.;17.469841329359852;-4.529495643578623;8.963813608257352
2022-12-31;B3 S.A. - BRASIL, BOLSA, BALCÃO;89.92185690342154;41.80329279468982;55.16812812429468
2022-12-31;BB SEGURIDADE PARTICIPAÇÕES S.A.;;inf;inf
2022-12-31;BBM LOGÍSTICA S.A.;6.999370618613877;-4.357194466591615;2.1417965008356004
2022-12-31;BEMOBI MOBILE TECH S.A.;21.4802713602706;5.797845813592948;6.686501913507302
2022-12-31;BR PROPERTIES S.A.;100.0;-511.9738642054564;-656.0077708278016
2022-12-31;BRASKEM S.A.;11.768359160227504;-0.8499762596664103;4.426134159884568
2022-12-31;BRF S.A.;15.115040921454403;-5.838907843333898;-0.2533016059391327
2022-12-31;CCR S.A.;58.36862349622878;21.959377825448236;52.717859963441185
2022-12-31;CIA SIDERURGICA NACIONAL;29.998800778682355;4.886371525977569;17.225195730050775
2022-12-31;CIA TECIDOS SANTANENSE;8.730483996877439;1.5088309914129585;5.957991803278689
2022-12-31;COGNA EDUCAÇÃO S.A.;63.37767040663351;-10.624048299733593;5.95624446948491
2022-12-31;COMPANHIA ENERGÉTICA DE BRASÍLIA - CEB;54.06449690736367;80.08671175015594;88.25698209591673
2022-12-31;CONSTRUTORA ADOLPHO LINDENBERG S.A.;23.537297326282065;4.6919091378281825;11.81154611811546
2022-12-31;COSAN S.A.;22.60902382865418;7.098796779897451;19.780894899732665
2022-12-31;CPFL ENERGIAS RENOVÁVEIS S.A.;65.41603019776599;36.617934777921846;54.588626654274364
2022-12-31;CRUZEIRO DO SUL EDUCACIONAL S.A.;46.74513883410902;0.3256882543188452;15.364735347479689
2022-12-31;CURY CONSTRUTORA E INCORPORADORA S.A.;37.07501105305733;15.436181551893549;19.024593163318556
2022-12-31;D1000 VAREJO FARMA PARTICIPAÇÕES S.A.;32.06099458718887;0.7656012751256113;2.4024574755857135
2022-12-31;DEXCO S.A.;33.83887635286008;9.013238439195678;17.076502506878448
2022-12-31;ECORODOVIAS INFRAESTRUTURA E LOGÍSTICA S.A.;31.786279873605277;3.861512879436176;25.44628413999636
2022-12-31;ELETROMIDIA S.A.;40.41461140181355;6.426426726734985;16.803087084894834
2022-12-31;EMBPAR PARTICIPAÇÕES S/A;16.932252215769466;5.839691494942616;8.966434428869889
2022-12-31;EMBRAER S.A.;20.086246737622197;-4.465961137152988;-2.3693693797427593
2022-12-31;ENAUTA PARTICIPAÇÕES S.A.;49.32464145064525;17.623495480984094;33.30602754574753
2022-12-31;ENGIE BRASIL ENERGIA S.A.;46.94195364673641;22.37890649769603;48.71736317783281
2022-12-31;ENJOEI S.A.;35.044384129703886;-47.88662428636223;-68.93902851671334
2022-12-31;EUROFARMA LABORATÓRIOS S.A.;66.01670188901713;12.503272431141554;22.030955699775674
2022-12-31;GERDAU S.A.;22.752761999708536;13.929431087941946;21.539833721241063
2022-12-31;GRUPO DE MODA SOMA S.A.;56.66916468878066;6.881975641204635;9.17353793845421
2022-12-31;GRUPO MATEUS S.A.;22.045832604642023;4.89145382104591;6.271839780063622
2022-12-31;GRUPO SBF S.A.;46.974439148805395;3.268033466507856;6.418380543922596
2022-12-31;HAPVIDA PARTICIPAÇÕES E INVESTIMENTOS S.A.;23.81213065770094;-3.2668551758166506;-0.6563151835484087
2022-12-31;HBR REALTY EMPREENDIMENTOS IMOBILIÁRIOS S.A.;84.17006232873796;85.53093010378657;159.42739908849546
2022-12-31;HIDROVIAS DO BRASIL S.A.;34.96657050738164;-0.46173426098761244;17.941738786130436
2022-12-31;HOSPITAL MATER DEI S.A.;35.34545343173398;6.958469360206723;19.164872510963445
2022-12-31;HOTEIS OTHON S.A. - EM RECUPERAÇÃO JUDICIAL;66.58369756767789;196.82991666583698;225.2969464052808
2022-12-31;IGUA SANEAMENTO S.A.;32.31730892539616;-28.06367271314357;11.186843601242598
2022-12-31;IGUATEMI S.A.;58.58830845159253;1.2614860563531334;48.6814956791077
2022-12-31;INTELBRAS S.A.;28.387338064363398;11.322718796358664;10.947679488581903
2022-12-31;JSL S.A.;17.286250260485637;3.2243264941497625;12.76607933209407
2022-12-31;KLABIN S.A.;47.49662040047624;23.406246956538407;33.39836534258314
2022-12-31;LOCAWEB SERVIÇOS DE INTERNET S.A.;45.17015933304814;2.659884244395586;4.265600171463758
2022-12-31;MANGELS INDUSTRIAL S.A.;14.148838068947075;25.435269459076316;11.613510213471283
2022-12-31;MELNICK DESENVOLVIMENTO IMOBILIÁRIO S.A.;22.818793901908375;12.198611456455524;7.06587617330764
2022-12-31;MILLS LOCAÇÃO, SERVIÇOS E LOGÍSTICA S.A.;63.6461779493946;19.819942734024544;29.50589553858311
2022-12-31;MITRE REALTY EMPREENDIMENTOS E PARTICIPAÇÕES S.A.;29.18855931644842;4.906238383604042;6.500172680609417
2022-12-31;MOBLY S.A.;39.900229021173864;-14.101990553465221;-15.08729960647287
2022-12-31;MOURA DUBEUX ENGENHARIA S/A;33.32820530138444;13.139893962305212;10.951600133578978
2022-12-31;MPM CORPÓREOS S.A.;36.40270707048422;-5.666315504983371;11.475154851271077
2022-12-31;OMEGA GERAÇÃO S.A.;27.39732780944219;2.272195980909051;26.426387809861247
2022-12-31;ORIZON VALORIZAÇÃO DE RESÍDUOS S.A.;30.00443930606301;-22.909374281407292;9.18281637241626
2022-12-31;OSX BRASIL S.A.;90.80466322720406;-822.110423852008;1590.2630903856568
2022-12-31;PADTEC HOLDING S.A.;31.955704422721993;2.6670312393191606;7.426618360790211
2022-12-31;PARANAPANEMA S.A. - EM RECUPERAÇÃO JUDICIAL;-24.833922071240778;-134.6511889913489;-70.4733233432337
2022-12-31;PBG S/A;43.04739741455405;6.969833125519818;14.3054453514188
2022-12-31;PET CENTER COMÉRCIO E PARTICIPAÇÕES S.A.;47.647072727676836;1.7847737175753466;4.7863263542883425
2022-12-31;PETRO RIO S.A.;66.9001135385933;53.85535418933838;61.542050530567025
2022-12-31;PLANO & PLANO DESENVOLVIMENTO IMOBILIÁRIO S.A.;28.81112179626794;8.883900000335075;10.847906286334652
2022-12-31;POSITIVO TECNOLOGIA S.A.;23.96756811966591;6.135441252013975;12.51883798779749
2022-12-31;PRINER SERVIÇOS INDUSTRIAIS S.A.;24.410997499674245;7.982111730387685;12.840660164672387
2022-12-31;PRÁTICA KLIMAQUIP INDÚSTRIA E COMÉRCIO S.A.;44.38546509525321;7.236109827495449;10.628337679767583
2022-12-31;QUALITY SOFTWARE S.A.;100.0;19.740352501545942;54.37521466248222
2022-12-31;RAIA DROGASIL S.A.;30.307058978139757;3.491776692636213;6.327794249086089
2022-12-31;REDE D'OR SÃO LUIZ S.A.;22.628793467807622;5.491332811570213;16.960738086441367
2022-12-31;REDE ENERGIA PARTICIPAÇÕES S.A.;28.85573847060759;13.46662769781734;22.827994263668973
2022-12-31;RNI NEGÓCIOS IMOBILIÁRIOS S.A.;24.83874014189968;4.750176512649698;7.418178329493277
2022-12-31;ROMI S.A.;31.955747088177993;13.571294892551789;17.028051211390803
2022-12-31;ROSSI RESIDENCIAL S.A. - EM RECUPERAÇÃO JUDICIAL;98.55091837553137;1181.8410287944816;970.0211213004305
2022-12-31;RUMO S.A.;31.97030373800438;5.222990216539985;30.850678574868812
2022-12-31;SARAIVA LIVREIROS S.A. - EM RECUPERAÇÃO JUDICIAL;43.12097202651821;133.71485990159618;218.7152063939387
2022-12-31;SEQUOIA LOGÍSTICA E TRANSPORTES S.A.;17.380757214755896;-5.923108002281189;3.3471834034150203
2022-12-31;SER EDUCACIONAL S.A.;49.72126826073185;-13.251941875857149;-1.4452889414636505
2022-12-31;SIMPAR S.A.;31.134591384201432;3.858235844938544;20.98621877285389
2022-12-31;SINQIA S.A.;42.653680945768826;2.8478179057605213;9.911399057864752
2022-12-31;SMARTFIT ESCOLA DE GINÁSTICA E DANÇA S.A.;20.361513327091945;-8.273324723670529;-0.9346356373432406
2022-12-31;SUZANO HOLDING S.A.;50.19057762303609;46.93914886023543;44.57810570311395
2022-12-31;SUZANO S.A.;50.18900905473478;46.94851067045767;44.596345812901085
2022-12-31;SYN PROP & TECH S.A.;43.731388264253454;-6.9418481387737385;30.123561904240052
2022-12-31;TAURUS ARMAS S.A.;45.68560653632392;20.471641769890876;29.95447675432605
2022-12-31;TIM S.A.;50.508199857497175;7.759836710208784;14.676258444820514
2022-12-31;TRANSMISSORA ALIANÇA DE ENERGIA ELÉTRICA S.A.;80.94994223236462;55.38718074447825;93.30296726526142
2022-12-31;UNICASA INDÚSTRIA DE MÓVEIS S.A.;34.1809197404733;13.410643199635293;10.616335202989278
2022-12-31;UNIPAR CARBOCLORO S.A.;44.77473472595616;18.352523916821152;32.73899696935769
2022-12-31;VALE S.A.;45.169707030215264;42.531389619792684;39.877620216504496
2022-12-31;VALID SOLUÇÕES S.A.;35.62912723331508;1.9422305722405169;16.103279865193674
2022-12-31;VAMOS LOCAÇÃO DE CAMINHÕES, MÁQUINAS E EQUIPAMENTOS S.A.;42.58517531658992;13.608125770588266;32.79129101442692
2022-12-31;VIA S.A.;31.03760761214318;-1.1068677584309663;3.7575247588840703
2022-12-31;VIBRA ENERGIA S/A;4.127398785313536;0.8470839809089206;2.183018639154349
2022-12-31;VIVARA PARTICIPAÇÕES S.A.;68.89317107312482;19.571923274276852;20.41357949119121
2022-12-31;VIX LOGÍSTICA S/A;21.039922048211487;3.37596433087374;13.875105387963197
2022-12-31;VULCABRAS S.A.;36.951582538936734;18.523526017211314;17.484359085132617
2022-12-31;WETZEL S.A.;15.976507043791635;8.204788686250955;2.709675657966583
2022-12-31;WLM PART. E COMÉRCIO DE MÁQUINAS E VEÍCULOS S.A.;13.335794699756345;5.93938859860634;7.748037110923048
2022-12-31;YDUQS PARTICIPACOES S.A.;56.5717840760229;-1.214561418112834;13.525106573142253
