DT_REFER;DENOM_CIA;roic;roe;roa
2010-12-31;ALIANSCE SONAE SHOPPING CENTERS S.A.;14.848114887725734;12.726425516973652;9.11092278711333
2010-12-31;ALPER CONSULTORIA E CORRETORA DE SEGUROS S.A.;3.2956759962719233;3.90775182442472;3.6916428954726466
2010-12-31;ALUPAR INVESTIMENTO S/A;13.401097989195069;16.770254387910057;7.909846857545189
2010-12-31;B3 S.A. - BRASIL, BOLSA, BALCÃO;7.698691900119179;5.89362568134133;5.0564958209947655
2010-12-31;BR PROPERTIES S.A.;29.916383885093655;30.019450298397842;15.932035267321629
2010-12-31;BRASKEM S.A.;9.318874160535637;18.153661419372987;5.480343682781325
2010-12-31;BRF S.A.;6.05745690501506;5.903237175355175;2.9007247776132985
2010-12-31;CCR S.A.;16.42492976911511;21.574008323806915;5.306491912962655
2010-12-31;CIA SIDERURGICA NACIONAL;14.73244483629547;32.16529919127542;6.6563761682362905
2010-12-31;CIA TECIDOS SANTANENSE;14.229448563559693;11.251064503990651;7.354211907713119
2010-12-31;COGNA EDUCAÇÃO S.A.;-2.64152080863292;-3.6294867773617456;-2.705825613407552
2010-12-31;CONSTRUTORA ADOLPHO LINDENBERG S.A.;4.4301248489730165;27.800461565773123;-37.84132098268224
2010-12-31;CPFL ENERGIAS RENOVÁVEIS S.A.;-0.3314604713837121;-1.7802859923567689;-1.0502598077943677
2010-12-31;DOHLER S.A.;0.6499831677665718;3.2043041347111387;2.467665179985379
2010-12-31;ECORODOVIAS INFRAESTRUTURA E LOGÍSTICA S.A.;27.4952613870741;33.226129236682596;14.259984214225632
2010-12-31;EMBPAR PARTICIPAÇÕES S/A;12.673967563952516;-16.016179019803538;-0.5097809730814246
2010-12-31;EMBRAER S.A.;5.724885190730801;11.502605429881077;4.29280737434352
2010-12-31;ENAUTA PARTICIPAÇÕES S.A.;4.365056791247132;5.719882436690808;3.3747653450139374
2010-12-31;ENGIE BRASIL ENERGIA S.A.;20.698469948689088;23.88575752008207;9.428963771084351
2010-12-31;GERDAU S.A.;9.667263213997444;12.19687293012101;5.729323409944124
2010-12-31;HOTEIS OTHON S.A. - EM RECUPERAÇÃO JUDICIAL;0.4561515760414383;44.4793560114256;-3.0785738163962946
2010-12-31;JSL S.A.;9.871049277048902;11.44117401120495;3.177105689191298
2010-12-31;KLABIN S.A.;9.062865812218222;11.294049357241494;4.7479036179284595
2010-12-31;MANGELS INDUSTRIAL S.A.;7.433377956165361;9.481493236005871;2.5104719710647974
2010-12-31;MOURA DUBEUX ENGENHARIA S/A;13.268840998089146;56.19250672446292;9.614060601375526
2010-12-31;OSX BRASIL S.A.;-6.011974705327869;-3.17072689744028;-2.2648756454848633
2010-12-31;PADTEC HOLDING S.A.;0.25303624583473594;-26.687935951361556;-6.707540782710325
2010-12-31;PBG S/A;12.699190373302411;53.100138076139125;5.693117291892102
2010-12-31;PETRO RIO S.A.;-6.977792385664025;-5.351336255387702;-5.28146808267536
2010-12-31;POSITIVO TECNOLOGIA S.A.;7.165135987737386;12.996459325960572;5.473258680136887
2010-12-31;REDE ENERGIA PARTICIPAÇÕES S.A.;6.513393351238443;-14.147529877545937;-2.9654900869351684
2010-12-31;RNI NEGÓCIOS IMOBILIÁRIOS S.A.;6.023973208364649;10.57596367865767;3.2998161575076996
2010-12-31;RUMO S.A.;7.864416115354865;6.266470845167263;1.91599155132703
2010-12-31;SARAIVA LIVREIROS S.A. - EM RECUPERAÇÃO JUDICIAL;12.772964878178863;14.376484224810584;5.5350814574816525
2010-12-31;SER EDUCACIONAL S.A.;21.756045320355778;30.8374341707675;16.92594926811701
2010-12-31;SUZANO HOLDING S.A.;6.521163282718353;8.719990011602153;3.971581924234197
2010-12-31;SUZANO S.A.;6.7756596620965475;8.899737069030866;4.065861073162045
2010-12-31;TAURUS ARMAS S.A.;12.921496087956225;15.265567904745984;7.031977444864836
2010-12-31;TRANSMISSORA ALIANÇA DE ENERGIA ELÉTRICA S.A.;17.705793265921155;17.088098410351968;9.367262332735264
2010-12-31;TRONOX PIGMENTOS DO BRASIL S.A.;-5.31657753549061;-7.697762324940384;-5.81014412057959
2010-12-31;UNIPAR CARBOCLORO S.A.;5.419512702524655;8.098650848599389;3.0012531638672737
2010-12-31;VALE S.A.;22.117511150570333;26.15173396232877;14.171803041127228
2010-12-31;VALID SOLUÇÕES S.A.;20.96886327725625;20.639490165915834;11.639247761563961
2010-12-31;VIX LOGÍSTICA S/A;15.928870075756125;23.162699464082195;5.997255719757788
2010-12-31;VULCABRAS S.A.;11.256634270693747;22.852497157814028;7.5037407396153775
2010-12-31;WLM PART. E COMÉRCIO DE MÁQUINAS E VEÍCULOS S.A.;16.490468395205156;12.633938496588366;9.702698421080424
2010-12-31;YDUQS PARTICIPACOES S.A.;6.54663060447264;13.766901406046786;10.0256545387652
2011-03-31;COSAN S.A.;9.348082994961338;11.446379651037846;4.142844765996239
2011-12-31;ALIANSCE SONAE SHOPPING CENTERS S.A.;17.110681325829518;14.989621028680522;11.136115688660606
2011-12-31;ALPER CONSULTORIA E CORRETORA DE SEGUROS S.A.;16.063058589870906;24.56768078193389;18.171300893743794
2011-12-31;ALUPAR INVESTIMENTO S/A;13.073923175279917;15.605897798367124;6.848587904983572
2011-12-31;B3 S.A. - BRASIL, BOLSA, BALCÃO;7.830301431263741;5.444785096874769;4.444817579303568
2011-12-31;BR PROPERTIES S.A.;14.084215263614706;9.082947507983924;5.208716554810643
2011-12-31;BRASKEM S.A.;4.207697236192776;-5.193726034340721;-1.3836182801696442
2011-12-31;BRF S.A.;7.196121754610275;9.674677746155416;4.5528073881810025
2011-12-31;CCR S.A.;21.169197111030844;28.335658940052237;7.086943131181542
2011-12-31;CIA SIDERURGICA NACIONAL;12.461796748782401;43.56849154763418;7.824316868923127
2011-12-31;CIA TECIDOS SANTANENSE;11.17807068948929;11.017983562535601;7.10568437256737
2011-12-31;COGNA EDUCAÇÃO S.A.;1.4518593130155957;2.533329808700556;1.2599141336914692
2011-12-31;CONSTRUTORA ADOLPHO LINDENBERG S.A.;-10.936797810189157;74.3134817493502;-26.86603750459615
2011-12-31;CPFL ENERGIAS RENOVÁVEIS S.A.;0.700217889021736;2.158147091215538;1.0837465667430648
2011-12-31;DOHLER S.A.;5.205361551215033;6.014713539395963;4.638237458238956
2011-12-31;ECORODOVIAS INFRAESTRUTURA E LOGÍSTICA S.A.;24.200775808703465;20.559428911236054;9.324476709258436
2011-12-31;EMBPAR PARTICIPAÇÕES S/A;5.688920039717306;156.7877378574002;-8.473025329517357
2011-12-31;EMBRAER S.A.;4.408314087759815;2.928203161428027;1.0306339379076364
2011-12-31;ENAUTA PARTICIPAÇÕES S.A.;2.4153000139574603;4.234698356392677;3.3753241629278867
2011-12-31;ENGIE BRASIL ENERGIA S.A.;24.211676438404908;26.56949450833337;11.705441200993823
2011-12-31;GERDAU S.A.;6.266489754249317;7.909470519068336;4.196680095156248
2011-12-31;HIDROVIAS DO BRASIL S.A.;-14.900359129638757;-11.394042236179084;-11.077690705885903
2011-12-31;HOTEIS OTHON S.A. - EM RECUPERAÇÃO JUDICIAL;-8.324012468818346;35.70320753444672;-9.157893523056167
2011-12-31;JSL S.A.;6.710952757832622;6.744036059875327;1.4795119392205
2011-12-31;KLABIN S.A.;7.142912641627677;3.685152699452353;1.4340512314196143
2011-12-31;MANGELS INDUSTRIAL S.A.;-1.4055303679126065;-16.811658475961615;-3.905036264216711
2011-12-31;MOURA DUBEUX ENGENHARIA S/A;7.132892235241709;27.924370900281126;4.859536707793396
2011-12-31;OSX BRASIL S.A.;-2.674196863097549;0.17349879106338648;0.10531874262234903
2011-12-31;PADTEC HOLDING S.A.;2.9720074552564735;-19.123845240757625;-2.8055639331146893
2011-12-31;PBG S/A;13.64252426577145;29.81735494755373;4.238039138004733
2011-12-31;PETRO RIO S.A.;-8.973521968367509;-7.8527134846304705;-5.640628330764732
2011-12-31;POSITIVO TECNOLOGIA S.A.;-3.6150202705158856;-10.967388706207645;-4.330690332714514
2011-12-31;RAIA DROGASIL S.A.;3.2214671048395545;3.1208800394698466;2.168223543923129
2011-12-31;REDE ENERGIA PARTICIPAÇÕES S.A.;10.782570581091433;-38.7040973819855;-5.6508395673103315
2011-12-31;RNI NEGÓCIOS IMOBILIÁRIOS S.A.;6.990196237714527;8.120178416136001;2.8501953810607636
2011-12-31;RUMO S.A.;8.003502730993144;6.147480123232412;1.7768355325811398
2011-12-31;SARAIVA LIVREIROS S.A. - EM RECUPERAÇÃO JUDICIAL;12.286851207450619;13.925359336088905;4.854102520774671
2011-12-31;SER EDUCACIONAL S.A.;16.402590341289315;22.38746665152977;10.997100156145438
2011-12-31;SUZANO HOLDING S.A.;2.2613273733521426;0.40024816206940644;0.17294501657236264
2011-12-31;SUZANO S.A.;2.5310938746633376;0.3089972459952392;0.13801953624493865
2011-12-31;TAURUS ARMAS S.A.;7.2167483093789855;11.480006764339631;3.313963344655916
2011-12-31;TRANSMISSORA ALIANÇA DE ENERGIA ELÉTRICA S.A.;17.12179805194605;21.993569731388448;7.632584453161351
2011-12-31;TRONOX PIGMENTOS DO BRASIL S.A.;10.797168716639591;8.735589339439283;6.5640479829706875
2011-12-31;UNIPAR CARBOCLORO S.A.;3.731308059364682;1.166556952265056;0.49987525595006643
2011-12-31;VALE S.A.;25.705715128689384;25.496032742218173;15.468501373247276
2011-12-31;VALID SOLUÇÕES S.A.;20.675272307478913;22.21692396336254;12.21274332378405
2011-12-31;VIX LOGÍSTICA S/A;15.071550265614464;19.86611950289589;5.047414252079365
2011-12-31;VULCABRAS S.A.;-17.60791971652484;-148.33075153734217;-20.432260817836173
2011-12-31;WLM PART. E COMÉRCIO DE MÁQUINAS E VEÍCULOS S.A.;11.548309669056241;8.202265793145857;6.792662471554792
2011-12-31;YDUQS PARTICIPACOES S.A.;8.036638289988565;11.33479282961862;6.564407074644574
2012-03-31;COSAN S.A.;24.133616975307735;27.50298605274712;11.954320473998193
2012-12-31;ALIANSCE SONAE SHOPPING CENTERS S.A.;12.513658932972879;11.57142312872725;7.612267398845265
2012-12-31;ALPER CONSULTORIA E CORRETORA DE SEGUROS S.A.;17.232584130137838;23.21462785447205;14.594312678504906
2012-12-31;ALUPAR INVESTIMENTO S/A;13.285510903554226;17.530634974745173;7.228192388602284
2012-12-31;B3 S.A. - BRASIL, BOLSA, BALCÃO;8.433616539019942;5.533442512939967;4.448796655368422
2012-12-31;BB SEGURIDADE PARTICIPAÇÕES S.A.;0.0;0.0;0.0
2012-12-31;BR PROPERTIES S.A.;19.250391943500134;15.313625859250852;7.970549252084851
2012-12-31;BRASKEM S.A.;1.8104038477899078;-8.521722569773079;-1.7935880112268179
2012-12-31;BRF S.A.;4.505881403269595;5.63024662391157;2.6669062331747746
2012-12-31;CCR S.A.;21.888921338760866;35.46267887882576;8.334876993471052
2012-12-31;CIA SIDERURGICA NACIONAL;-0.4634059102029105;-5.335257356830903;-0.9748894964031812
2012-12-31;CIA TECIDOS SANTANENSE;20.31249038088613;13.069366733188861;9.857360084217266
2012-12-31;COGNA EDUCAÇÃO S.A.;6.597206072009978;8.99490874381846;5.339542062200047
2012-12-31;CONSTRUTORA ADOLPHO LINDENBERG S.A.;20.54382752306257;-52.096940529391546;10.472307639152817
2012-12-31;CPFL ENERGIAS RENOVÁVEIS S.A.;2.5480025748685966;0.2502486279644133;0.09380397546721159
2012-12-31;DOHLER S.A.;4.760646289411092;5.104243125397991;3.801457518019861
2012-12-31;ECORODOVIAS INFRAESTRUTURA E LOGÍSTICA S.A.;19.595184342819735;20.091630765090542;6.892318150742193
2012-12-31;EMBPAR PARTICIPAÇÕES S/A;7.993173978917508;52.29966010350001;-6.882233003449276
2012-12-31;EMBRAER S.A.;8.978601107258365;10.209739834268168;3.6043106236690567
2012-12-31;ENAUTA PARTICIPAÇÕES S.A.;3.2888093138902286;3.701773545794343;3.3881091616332006
2012-12-31;ENGIE BRASIL ENERGIA S.A.;25.66216768902816;27.456835638605558;12.229877068749136
2012-12-31;GERDAU S.A.;4.541879011981167;5.195653560637736;2.8181408986822745
2012-12-31;HIDROVIAS DO BRASIL S.A.;-8.123385360024415;-6.858598523646381;-6.6777855629156155
2012-12-31;HOTEIS OTHON S.A. - EM RECUPERAÇÃO JUDICIAL;0.220505889167793;16.814073926700306;-5.385016412434833
2012-12-31;IGUA SANEAMENTO S.A.;3.181405086479671;-5.142617554143195;-1.1788832583922155
2012-12-31;JSL S.A.;7.504477516552529;8.183312085952412;1.7013796857432328
2012-12-31;KLABIN S.A.;14.10641710330962;13.871535851564706;5.3338783789333775
2012-12-31;MANGELS INDUSTRIAL S.A.;4.914187465564942;-547.3953163486636;-21.9936809360132
2012-12-31;MOURA DUBEUX ENGENHARIA S/A;7.310835659507623;21.693381381071084;4.615282449845087
2012-12-31;OSX BRASIL S.A.;-0.5442707637097313;-0.9818835818047286;-0.33392797629482807
2012-12-31;PADTEC HOLDING S.A.;0.7329777683411762;-21.42255848515397;-2.3786005571184927
2012-12-31;PBG S/A;21.12491928188563;51.66093748770915;9.44527779255912
2012-12-31;PETRO RIO S.A.;-9.495760334624856;-7.585061610213979;-6.521040449499445
2012-12-31;POSITIVO TECNOLOGIA S.A.;3.4141735961468127;4.716951652417379;1.6629650683694017
2012-12-31;RAIA DROGASIL S.A.;6.402128504221022;4.630056887151664;3.139196439958733
2012-12-31;REDE ENERGIA PARTICIPAÇÕES S.A.;7.319182910677922;236.02964001211197;-43.90121223048213
2012-12-31;RNI NEGÓCIOS IMOBILIÁRIOS S.A.;8.43402246732073;10.862390660793178;4.839331464689867
2012-12-31;RUMO S.A.;6.7154033354186;5.690902347803842;1.3786610638078627
2012-12-31;SARAIVA LIVREIROS S.A. - EM RECUPERAÇÃO JUDICIAL;12.932781298948793;14.927094377070246;5.769168824689631
2012-12-31;SER EDUCACIONAL S.A.;20.864191346485946;33.25914346939409;16.94108217700921
2012-12-31;SUZANO HOLDING S.A.;1.4406752417957722;-1.6524667212174753;-0.6571376153558695
2012-12-31;SUZANO S.A.;1.6388192259692445;-1.6553781931013396;-0.7183483643657465
2012-12-31;TAURUS ARMAS S.A.;9.51230543909023;-58.08801665179899;-10.518673539716271
2012-12-31;TRANSMISSORA ALIANÇA DE ENERGIA ELÉTRICA S.A.;13.563227790066875;14.379962330767299;6.11415259946594
2012-12-31;TRONOX PIGMENTOS DO BRASIL S.A.;13.586069648470945;12.153501060927553;8.236142859725264
2012-12-31;UNIPAR CARBOCLORO S.A.;10.043361708375944;9.536641855180552;5.104389057308404
2012-12-31;VALE S.A.;4.628452137494997;5.932495798326239;3.459042704718142
2012-12-31;VALID SOLUÇÕES S.A.;19.475708134994196;20.066191952760175;9.27573176881076
2012-12-31;VIX LOGÍSTICA S/A;15.406875882181032;24.380728532002717;6.2951194791789735
2012-12-31;VULCABRAS S.A.;-3.097917757226778;-5451.531244468048;-22.389708020706102
2012-12-31;WLM PART. E COMÉRCIO DE MÁQUINAS E VEÍCULOS S.A.;13.303744807320045;7.021497778752366;5.254521088282397
2012-12-31;YDUQS PARTICIPACOES S.A.;12.415612069591308;15.513659154072995;8.847081407635041
2013-03-31;COSAN S.A.;5.503849330333534;6.4820562940030175;2.5689766297579277
2013-12-31;ALIANSCE SONAE SHOPPING CENTERS S.A.;15.367887723654356;12.430078133037663;8.134525170544965
2013-12-31;ALPER CONSULTORIA E CORRETORA DE SEGUROS S.A.;15.984196754640262;21.372962675787477;12.777780392304505
2013-12-31;ALUPAR INVESTIMENTO S/A;13.087341083987077;15.966472183096359;7.834400199517832
2013-12-31;AMBEV S.A.;25.967206025906247;25.806230632093293;16.533283132883195
2013-12-31;B3 S.A. - BRASIL, BOLSA, BALCÃO;8.157762744607327;5.601083212445564;4.174078980612904
2013-12-31;BB SEGURIDADE PARTICIPAÇÕES S.A.;15.784752975307661;35.63830438595341;28.157284099965874
2013-12-31;BR PROPERTIES S.A.;4.774024456222643;0.9118207171030577;0.45470471807233964
2013-12-31;BRASKEM S.A.;6.612388846475939;6.600910727225245;1.0487674875335815
2013-12-31;BRF S.A.;6.5017792205975;7.259293826126209;3.2952932902365437
2013-12-31;CCR S.A.;24.579103128979458;39.24452473805358;9.747616512779512
2013-12-31;CIA SIDERURGICA NACIONAL;6.336813706944406;6.617797688677205;1.0594585324362331
2013-12-31;CIA TECIDOS SANTANENSE;14.214954929888272;12.987666103810295;8.486565316881983
2013-12-31;COGNA EDUCAÇÃO S.A.;14.113658638710596;19.726321071345243;12.663654936969898
2013-12-31;CONSTRUTORA ADOLPHO LINDENBERG S.A.;25.58428786301053;186.84997011356842;54.251995834779585
2013-12-31;COSAN S.A.;4.552514228694059;3.8715033328721304;1.8296425464483592
2013-12-31;CPFL ENERGIAS RENOVÁVEIS S.A.;2.373369129529798;-1.5375435968520836;-0.5794168781060313
2013-12-31;DOHLER S.A.;8.931543480030411;9.110813327579551;6.947314094315408
2013-12-31;ECORODOVIAS INFRAESTRUTURA E LOGÍSTICA S.A.;18.372029274079615;19.042253467421087;6.145612333804252
2013-12-31;EMBPAR PARTICIPAÇÕES S/A;5.710698113100345;-73.84164695764352;7.8052646829883585
2013-12-31;EMBRAER S.A.;9.140310038042433;9.24208682820761;3.3097632143688362
2013-12-31;ENAUTA PARTICIPAÇÕES S.A.;3.9835871235713505;7.979968925600349;6.325162758392418
2013-12-31;ENGIE BRASIL ENERGIA S.A.;23.32937713270731;26.781941877985187;11.353737361013726
2013-12-31;GERDAU S.A.;4.317384304811952;5.2893877555736735;2.909389051351678
2013-12-31;HIDROVIAS DO BRASIL S.A.;-4.253292238722331;-5.638455892802564;-3.9586138086093667
2013-12-31;HOTEIS OTHON S.A. - EM RECUPERAÇÃO JUDICIAL;18.255852211785655;-205.1322838388825;20.855306817062267
2013-12-31;IGUA SANEAMENTO S.A.;3.9889052740199724;7.258416493442126;1.4361669039054754
2013-12-31;JSL S.A.;6.828615916919407;9.221817379040644;1.6049472924811898
2013-12-31;KLABIN S.A.;8.105990979856156;5.379471790117951;1.9444155486217498
2013-12-31;MANGELS INDUSTRIAL S.A.;-1.8418911538847342;124.71492563079802;-30.596391114875782
2013-12-31;MOURA DUBEUX ENGENHARIA S/A;7.830473176734689;19.151340481482386;5.301860341415699
2013-12-31;OMEGA GERAÇÃO S.A.;-1.3500590411042603;-4.184517434249672;-2.3983050727036845
2013-12-31;OSX BRASIL S.A.;-26.137984656197254;-108.90774226193582;-28.092635007460252
2013-12-31;PADTEC HOLDING S.A.;0.1500743091821958;-10.416778667813558;-1.7360461691292666
2013-12-31;PBG S/A;18.482652380131462;47.176282335280966;10.002232271125905
2013-12-31;PETRO RIO S.A.;-162.21980092827758;-153.84800474082874;-123.96255648018948
2013-12-31;POSITIVO TECNOLOGIA S.A.;3.985563914894341;2.414329253184003;0.8293726665581407
2013-12-31;RAIA DROGASIL S.A.;5.208388384028856;4.339739482411345;2.7942003706047407
2013-12-31;REDE ENERGIA PARTICIPAÇÕES S.A.;-0.7200127683459792;19.785249129646402;-4.645310771139951
2013-12-31;RNI NEGÓCIOS IMOBILIÁRIOS S.A.;8.527773296169986;13.528258442718554;6.017114796538097
2013-12-31;RUMO S.A.;6.191857773943851;0.6084455583887436;0.1481750917130625
2013-12-31;SARAIVA LIVREIROS S.A. - EM RECUPERAÇÃO JUDICIAL;3.4955494940155907;2.5247168636970883;0.9819543916460348
2013-12-31;SER EDUCACIONAL S.A.;17.747474684607866;25.76556497387929;14.476234339310276
2013-12-31;SUZANO HOLDING S.A.;3.1801163072065535;-1.9193488966587118;-0.7591635545636327
2013-12-31;SUZANO S.A.;3.3741221656818734;-2.062824645355082;-0.8120233333086551
2013-12-31;TAURUS ARMAS S.A.;3.2744866539311914;-55.00948675621434;-6.782400721564335
2013-12-31;TRANSMISSORA ALIANÇA DE ENERGIA ELÉTRICA S.A.;15.075498037541516;20.73957553244272;9.753597276143235
2013-12-31;TRONOX PIGMENTOS DO BRASIL S.A.;1.9758848419006232;2.732003160524761;2.0573646291954946
2013-12-31;UNICASA INDÚSTRIA DE MÓVEIS S.A.;6.057161542474094;6.677447480066048;5.336608456669496
2013-12-31;VALE S.A.;16.679631398638602;-0.1695769764262865;-0.08838006205906777
2013-12-31;VALID SOLUÇÕES S.A.;13.778607211182686;16.8780245459731;7.8201569368330945
2013-12-31;VIX LOGÍSTICA S/A;14.797703553258662;25.158806701418985;6.216191759335599
2013-12-31;VULCABRAS S.A.;-0.6729464482943608;-94.9136161349776;-9.99439868724163
2013-12-31;WLM PART. E COMÉRCIO DE MÁQUINAS E VEÍCULOS S.A.;7.843347841925525;4.035069804081752;2.810090317074905
2013-12-31;YDUQS PARTICIPACOES S.A.;12.184035637418166;16.12415839835745;11.442119354677317
2014-12-31;ALIANSCE SONAE SHOPPING CENTERS S.A.;10.856259988490896;8.66936724292913;5.7940047651651625
2014-12-31;ALPER CONSULTORIA E CORRETORA DE SEGUROS S.A.;2.021075332870018;3.4138174090294284;2.22391369096866
2014-12-31;ALUPAR INVESTIMENTO S/A;12.391944553929354;19.38107561826559;8.418947172942811
2014-12-31;AMBEV S.A.;24.743202765754663;28.324235887778183;17.135389733111793
2014-12-31;B3 S.A. - BRASIL, BOLSA, BALCÃO;8.220927163292194;5.150059222989948;3.82921109395733
2014-12-31;BB SEGURIDADE PARTICIPAÇÕES S.A.;18.76792708935197;43.62304366086555;33.29277861854756
2014-12-31;BR PROPERTIES S.A.;7.244052693579301;4.4056454805141465;2.2311688972847423
2014-12-31;BRASKEM S.A.;8.13704880670861;12.321986308922952;1.4695978699742953
2014-12-31;BRF S.A.;10.610771987995147;14.180274587358285;6.162456599019464
2014-12-31;CCR S.A.;20.211910973910967;36.7742417129469;7.836493106730141
2014-12-31;CIA SIDERURGICA NACIONAL;5.3586807348629915;-1.9575848194630314;-0.22558477387671777
2014-12-31;CIA TECIDOS SANTANENSE;2.382619136620564;0.3531044843164906;0.21726079224295147
2014-12-31;COGNA EDUCAÇÃO S.A.;6.81935764662428;8.741606973995685;6.461244800202504
2014-12-31;CONSTRUTORA ADOLPHO LINDENBERG S.A.;24.75595913734393;52.96881945767448;18.935300794551647
2014-12-31;COSAN S.A.;5.4142325597320395;5.1673057535166915;2.373446116900888
2014-12-31;CPFL ENERGIAS RENOVÁVEIS S.A.;2.2768032247851386;-3.854025954646381;-1.4383188683000747
2014-12-31;DOHLER S.A.;7.571138048647697;8.972304243625857;6.768242886195135
2014-12-31;ECORODOVIAS INFRAESTRUTURA E LOGÍSTICA S.A.;20.174607982548153;26.580748868111286;7.076383158730325
2014-12-31;EMBPAR PARTICIPAÇÕES S/A;9.02728683910303;42.58910661934887;-10.32448708597505
2014-12-31;EMBRAER S.A.;6.068739693927735;8.052224707140022;2.9891225735528106
2014-12-31;ENAUTA PARTICIPAÇÕES S.A.;3.7023243317223065;6.56652014292787;5.236605276087317
2014-12-31;ENGIE BRASIL ENERGIA S.A.;21.118771596968287;24.458310764606363;10.154548870507835
2014-12-31;GERDAU S.A.;4.3599229279755365;4.475699464018952;2.360910518377097
2014-12-31;HIDROVIAS DO BRASIL S.A.;-1.721725392451098;-2.233848710323581;-1.1230711754025837
2014-12-31;HOTEIS OTHON S.A. - EM RECUPERAÇÃO JUDICIAL;4.757425688534075;1.4544183200769163;-0.15137015460860265
2014-12-31;IGUA SANEAMENTO S.A.;8.805396791074086;6.044831729483619;1.0355984682867057
2014-12-31;JSL S.A.;6.6601453725182465;6.93286016849798;0.9672451845036212
2014-12-31;KLABIN S.A.;9.554367874909882;10.347073894595942;3.449206580473891
2014-12-31;MANGELS INDUSTRIAL S.A.;-3.2854833882071235;28.729564473922842;-10.620772223885064
2014-12-31;MOURA DUBEUX ENGENHARIA S/A;6.8964640729729;14.442531568768723;3.967672238670386
2014-12-31;OMEGA GERAÇÃO S.A.;3.8868373209400535;6.866148129438142;3.2522491187302807
2014-12-31;OSX BRASIL S.A.;-64.60492585561765;226.9835376858901;-70.0372325337364
2014-12-31;PADTEC HOLDING S.A.;-7.606037032125225;-28.59316422415892;-3.2117021843840536
2014-12-31;PBG S/A;17.11496818999106;39.3981793661497;8.255765895290141
2014-12-31;PETRO RIO S.A.;-105.6522337339724;-161.33501036618614;-94.52804442023563
2014-12-31;POSITIVO TECNOLOGIA S.A.;4.940288533443649;3.5218749432468264;1.322369183700838
2014-12-31;REDE ENERGIA PARTICIPAÇÕES S.A.;12.647363313278149;57.94555903112021;14.417720422686273
2014-12-31;RNI NEGÓCIOS IMOBILIÁRIOS S.A.;5.4905604017841325;8.441392202766844;3.9230150010885025
2014-12-31;RUMO S.A.;-5.5936064850501515;-93.842708856521;-12.841153015179355
2014-12-31;SARAIVA LIVREIROS S.A. - EM RECUPERAÇÃO JUDICIAL;3.1961230880025044;1.216249962964374;0.30703082969912904
2014-12-31;SER EDUCACIONAL S.A.;19.66492763554476;34.128032783746;17.12058394300824
2014-12-31;SUZANO HOLDING S.A.;3.813962526704201;-2.198814395117736;-0.8138921667524535
2014-12-31;SUZANO S.A.;4.00837057445208;-2.5351687210595073;-0.9299824292475645
2014-12-31;TAURUS ARMAS S.A.;-9.438915329523569;-355.7939172982826;-18.925189050821476
2014-12-31;TRANSMISSORA ALIANÇA DE ENERGIA ELÉTRICA S.A.;19.773448662792067;21.418315252074027;10.450019101980553
2014-12-31;TRONOX PIGMENTOS DO BRASIL S.A.;2.00730591856106;-14.225511272807454;-9.897122695327855
2014-12-31;UNICASA INDÚSTRIA DE MÓVEIS S.A.;-7.964975442807298;-1.2483863776576165;-0.8919113126060255
2014-12-31;VALE S.A.;6.519532122259461;0.1467818300340231;0.07096864161298794
2014-12-31;VALID SOLUÇÕES S.A.;16.39104345424444;18.65040190598431;8.49720802274933
2014-12-31;VIX LOGÍSTICA S/A;12.752360817706398;10.633463015622112;4.16426361766182
2014-12-31;VULCABRAS S.A.;2.6924595403589735;-119.31682210821354;-5.724986118910213
2014-12-31;WLM PART. E COMÉRCIO DE MÁQUINAS E VEÍCULOS S.A.;3.470271575968805;2.519832300175255;2.1061803374857657
2014-12-31;YDUQS PARTICIPACOES S.A.;12.290299944282971;17.788128014175506;12.11219326467068
2015-12-31;ALIANSCE SONAE SHOPPING CENTERS S.A.;8.149885264613713;6.166313581731859;4.163345808740621
2015-12-31;ALPER CONSULTORIA E CORRETORA DE SEGUROS S.A.;-27.870939872050688;-26.925963658873144;-21.47491411762286
2015-12-31;ALUPAR INVESTIMENTO S/A;11.542028532122984;14.044394875297698;5.705265948324469
2015-12-31;AMBEV S.A.;24.857813423434827;25.587545011900893;14.28218991713493
2015-12-31;B3 S.A. - BRASIL, BOLSA, BALCÃO;11.031212067249498;12.006497527028484;8.375334653925982
2015-12-31;BB SEGURIDADE PARTICIPAÇÕES S.A.;19.551260917363898;55.501395109308184;36.600120497460004
2015-12-31;BR PROPERTIES S.A.;-2.2616820940644695;-16.36784725848786;-8.401640529643492
2015-12-31;BRASKEM S.A.;14.531200744266792;216.69702947796648;4.834418683492721
2015-12-31;BRF S.A.;9.505067518298869;22.628586759341836;7.751948387459705
2015-12-31;CCR S.A.;14.56826561254381;20.15389651236889;3.6288939411701824
2015-12-31;CIA SIDERURGICA NACIONAL;11.030322441693391;18.498321192106427;3.321586564465584
2015-12-31;CIA TECIDOS SANTANENSE;-6.999657400734817;-8.4019157852724;-4.973832504400629
2015-12-31;COGNA EDUCAÇÃO S.A.;9.39786478083166;11.205208348716276;8.390806241824105
2015-12-31;CONSTRUTORA ADOLPHO LINDENBERG S.A.;32.96329941860465;54.28560794968179;26.50072674418605
2015-12-31;COSAN S.A.;6.4594847685606345;7.724675133206474;3.186942640180229
2015-12-31;CPFL ENERGIAS RENOVÁVEIS S.A.;4.284178680592623;-1.1319539467126354;-0.40924548529574095
2015-12-31;DOHLER S.A.;5.400534884695561;5.717648441092522;4.381056451600386
2015-12-31;ECORODOVIAS INFRAESTRUTURA E LOGÍSTICA S.A.;13.83675553044702;7.065929223524127;1.4727420222127436
2015-12-31;EMBPAR PARTICIPAÇÕES S/A;83.35107454184528;-374.69420640152345;29.435254178773846
2015-12-31;EMBRAER S.A.;4.220937956951657;1.8763021640158657;0.6180098672479657
2015-12-31;ENAUTA PARTICIPAÇÕES S.A.;-6.250628596116391;3.481117744727453;2.729032730143432
2015-12-31;ENGIE BRASIL ENERGIA S.A.;19.840689360526824;22.602713946236573;9.81200630848068
2015-12-31;GERDAU S.A.;-6.725092474526144;-14.375761466479773;-6.556822997867072
2015-12-31;HIDROVIAS DO BRASIL S.A.;-0.6639296002004108;-5.385988037912822;-2.0668740285289453
2015-12-31;HOTEIS OTHON S.A. - EM RECUPERAÇÃO JUDICIAL;-0.11698356991950833;28.618460577223466;-4.158678609466939
2015-12-31;IGUA SANEAMENTO S.A.;4.996061558004066;-31.23409016737377;-4.1715728549501385
2015-12-31;JSL S.A.;6.907731628881356;4.585080691419422;0.5348755146498265
2015-12-31;KLABIN S.A.;3.03489240594514;-23.414002100016067;-4.770779703808943
2015-12-31;MANGELS INDUSTRIAL S.A.;-0.8421598567950593;48.19646608014066;-36.16327578784117
2015-12-31;MOURA DUBEUX ENGENHARIA S/A;6.479279209002087;10.597031886963439;2.8369054351853658
2015-12-31;OMEGA GERAÇÃO S.A.;6.8553480413477335;1.2954253258906048;0.6219349260215178
2015-12-31;OSX BRASIL S.A.;4.844471597097933;33.83057523747652;-11.937528692349462
2015-12-31;PADTEC HOLDING S.A.;-45.09651990339238;183.22872244579253;-71.3580622335542
2015-12-31;PBG S/A;11.69567413989125;22.717980125595197;3.896240308959363
2015-12-31;PETRO RIO S.A.;6.685176421811718;12.07968450013948;9.381268388334437
2015-12-31;POSITIVO TECNOLOGIA S.A.;-3.221037602134401;-13.858725353273362;-4.162550025012506
2015-12-31;QUALITY SOFTWARE S.A.;36.63582124800816;62.83753888329521;17.52870317419048
2015-12-31;RAIA DROGASIL S.A.;12.703861784162882;12.789267381261201;7.230697303648004
2015-12-31;REDE ENERGIA PARTICIPAÇÕES S.A.;3.159797105616699;12.671815464047889;3.284341234835871
2015-12-31;RNI NEGÓCIOS IMOBILIÁRIOS S.A.;1.6223863637696165;1.176810152246147;0.5880718162917586
2015-12-31;RUMO S.A.;-0.7606832495685634;-52.95679021404117;-7.877773644077079
2015-12-31;SARAIVA LIVREIROS S.A. - EM RECUPERAÇÃO JUDICIAL;-7.710937241179986;17.865530967377875;5.352840580008157
2015-12-31;SER EDUCACIONAL S.A.;12.418992225417453;21.27020349086741;8.712866252512729
2015-12-31;SUZANO HOLDING S.A.;8.850825223875539;-9.062707205212373;-2.976497392034709
2015-12-31;SUZANO S.A.;9.330567585226957;-10.066860812040277;-3.2744320281840205
2015-12-31;TAURUS ARMAS S.A.;-8.472621632724925;422.20041253576414;-24.826378699845453
2015-12-31;TRANSMISSORA ALIANÇA DE ENERGIA ELÉTRICA S.A.;19.153805862888152;20.777004682361355;10.261521126531715
2015-12-31;TRONOX PIGMENTOS DO BRASIL S.A.;-0.37044809458430855;-6.115148944882351;-3.7183527419917053
2015-12-31;UNICASA INDÚSTRIA DE MÓVEIS S.A.;4.093855482868836;6.602247938214447;4.89328494190041
2015-12-31;VALE S.A.;-13.664062567487631;-32.991505713078055;-13.311155319932732
2015-12-31;VALID SOLUÇÕES S.A.;11.131094465873218;12.344165323410863;6.1726923592421805
2015-12-31;VIX LOGÍSTICA S/A;13.428659886895355;12.692487255367052;5.141487563979771
2015-12-31;VULCABRAS S.A.;3.115456927755154;-139.62074173519048;-4.035067582532167
2015-12-31;WLM PART. E COMÉRCIO DE MÁQUINAS E VEÍCULOS S.A.;-0.45883316471551766;0.8886855432521428;0.7598400539577009
2015-12-31;YDUQS PARTICIPACOES S.A.;11.822160266215116;18.080856765968115;11.116164531730245
2016-12-31;ALIANSCE SONAE SHOPPING CENTERS S.A.;9.261256984399411;7.164984898060098;4.9673812434080356
2016-12-31;ALPER CONSULTORIA E CORRETORA DE SEGUROS S.A.;-23.90214583824478;-27.30484856271828;-24.22416406090108
2016-12-31;ALUPAR INVESTIMENTO S/A;13.322735745578129;15.132812659410405;6.742179204088054
2016-12-31;AMBEV S.A.;20.77177177513863;28.04510179175604;15.604932874584732
2016-12-31;ATACADÃO S.A.;11.176221406382378;16.13208663747189;4.811493928268851
2016-12-31;AZUL S.A.;5.81240746730308;-12.606351180204934;-1.5036648810790045
2016-12-31;B3 S.A. - BRASIL, BOLSA, BALCÃO;2.872947718528207;7.580388003282593;4.64138465056751
2016-12-31;BB SEGURIDADE PARTICIPAÇÕES S.A.;17.587698785215412;48.42345909942798;32.00250416470464
2016-12-31;BR PROPERTIES S.A.;1.1798662648308398;0.6466076411730413;0.33308527218248357
2016-12-31;BRASKEM S.A.;12.672825986088379;-42.37768130597254;-1.4071226440753728
2016-12-31;BRF S.A.;4.342844986426339;-3.0062066297618215;-0.8553720978883285
2016-12-31;CCR S.A.;20.89892480597391;39.509020291765765;6.6682570550305185
2016-12-31;CIA SIDERURGICA NACIONAL;5.009831243066961;-11.551974732010377;-1.932022656442032
2016-12-31;CIA TECIDOS SANTANENSE;0.6591758237977611;-1.2763721606984075;-0.7243135878752015
2016-12-31;COGNA EDUCAÇÃO S.A.;10.59378509198165;13.463686852334881;10.59387599557186
2016-12-31;CONSTRUTORA ADOLPHO LINDENBERG S.A.;45.59745707736885;18.822160565649334;9.094840634865719
2016-12-31;COSAN S.A.;10.452973899580103;12.880312599520828;5.0919256673732285
2016-12-31;CPFL ENERGIAS RENOVÁVEIS S.A.;3.9011190235609874;-3.238221769946681;-1.1528866892875465
2016-12-31;DOHLER S.A.;3.330508052051653;3.027178273035005;2.410473899386748
2016-12-31;ECORODOVIAS INFRAESTRUTURA E LOGÍSTICA S.A.;18.996511952087765;-165.77398886030318;-14.373398459310474
2016-12-31;EMBPAR PARTICIPAÇÕES S/A;5.436983953886898;1.6426231221033933;0.7792915917234347
2016-12-31;EMBRAER S.A.;1.7934289932961252;4.607376741728091;1.556714421417909
2016-12-31;ENAUTA PARTICIPAÇÕES S.A.;3.8239388003659407;5.500626518403236;4.290765612810166
2016-12-31;ENGIE BRASIL ENERGIA S.A.;20.389403628690793;23.40805522017588;10.73740761851277
2016-12-31;GERDAU S.A.;-2.438075523590211;-11.88865192017369;-5.2821845925134525
2016-12-31;HIDROVIAS DO BRASIL S.A.;1.9649098208263975;-7.528687448658994;-2.415710583193256
2016-12-31;HOTEIS OTHON S.A. - EM RECUPERAÇÃO JUDICIAL;5.199502910952078;4.725669460514978;-0.7319410911347253
2016-12-31;IGUA SANEAMENTO S.A.;1.8872975834043566;-63.90093351114498;-5.148928017919994
2016-12-31;JSL S.A.;4.876728936943747;-30.078375799891294;-2.065472364014951
2016-12-31;KLABIN S.A.;7.270091771674631;34.95533169134531;8.466838183569207
2016-12-31;MANGELS INDUSTRIAL S.A.;1.5546049846326404;-1.5669942882069878;1.2640271829073175
2016-12-31;MOURA DUBEUX ENGENHARIA S/A;0.04464784503226167;-28.758688889049296;-5.216596603446831
2016-12-31;OMEGA GERAÇÃO S.A.;10.254431513675549;7.1943788590576805;3.4385676448119002
2016-12-31;OSX BRASIL S.A.;-57.12172678377988;47.71137334098904;-85.68110868014156
2016-12-31;PADTEC HOLDING S.A.;146.91163162657574;-802.0408163265307;125.30147105246543
2016-12-31;PBG S/A;5.477710609685136;0.8982676267198973;0.17311049330833386
2016-12-31;PETRO RIO S.A.;24.983439104408937;28.966183621210522;22.32344052721392
2016-12-31;POSITIVO TECNOLOGIA S.A.;6.698308677470373;1.580344929324357;0.4848337230983936
2016-12-31;PRINER SERVIÇOS INDUSTRIAIS S.A.;11.284498005182412;11.236780785086934;5.156911940114342
2016-12-31;QUALITY SOFTWARE S.A.;23.95904411872113;14.536228363672976;6.69117392783013
2016-12-31;RAIA DROGASIL S.A.;15.010717750931518;15.369854101987258;7.973632088615859
2016-12-31;REDE ENERGIA PARTICIPAÇÕES S.A.;4.269067121160683;5.0056126044805564;1.4712965659622355
2016-12-31;RNI NEGÓCIOS IMOBILIÁRIOS S.A.;-3.3445034353133227;-9.981435069154369;-4.769958847215058
2016-12-31;RUMO S.A.;0.7586019625280607;-18.54658627836795;-4.5701778022738955
2016-12-31;SARAIVA LIVREIROS S.A. - EM RECUPERAÇÃO JUDICIAL;-0.8757928954468814;-10.129487802448253;-3.7352019713961635
2016-12-31;SER EDUCACIONAL S.A.;14.982928458052358;24.247474747474747;11.416432671939061
2016-12-31;SINQIA S.A.;;;
2016-12-31;SMARTFIT ESCOLA DE GINÁSTICA E DANÇA S.A.;6.816970864735753;-4.867347468198808;-1.8693734475675274
2016-12-31;SUZANO HOLDING S.A.;6.913807002273731;16.509306444375298;5.702731388201935
2016-12-31;SUZANO S.A.;6.95012158957592;16.680623067357264;5.755229722544877
2016-12-31;TAURUS ARMAS S.A.;-10.767733750477293;59.93391545133536;-11.5364416828937
2016-12-31;TRANSMISSORA ALIANÇA DE ENERGIA ELÉTRICA S.A.;17.59084975573136;20.012731022558334;10.249735542588612
2016-12-31;TRONOX PIGMENTOS DO BRASIL S.A.;8.420294623402262;19.9154059353358;13.036278532718345
2016-12-31;UNICASA INDÚSTRIA DE MÓVEIS S.A.;-12.600975526270751;-13.926499032882012;-10.381653260311484
2016-12-31;UNIPAR CARBOCLORO S.A.;21.636684590003316;21.83524743052764;8.036056896459467
2016-12-31;VALE S.A.;10.73418866963007;9.944893835674044;4.120438324158025
2016-12-31;VALID SOLUÇÕES S.A.;5.495404871169139;8.90943909691075;4.260622153500005
2016-12-31;VIX LOGÍSTICA S/A;11.015143282768705;8.500669581175204;3.9150468526413857
2016-12-31;VULCABRAS S.A.;11.122884891366018;68.82555964753291;3.309173907077989
2016-12-31;WLM PART. E COMÉRCIO DE MÁQUINAS E VEÍCULOS S.A.;-4.774182848348919;-4.490443753719992;-3.6664551750205865
2016-12-31;YDUQS PARTICIPACOES S.A.;11.199347427962074;15.119155631988363;8.888879229740903
2017-12-31;ALIANSCE SONAE SHOPPING CENTERS S.A.;8.435722814501336;6.9775920506785285;4.736444922048174
2017-12-31;ALPER CONSULTORIA E CORRETORA DE SEGUROS S.A.;-23.776286711398658;-32.39214740535305;-27.75783393164872
2017-12-31;ALUPAR INVESTIMENTO S/A;10.073109378287645;12.586954726557783;6.156347364457858
2017-12-31;AMBEV S.A.;24.75820789780646;16.36106063301152;9.038945555984906
2017-12-31;ATACADÃO S.A.;11.320030698388335;13.036529680365296;5.056378770883759
2017-12-31;ATOM EMPREENDIMENTOS E PARTICIPAÇÕES S.A.;-8.823529411764707;-99.9754058042302;77.63559969442322
2017-12-31;AZUL S.A.;9.051669656018989;18.6701416214652;5.128028415519197
2017-12-31;B3 S.A. - BRASIL, BOLSA, BALCÃO;4.697370100632842;5.333789606209194;3.450370343129631
2017-12-31;BB SEGURIDADE PARTICIPAÇÕES S.A.;16.159923950158138;45.504957593833545;30.366878542010063
2017-12-31;BBM LOGÍSTICA S.A.;5.356468201217379;4.550317276550845;1.4482613866927867
2017-12-31;BLUE TECH SOLUTIONS EQI S.A.;-1.4630899969284323;67.36990154711674;-1.471280843657213
2017-12-31;BR PROPERTIES S.A.;4.922273552677131;4.71430832407264;2.827294928572828
2017-12-31;BRASKEM S.A.;19.96816740420929;72.63737731422496;7.748783078107029
2017-12-31;BRF S.A.;1.0821322962405038;-9.381665261079734;-2.4295620275197836
2017-12-31;CCR S.A.;15.763041333052485;20.99416104686906;5.824205820109415
2017-12-31;CIA SIDERURGICA NACIONAL;7.505145435840811;1.342011664976921;0.24602759081680434
2017-12-31;CIA TECIDOS SANTANENSE;7.3206086076737495;7.59363541868939;3.8804576231613352
2017-12-31;COGNA EDUCAÇÃO S.A.;9.282237474422484;12.377366609577264;10.08324404392985
2017-12-31;CONSTRUTORA ADOLPHO LINDENBERG S.A.;8.23482478426103;19.01478239326121;9.668885296155542
2017-12-31;COSAN S.A.;11.648418654532652;14.669234986183225;5.292811768540846
2017-12-31;CPFL ENERGIAS RENOVÁVEIS S.A.;5.279409570720353;0.4746582368884299;0.15281578207595176
2017-12-31;DEXCO S.A.;4.770487241449911;3.9228686609196703;1.9546094087902115
2017-12-31;DOHLER S.A.;5.477347131964269;6.39799554690821;5.077297794527409
2017-12-31;ECORODOVIAS INFRAESTRUTURA E LOGÍSTICA S.A.;19.805475041576262;54.50004626141666;5.275636732867113
2017-12-31;EMBPAR PARTICIPAÇÕES S/A;-26.19507706464228;-12.589360319376103;-1.039797561536692
2017-12-31;EMBRAER S.A.;2.883458808284867;6.125063843708578;2.1460757688013743
2017-12-31;ENAUTA PARTICIPAÇÕES S.A.;10.672945777803102;11.490751130988935;9.090407296032755
2017-12-31;ENGIE BRASIL ENERGIA S.A.;17.727616809718754;29.32903664741449;10.243798289629877
2017-12-31;GERDAU S.A.;2.774183194103284;-1.4173760619899414;-0.6732706634266741
2017-12-31;HAPVIDA PARTICIPAÇÕES E INVESTIMENTOS S.A.;39.30675406174891;137.8376832350642;24.879987915615818
2017-12-31;HIDROVIAS DO BRASIL S.A.;7.372380910009321;0.8862153458574188;0.31720979088514906
2017-12-31;HOTEIS OTHON S.A. - EM RECUPERAÇÃO JUDICIAL;-3.0903990763218663;30.436959870103266;-7.422545739830659
2017-12-31;IGUA SANEAMENTO S.A.;12.973195671048337;6.686543808542898;1.67301704925648
2017-12-31;IGUATEMI S.A.;8.569629507300627;6.578868421566487;3.579204970935595
2017-12-31;JSL S.A.;6.274982775297011;1.4056771936905121;0.14536223350402108
2017-12-31;KLABIN S.A.;6.0837280664871525;7.356343543285177;1.7419868926999589
2017-12-31;MANGELS INDUSTRIAL S.A.;0.726172196366466;7.653573440504552;-7.2228145780924695
2017-12-31;MOURA DUBEUX ENGENHARIA S/A;1.5695768000835841;2.5978507584557735;0.487726759865517
2017-12-31;OMEGA GERAÇÃO S.A.;6.43831744402899;6.247721643995414;2.8961239929007636
2017-12-31;OSX BRASIL S.A.;-4.7995022322132606;14.188812532970768;-28.827923167133562
2017-12-31;PADTEC HOLDING S.A.;45.02868934059768;953.8717735220649;41.47193512769925
2017-12-31;PBG S/A;13.244963290969386;22.511050305198903;5.125366611075967
2017-12-31;PETRO RIO S.A.;3.196768719982361;3.5592800787464713;2.4467072067897786
2017-12-31;POSITIVO TECNOLOGIA S.A.;2.4593118586920855;-9.390471488521353;-2.742495208664603
2017-12-31;PRINER SERVIÇOS INDUSTRIAIS S.A.;-7.5660888347971005;-13.488151312666593;-4.05030536276219
2017-12-31;PRÁTICA KLIMAQUIP INDÚSTRIA E COMÉRCIO S.A.;17.26639582124202;16.561766705410204;8.1167644719589
2017-12-31;QUALITY SOFTWARE S.A.;2.5101701551228057;-13.345484560715464;-5.0889490490250555
2017-12-31;RAIA DROGASIL S.A.;14.951079390660848;15.772133158912272;7.930588688647358
2017-12-31;REDE ENERGIA PARTICIPAÇÕES S.A.;6.046640986905761;2.829121743131889;0.7838935624809005
2017-12-31;RNI NEGÓCIOS IMOBILIÁRIOS S.A.;-6.303443852922516;-14.409928141888617;-8.074245579676164
2017-12-31;RUMO S.A.;5.429982009580352;-3.2226676847003524;-0.985294581874862
2017-12-31;SARAIVA LIVREIROS S.A. - EM RECUPERAÇÃO JUDICIAL;-2.6561891386771586;-12.323424742570927;-3.7173068607796687
2017-12-31;SER EDUCACIONAL S.A.;10.38628734936444;13.091773347741631;7.874199421502038
2017-12-31;SMARTFIT ESCOLA DE GINÁSTICA E DANÇA S.A.;3.3788149755799415;-2.8132669484222257;-0.5957353185351357
2017-12-31;SUZANO HOLDING S.A.;12.882486739677725;15.330387786229085;6.223904330537565
2017-12-31;SUZANO S.A.;12.935313004790313;15.552420958505206;6.336760300868963
2017-12-31;SYN PROP & TECH S.A.;13.952357348462453;11.84228808339584;6.11230665917831
2017-12-31;TAURUS ARMAS S.A.;-20.003823355761956;64.24231806716932;-37.19682999591655
2017-12-31;TRANSMISSORA ALIANÇA DE ENERGIA ELÉTRICA S.A.;12.186976245279224;14.9114950206461;8.048410765231253
2017-12-31;UNICASA INDÚSTRIA DE MÓVEIS S.A.;-8.426117219672495;-3.786813762866946;-2.938117885220671
2017-12-31;UNIPAR CARBOCLORO S.A.;13.307669650473681;28.547273522111126;8.835276716871823
2017-12-31;VALE S.A.;11.929484399603979;11.930667705420703;5.385604865404576
2017-12-31;VALID SOLUÇÕES S.A.;6.33028525098737;2.801871413502642;1.347629462584324
2017-12-31;VIA S.A.;5.639456123626512;6.590064210882055;0.9783753951131404
2017-12-31;VIBRA ENERGIA S/A;10.672502314619981;13.041015182415592;4.843868361249053
2017-12-31;VIX LOGÍSTICA S/A;8.191234069431781;6.702181693617925;3.381098435609901
2017-12-31;VULCABRAS S.A.;21.673382508467316;24.081761671635398;16.862251614256326
2017-12-31;WLM PART. E COMÉRCIO DE MÁQUINAS E VEÍCULOS S.A.;-1.53049380162673;-1.7863568395717222;-1.4144193958221656
2017-12-31;YDUQS PARTICIPACOES S.A.;13.702212954431566;15.28810621415303;10.559064135515326
2018-12-31;ALIANSCE SONAE SHOPPING CENTERS S.A.;12.790583829662324;9.287657999663658;6.590868757530307
2018-12-31;ALPER CONSULTORIA E CORRETORA DE SEGUROS S.A.;-121.75543395321459;-176.27867003276577;-119.24466051872362
2018-12-31;ALUPAR INVESTIMENTO S/A;9.369072020965893;11.99017712257149;5.140080703354242
2018-12-31;AMBEV S.A.;19.952004192501768;19.770523525084286;12.087425705280715
2018-12-31;ATACADÃO S.A.;10.93328243858549;13.262618352673169;5.079477601766775
2018-12-31;ATOM EMPREENDIMENTOS E PARTICIPAÇÕES S.A.;57.011923829862965;234.87060384870603;62.99163552233493
2018-12-31;AZUL S.A.;5.997317438531982;13.28435060214306;3.56372134939388
2018-12-31;B3 S.A. - BRASIL, BOLSA, BALCÃO;7.013516184129721;8.338662578746789;5.543473716525256
2018-12-31;BB SEGURIDADE PARTICIPAÇÕES S.A.;16.45271025706421;51.82069531951713;25.87369280232349
2018-12-31;BBM LOGÍSTICA S.A.;10.646701042448237;5.846936313927308;1.8572500439009594
2018-12-31;BLUE TECH SOLUTIONS EQI S.A.;13.971723467520587;114.71440397350993;11.886007548032937
2018-12-31;BR PROPERTIES S.A.;6.370674392297107;0.23346074163007893;0.12884093827038395
2018-12-31;BRASKEM S.A.;15.287422292353975;49.181010091782696;4.911326965636473
2018-12-31;BRF S.A.;-1.2732556269791098;-59.298702019457025;-10.537979028406074
2018-12-31;CCR S.A.;10.004806594289109;7.544196223905557;2.064453664619267
2018-12-31;CIA SIDERURGICA NACIONAL;15.206571972791139;51.936027978397036;10.988495827501984
2018-12-31;CIA TECIDOS SANTANENSE;23.97518646696349;25.859019570409163;11.406979441759066
2018-12-31;COGNA EDUCAÇÃO S.A.;4.018369824884218;8.701635489350483;4.5451271900812396
2018-12-31;COMPANHIA ENERGÉTICA DE BRASÍLIA - CEB;6.519841001520444;14.5993413830955;3.0924685788782607
2018-12-31;CONSTRUTORA ADOLPHO LINDENBERG S.A.;4.454279858718876;9.606147934678194;5.450660620067152
2018-12-31;COSAN S.A.;11.358865096478748;17.428616862945823;6.6125976736172865
2018-12-31;CPFL ENERGIAS RENOVÁVEIS S.A.;4.503839401517232;2.7946652816365187;0.9757506987599064
2018-12-31;DEXCO S.A.;9.179068948347693;9.316254382272458;4.487550361995272
2018-12-31;DOHLER S.A.;5.8570936401846625;8.688898112586319;6.837042651415971
2018-12-31;ECORODOVIAS INFRAESTRUTURA E LOGÍSTICA S.A.;15.040752185300073;59.67884757441213;3.813366716778424
2018-12-31;EMBPAR PARTICIPAÇÕES S/A;-6.148250915104914;-2391.626794258373;-7.835806272093807
2018-12-31;EMBRAER S.A.;0.5022764809100658;-4.215420533996411;-1.4707178227686848
2018-12-31;ENAUTA PARTICIPAÇÕES S.A.;13.47852293869482;13.28990272807084;10.782767635011549
2018-12-31;ENGIE BRASIL ENERGIA S.A.;18.198528830915826;36.63284222310716;9.75501931807338
2018-12-31;GERDAU S.A.;7.562787010377658;8.968813278110039;4.536535333563608
2018-12-31;GRUPO SBF S.A.;6.640493799699716;77.68980069360298;8.271589834844018
2018-12-31;HAPVIDA PARTICIPAÇÕES E INVESTIMENTOS S.A.;23.05907673959752;21.8626095613939;16.165402895498037
2018-12-31;HIDROVIAS DO BRASIL S.A.;12.373411049584348;10.041910462997262;3.3975571020377884
2018-12-31;HOTEIS OTHON S.A. - EM RECUPERAÇÃO JUDICIAL;-7.726808279566995;38.45145745659376;-19.58096454012423
2018-12-31;IGUA SANEAMENTO S.A.;8.463823461193568;2.749504071104289;0.8112942903948672
2018-12-31;IGUATEMI S.A.;9.353282762189828;8.394418291862811;4.442411251498635
2018-12-31;JSL S.A.;6.621192174300114;15.151794274564898;1.1917005681130233
2018-12-31;KLABIN S.A.;9.20641715763007;2.8595044105289418;0.630423230706968
2018-12-31;LOCAWEB SERVIÇOS DE INTERNET S.A.;16.49079381622373;17.820485537020968;3.939407098604597
2018-12-31;MANGELS INDUSTRIAL S.A.;10.6583233917592;12.73683487813251;-13.300105533633111
2018-12-31;MITRE REALTY EMPREENDIMENTOS E PARTICIPAÇÕES S.A.;8.94567276855818;40.45398164227239;6.011088092833288
2018-12-31;MOURA DUBEUX ENGENHARIA S/A;-2.7233799631442737;-106.06404080476055;-10.806092361560884
2018-12-31;OMEGA GERAÇÃO S.A.;7.267062165636995;2.696306947095667;1.2187243769721967
2018-12-31;OSX BRASIL S.A.;-3.8258762402715774;10.651110884148697;-24.564141954112465
2018-12-31;PADTEC HOLDING S.A.;13.006812052812894;85.00940203083867;17.617807984287072
2018-12-31;PARANAPANEMA S.A. - EM RECUPERAÇÃO JUDICIAL;-4.024661868275378;-53.672134467059585;-6.994126087327031
2018-12-31;PBG S/A;18.888762171309153;37.09046724842594;8.279849952686396
2018-12-31;PETRO RIO S.A.;13.454360686582136;20.353249963242455;13.328991719922998
2018-12-31;POSITIVO TECNOLOGIA S.A.;4.7894166565615865;-0.09040846584089679;-0.02576096838888892
2018-12-31;PRINER SERVIÇOS INDUSTRIAIS S.A.;7.65484215283721;7.772686718383764;2.471320185012453
2018-12-31;PRÁTICA KLIMAQUIP INDÚSTRIA E COMÉRCIO S.A.;10.959218523346982;14.018260405031324;5.300123023815207
2018-12-31;QUALITY SOFTWARE S.A.;13.101604240367543;8.457675086697636;3.229437108035038
2018-12-31;RAIA DROGASIL S.A.;11.575794630172313;14.408672481099885;6.92753881424183
2018-12-31;REDE D'OR SÃO LUIZ S.A.;14.41358892766499;26.053205062937764;6.1990853493191205
2018-12-31;REDE ENERGIA PARTICIPAÇÕES S.A.;8.105975511321214;13.27497554571664;3.4974631492070336
2018-12-31;RNI NEGÓCIOS IMOBILIÁRIOS S.A.;-2.2947424425391287;-4.333206131856306;-2.277455298887161
2018-12-31;ROMI S.A.;3.9423164399917234;12.07706962269371;6.782938715242974
2018-12-31;ROSSI RESIDENCIAL S.A. - EM RECUPERAÇÃO JUDICIAL;-17.24014906503934;247.47033333469216;-23.879160395964828
2018-12-31;RUMO S.A.;7.441496244966622;3.2908909784085423;1.0059919776998054
2018-12-31;SARAIVA LIVREIROS S.A. - EM RECUPERAÇÃO JUDICIAL;-16.61380602733903;-249.55258935807737;-30.832943349879532
2018-12-31;SER EDUCACIONAL S.A.;10.002510742685919;13.687393024209424;8.28458650949143
2018-12-31;SINQIA S.A.;6.204981186167354;3.193907439953134;1.6281431045810189
2018-12-31;SMARTFIT ESCOLA DE GINÁSTICA E DANÇA S.A.;13.833113963410865;29.585437860435665;9.2742293776251
2018-12-31;SUZANO HOLDING S.A.;8.948996939551957;2.5822901729049765;0.5764767788537154
2018-12-31;SUZANO S.A.;8.993708893634068;2.6481101053681066;0.5904772627130983
2018-12-31;SYN PROP & TECH S.A.;6.951461992378272;2.8008732512152594;1.3850644781484913
2018-12-31;TAURUS ARMAS S.A.;-3.09155018259665;14.709445330410873;-6.498573531519092
2018-12-31;TRANSMISSORA ALIANÇA DE ENERGIA ELÉTRICA S.A.;18.30506247813735;23.43160139036039;12.433477780586411
2018-12-31;UNICASA INDÚSTRIA DE MÓVEIS S.A.;2.1070872238250176;1.9817126575035326;1.5641850476076358
2018-12-31;UNIPAR CARBOCLORO S.A.;23.7454083109263;37.86043976867675;13.541679550193809
2018-12-31;VALE S.A.;12.3523357215176;14.83961584129835;7.542478445141443
2018-12-31;VALID SOLUÇÕES S.A.;7.965418898479423;9.194601830320927;4.453375898157695
2018-12-31;VAMOS LOCAÇÃO DE CAMINHÕES, MÁQUINAS E EQUIPAMENTOS S.A.;13.065722001035866;19.42223590371516;5.581457642263244
2018-12-31;VIA S.A.;1.1018237082066868;-10.582639714625445;-1.268047112462006
2018-12-31;VIBRA ENERGIA S/A;15.790096666009074;32.9651042742102;12.598145590846322
2018-12-31;VIX LOGÍSTICA S/A;5.706234627775661;5.809578366977613;1.9322452973984134
2018-12-31;VULCABRAS S.A.;12.154076092896073;16.15721080617168;11.464960471761183
2018-12-31;WETZEL S.A.;-9.482016479769237;18.99344851610939;-18.135013360464207
2018-12-31;WLM PART. E COMÉRCIO DE MÁQUINAS E VEÍCULOS S.A.;5.088628274234663;4.133852188146638;3.1690724415787352
2018-12-31;YDUQS PARTICIPACOES S.A.;19.020622489465474;24.885033585975815;15.7191667542157
2019-03-31;CTC - CENTRO DE TECNOLOGIA CANAVIEIRA S.A.;3.9572295539928715;4.071108534714925;3.0307934367273544
2019-12-31;AERIS IND. E COM. DE EQUIP. PARA GER. DE ENG. S.A.;18.742270560309578;50.93967051259973;11.063321564638063
2019-12-31;ALIANSCE SONAE SHOPPING CENTERS S.A.;2.7679337924276126;0.7534775760193175;0.5192477509151154
2019-12-31;ALLPARK EMPREENDIMENTOS, PARTICIPAÇÕES E SERVIÇOS S.A.;5.856830282707196;-7.33555320375485;-1.7614912427505014
2019-12-31;ALPER CONSULTORIA E CORRETORA DE SEGUROS S.A.;-0.07161321206318813;1.4210065794706876;0.9577788415509813
2019-12-31;ALUPAR INVESTIMENTO S/A;15.413961328943529;21.769003317610657;8.474030513173853
2019-12-31;AMBEV S.A.;16.519322460336905;19.483872091895893;11.979535406406168
2019-12-31;AMBIPAR PARTICIPAÇÕES E EMPREENDIMENTOS S.A.;15.063714420627605;16.9705785250506;5.696554249608912
2019-12-31;AMERICANAS S.A. - EM RECUPERAÇÃO JUDICIAL;-0.2541202759991704;-5.549599332593011;-1.9819799620965126
2019-12-31;ATACADÃO S.A.;8.309583184894906;9.03094185651139;2.9568934805842537
2019-12-31;ATOM EMPREENDIMENTOS E PARTICIPAÇÕES S.A.;17.38922319474836;41.213185098498144;14.448851203501095
2019-12-31;AZUL S.A.;-6.9205870142398815;68.28551245263803;-12.517709346378094
2019-12-31;B3 S.A. - BRASIL, BOLSA, BALCÃO;9.638375694197824;10.681387001961676;6.778381212929221
2019-12-31;BB SEGURIDADE PARTICIPAÇÕES S.A.;39.957714265730715;126.86403287332575;44.610324142616506
2019-12-31;BBM LOGÍSTICA S.A.;2.3628402267073825;11.383756656259575;2.0698191279836653
2019-12-31;BLUE TECH SOLUTIONS EQI S.A.;-1.8448755781586823;-6.419523154922915;-2.2723467487076454
2019-12-31;BR PROPERTIES S.A.;9.689247732042212;4.3218884650391525;3.130335221710462
2019-12-31;BRASKEM S.A.;-2.8806718638926307;-73.43951615152055;-4.252185452144289
2019-12-31;BRF S.A.;6.779000538385138;3.6504572889551;0.7133033550499512
2019-12-31;CCR S.A.;13.314387037710532;16.901702834249676;4.2885222445603
2019-12-31;CIA SIDERURGICA NACIONAL;5.32372231914604;19.754659682877875;4.412311667262573
2019-12-31;CIA TECIDOS SANTANENSE;5.596142068785494;3.6788531858646554;1.774353860106488
2019-12-31;COGNA EDUCAÇÃO S.A.;2.8082668243448135;1.5319474522346288;0.7110171430433848
2019-12-31;COMPANHIA ENERGÉTICA DE BRASÍLIA - CEB;8.205204001242082;15.652334674094986;4.247733131201091
2019-12-31;CONSTRUTORA ADOLPHO LINDENBERG S.A.;-32.10136217948718;-1815.011037527594;-30.881911057692307
2019-12-31;COSAN S.A.;13.171031676724942;22.450289371439812;7.55595442465786
2019-12-31;CPFL ENERGIAS RENOVÁVEIS S.A.;5.123009490526622;2.3033642452976175;0.9063130704310702
2019-12-31;CRUZEIRO DO SUL EDUCACIONAL S.A.;11.706922917074959;23.66349446251011;5.496127460720998
2019-12-31;CURY CONSTRUTORA E INCORPORADORA S.A.;20.151273526822248;56.09062196774575;15.842881743605192
2019-12-31;D1000 VAREJO FARMA PARTICIPAÇÕES S.A.;-0.8449832655344852;-1.6064834384367308;-0.6833430232292819
2019-12-31;DEXCO S.A.;6.651850245196127;8.226139093396656;3.7866431575049124
2019-12-31;DOHLER S.A.;-2.3173083271909456;5.359716767720939;4.294101556236196
2019-12-31;ECORODOVIAS INFRAESTRUTURA E LOGÍSTICA S.A.;9.327306769193688;-40.72902003070159;-1.6067641774239843
2019-12-31;ELETROMIDIA S.A.;20.53178673458851;22.850487081745026;5.570853268165077
2019-12-31;EMBPAR PARTICIPAÇÕES S/A;16.8695838728709;95.85605234460196;7.408457395048769
2019-12-31;EMBRAER S.A.;-0.4632185696864478;-8.88212623147232;-3.036715819083463
2019-12-31;ENAUTA PARTICIPAÇÕES S.A.;5.191430524689119;7.441282028612319;4.736358500561641
2019-12-31;ENGIE BRASIL ENERGIA S.A.;16.8297286350373;33.021266442057374;7.6690050544243755
2019-12-31;ENJOEI S.A.;-55.8045137197597;-138.8892606222817;-56.169832765059255
2019-12-31;GERDAU S.A.;6.743642062649517;4.4782737003363655;2.2533705090664458
2019-12-31;GRUPO DE MODA SOMA S.A.;12.96536062312976;36.972097849913716;10.099502012176574
2019-12-31;GRUPO MATEUS S.A.;11.491395023361356;17.324026682576758;8.193823556244869
2019-12-31;GRUPO SBF S.A.;14.39545753937678;26.50265602431495;7.8736272242583185
2019-12-31;HAPVIDA PARTICIPAÇÕES E INVESTIMENTOS S.A.;10.527814817235637;11.730370282646998;6.840111433675139
2019-12-31;HBR REALTY EMPREENDIMENTOS IMOBILIÁRIOS S.A.;13.717574354672585;20.112690866363394;11.828578102933838
2019-12-31;HIDROVIAS DO BRASIL S.A.;6.370736370640985;3.796974677549656;1.2423306868970136
2019-12-31;HOTEIS OTHON S.A. - EM RECUPERAÇÃO JUDICIAL;-22.701787149939705;35.593781098415576;-28.60591417660458
2019-12-31;IGUA SANEAMENTO S.A.;8.901457044575464;5.342341556761483;1.7728075954364593
2019-12-31;IGUATEMI S.A.;9.89984946191289;9.444765970956785;4.968435365959952
2019-12-31;INTELBRAS S.A.;11.551739748052638;26.128253908691207;11.825791042912224
2019-12-31;JSL S.A.;6.471535704590741;13.387813171885446;1.5720412543095763
2019-12-31;KLABIN S.A.;7.711943279274158;10.991970341808441;2.0592349693897507
2019-12-31;LOCAWEB SERVIÇOS DE INTERNET S.A.;11.507296508064972;20.457813048351127;3.5156698371441966
2019-12-31;MANGELS INDUSTRIAL S.A.;13.547012975679465;1.746736672836275;-1.7655432713547832
2019-12-31;MELNICK DESENVOLVIMENTO IMOBILIÁRIO S.A.;5.587543489978929;11.054418709691603;4.517404158703712
2019-12-31;MILLS LOCAÇÃO, SERVIÇOS E LOGÍSTICA S.A.;-4.001177415427777;-4.0618653335416335;-3.269144811195622
2019-12-31;MITRE REALTY EMPREENDIMENTOS E PARTICIPAÇÕES S.A.;12.10095067355158;50.5266482431899;8.079083919350563
2019-12-31;MOBLY S.A.;-12.275192691978305;658.2816804407713;-17.892392001235475
2019-12-31;MOURA DUBEUX ENGENHARIA S/A;4.4532623736789265;-109.84013383113789;-4.421376908055249
2019-12-31;MPM CORPÓREOS S.A.;18.25457764127502;29.295002195556908;5.810254058646419
2019-12-31;OMEGA GERAÇÃO S.A.;5.773627185568107;1.1402111289833918;0.44928234481074003
2019-12-31;ORIZON VALORIZAÇÃO DE RESÍDUOS S.A.;-2.2803063477432732;16.846672017719435;-2.5387604614202113
2019-12-31;OSX BRASIL S.A.;-10.476780253461753;12.406118712375488;-28.261000298698995
2019-12-31;PADTEC HOLDING S.A.;1.9946286378414033;29.643557880967954;8.542350520645192
2019-12-31;PARANAPANEMA S.A. - EM RECUPERAÇÃO JUDICIAL;8.628309551777402;-4.035268975017541;-0.6479184183503932
2019-12-31;PBG S/A;3.369126478795311;3.580443699746488;0.7168249929749735
2019-12-31;PETRO RIO S.A.;10.508891933349982;38.905621492946516;15.343974617428003
2019-12-31;POSITIVO TECNOLOGIA S.A.;5.4634952243828145;3.897609237004853;1.0716545620624622
2019-12-31;PRINER SERVIÇOS INDUSTRIAIS S.A.;5.31558271861602;-14.47278478467745;-4.507787810854927
2019-12-31;PRÁTICA KLIMAQUIP INDÚSTRIA E COMÉRCIO S.A.;12.514722266433232;17.054625775210262;6.3902594302084985
2019-12-31;QUALITY SOFTWARE S.A.;12.26287497547399;5.0949314635946354;2.0329104560508764
2019-12-31;RAIA DROGASIL S.A.;9.094373035179297;19.348722493934016;6.439570371452913
2019-12-31;REDE D'OR SÃO LUIZ S.A.;12.34335470014378;21.89483645718486;4.479443632090855
2019-12-31;REDE ENERGIA PARTICIPAÇÕES S.A.;10.295455137006272;20.942457941066223;5.261426239420267
2019-12-31;RNI NEGÓCIOS IMOBILIÁRIOS S.A.;1.1997610847416382;0.2017354379246587;0.08696626013281365
2019-12-31;ROMI S.A.;10.289041946518573;17.118603419240408;9.50161675959103
2019-12-31;ROSSI RESIDENCIAL S.A. - EM RECUPERAÇÃO JUDICIAL;-15.000935291176626;55.33274570295285;-15.367599045854933
2019-12-31;RUMO S.A.;6.830070200821963;9.122879235391158;2.3935645307368296
2019-12-31;SARAIVA LIVREIROS S.A. - EM RECUPERAÇÃO JUDICIAL;-57.709616059348335;184.18775949828884;-37.32411472103019
2019-12-31;SENDAS DISTRIBUIDORA S.A.;5.957387550480434;10.926708586743635;2.952235064754212
2019-12-31;SEQUOIA LOGÍSTICA E TRANSPORTES S.A.;3.0998672091407093;-8.276197535439637;-1.1657536615366546
2019-12-31;SER EDUCACIONAL S.A.;10.191172402151334;10.422105514150685;5.328788084821714
2019-12-31;SIMPAR S.A.;5.901034949713276;12.273135831440511;1.4780617193476924
2019-12-31;SINQIA S.A.;-0.869043471528665;-1.0609286775115094;-0.7385579168763469
2019-12-31;SMARTFIT ESCOLA DE GINÁSTICA E DANÇA S.A.;1.7657229542365496;-14.962704816994943;-4.576088778863065
2019-12-31;SUZANO HOLDING S.A.;1.3644821703705807;-15.511948233497158;-2.8741964415238255
2019-12-31;SUZANO S.A.;1.3748763191243636;-15.561404378789017;-2.8748779788419205
2019-12-31;SYN PROP & TECH S.A.;5.960774966827372;3.0597600794486652;1.8219341487549532
2019-12-31;TAURUS ARMAS S.A.;7.8027830914069245;-14.255747305668356;4.072052811222385
2019-12-31;TRANSMISSORA ALIANÇA DE ENERGIA ELÉTRICA S.A.;13.79233579840242;20.34415882942156;8.925353001644885
2019-12-31;UNICASA INDÚSTRIA DE MÓVEIS S.A.;11.909153439385243;11.237050274302995;7.878976398995851
2019-12-31;UNIPAR CARBOCLORO S.A.;12.955261896176234;11.620504806087824;4.634748486146551
2019-12-31;VALE S.A.;-0.07282055918753641;-5.533614891815686;-2.3523770617586597
2019-12-31;VALID SOLUÇÕES S.A.;5.815182561281936;4.810729858464766;2.133898656391531
2019-12-31;VAMOS LOCAÇÃO DE CAMINHÕES, MÁQUINAS E EQUIPAMENTOS S.A.;11.462125337565807;28.890645822550603;4.642731189394106
2019-12-31;VIA S.A.;-6.604159842777596;-247.92387543252596;-5.867179823124795
2019-12-31;VIBRA ENERGIA S/A;9.45256321039202;25.222450376454482;8.547900719090698
2019-12-31;VIVARA PARTICIPAÇÕES S.A.;18.738415471517232;23.673082033473097;13.725318825435576
2019-12-31;VIX LOGÍSTICA S/A;6.690937692344388;6.885819939517282;1.7282149316063595
2019-12-31;VULCABRAS S.A.;10.742658789602393;13.157652736548995;10.558178455943883
2019-12-31;WETZEL S.A.;-7.557191660473664;18.636922285420297;-22.538497433504435
2019-12-31;WLM PART. E COMÉRCIO DE MÁQUINAS E VEÍCULOS S.A.;12.571390880590993;11.836870578443612;9.656586584722351
2019-12-31;YDUQS PARTICIPACOES S.A.;16.540722417374937;20.82742383842968;11.721377554833639
2020-03-31;CTC - CENTRO DE TECNOLOGIA CANAVIEIRA S.A.;3.50171157174075;3.253840138805454;2.449379160508798
2020-03-31;JALLES MACHADO S.A.;8.951682662926236;12.729347497014116;3.0074880651960405
2020-12-31;AERIS IND. E COM. DE EQUIP. PARA GER. DE ENG. S.A.;8.95745390780253;11.715266824803468;4.775061808490489
2020-12-31;ALIANSCE SONAE SHOPPING CENTERS S.A.;3.5271858058383065;2.658143892897569;1.8596703122596172
2020-12-31;ALLPARK EMPREENDIMENTOS, PARTICIPAÇÕES E SERVIÇOS S.A.;0.3625739450262411;-24.84301081529571;-6.327858945054049
2020-12-31;ALPER CONSULTORIA E CORRETORA DE SEGUROS S.A.;-1.7235870845785717;-0.4954141853782523;-0.29319950212661156
2020-12-31;ALUPAR INVESTIMENTO S/A;18.248453813277607;22.98019091120288;9.104618029978948
2020-12-31;AMBEV S.A.;14.130914871084457;15.611089196749738;9.37079039515928
2020-12-31;AMBIPAR PARTICIPAÇÕES E EMPREENDIMENTOS S.A.;9.372987195292918;4.04022027330206;3.012052955884491
2020-12-31;AMERICANAS S.A. - EM RECUPERAÇÃO JUDICIAL;0.6269271048170294;-2.221848326313297;-0.9322780449666085
2020-12-31;ATACADÃO S.A.;10.776860142019142;16.68524493986506;5.487804878048781
2020-12-31;ATOM EMPREENDIMENTOS E PARTICIPAÇÕES S.A.;38.67498623600661;84.86475325211646;45.25601027711507
2020-12-31;AZUL S.A.;-10.393431062555681;76.57714639102394;-68.59817339716079
2020-12-31;B3 S.A. - BRASIL, BOLSA, BALCÃO;15.038043365536666;16.92689217396184;8.958484104009035
2020-12-31;BB SEGURIDADE PARTICIPAÇÕES S.A.;25.59425909167971;60.266182338344855;35.32721496737336
2020-12-31;BBM LOGÍSTICA S.A.;4.170754257130825;6.977582975920712;1.0926298134830936
2020-12-31;BEMOBI MOBILE TECH S.A.;18.549749632327195;23.107069870916007;7.819612717977449
2020-12-31;BLUE TECH SOLUTIONS EQI S.A.;-3.3138360655737706;-10.592908636163013;-3.3993442622950822
2020-12-31;BR PROPERTIES S.A.;4.425634466024339;2.833519904862944;1.9360426109773499
2020-12-31;BRASKEM S.A.;-3.1833704039426927;181.43730353770496;-8.149380373818715
2020-12-31;BRF S.A.;5.2441899316189176;15.771982044886876;2.7988958642144617
2020-12-31;CCR S.A.;7.863092707561628;1.0845791095501351;0.25744858831246253
2020-12-31;CIA SIDERURGICA NACIONAL;10.063061499695827;38.151500621472415;6.8134469508333755
2020-12-31;CIA TECIDOS SANTANENSE;1.1660519558886009;-1.3254828040226903;-0.5780231147672207
2020-12-31;COGNA EDUCAÇÃO S.A.;-11.194609968078002;-40.64215153567716;-18.8599206829257
2020-12-31;COMPANHIA ENERGÉTICA DE BRASÍLIA - CEB;4.064122414570222;51.66131046540671;12.138843213194665
2020-12-31;CONSTRUTORA ADOLPHO LINDENBERG S.A.;3.6095206017738857;58.84312537855845;1.5581645254935925
2020-12-31;COSAN S.A.;7.514027081702592;7.898737108039466;2.541367615019162
2020-12-31;CPFL ENERGIAS RENOVÁVEIS S.A.;5.076742325665553;13.500813644095405;6.569288154463517
2020-12-31;CRUZEIRO DO SUL EDUCACIONAL S.A.;4.563469253321811;-7.697498252227857;-0.9478475445537111
2020-12-31;CURY CONSTRUTORA E INCORPORADORA S.A.;15.27537951933226;29.576874999027066;11.552052882206732
2020-12-31;D1000 VAREJO FARMA PARTICIPAÇÕES S.A.;-0.7737579356924542;0.014710120921977758;0.008453741880455843
2020-12-31;DEXCO S.A.;6.54558151831714;8.750022164983028;3.9481863752900375
2020-12-31;DOHLER S.A.;10.491535799105252;12.816988428768658;9.667323305779037
2020-12-31;ECORODOVIAS INFRAESTRUTURA E LOGÍSTICA S.A.;12.284489130709126;-754.6821879283032;-3.8219015580098143
2020-12-31;ELETROMIDIA S.A.;-8.585187154716536;-75.9435142574279;-6.874156794390775
2020-12-31;EMBPAR PARTICIPAÇÕES S/A;21.941096861506733;61.17995689655172;10.244892698330862
2020-12-31;EMBRAER S.A.;-2.5487036843280073;-23.546782611997934;-6.5609311102169565
2020-12-31;ENAUTA PARTICIPAÇÕES S.A.;7.817919606959178;4.498417698549799;2.851041024555851
2020-12-31;ENGIE BRASIL ENERGIA S.A.;18.357805583590498;36.13108657480924;7.949889968376282
2020-12-31;ENJOEI S.A.;-5.883942865459384;-6.260774062995959;-5.882997805570939
2020-12-31;EUROFARMA LABORATÓRIOS S.A.;19.625386459826;30.701849553451314;13.449871318680534
2020-12-31;GERDAU S.A.;9.983695485745935;7.682283632634297;3.783175165176299
2020-12-31;GRUPO DE MODA SOMA S.A.;-8.818815836448083;-4.471456590645833;-3.0278577155300836
2020-12-31;GRUPO MATEUS S.A.;10.586481216376574;12.72472904263483;8.858331510892382
2020-12-31;GRUPO SBF S.A.;-2.61437940153636;-5.782837422322198;-1.8212390980745448
2020-12-31;HAPVIDA PARTICIPAÇÕES E INVESTIMENTOS S.A.;11.941786659915048;10.028097352223927;5.808545281155621
2020-12-31;HBR REALTY EMPREENDIMENTOS IMOBILIÁRIOS S.A.;5.052016517649958;-2.0092332175819827;-1.0482119334014108
2020-12-31;HIDROVIAS DO BRASIL S.A.;4.547049372849439;-6.917232425432241;-1.8469692083135227
2020-12-31;HOTEIS OTHON S.A. - EM RECUPERAÇÃO JUDICIAL;-15.26540914266418;19.11409836894038;-19.649498015005435
2020-12-31;IGUA SANEAMENTO S.A.;6.410160271049635;-0.5809194207350575;-0.16037330679192033
2020-12-31;IGUATEMI S.A.;5.753503327924497;5.547549569724645;2.5104682448151374
2020-12-31;INTELBRAS S.A.;15.361218598366195;33.5941325302439;13.428986753475423
2020-12-31;JSL S.A.;3.41137267512559;12.328544631440197;2.713858685992846
2020-12-31;KLABIN S.A.;5.074788077128208;-54.49533053226846;-6.774801014372987
2020-12-31;LOCAWEB SERVIÇOS DE INTERNET S.A.;3.7287484404736;2.9289007126398237;1.3591634053171244
2020-12-31;MANGELS INDUSTRIAL S.A.;20.36541060957042;7.728904556261586;-7.783567577345749
2020-12-31;MELNICK DESENVOLVIMENTO IMOBILIÁRIO S.A.;3.769693219187875;4.769270043397954;3.1929153560194456
2020-12-31;MILLS LOCAÇÃO, SERVIÇOS E LOGÍSTICA S.A.;1.4148782154166486;-0.43237128369731637;-0.3217450006506745
2020-12-31;MITRE REALTY EMPREENDIMENTOS E PARTICIPAÇÕES S.A.;3.471488982289465;4.872080950216094;3.7150570962109186
2020-12-31;MOBLY S.A.;-6.985576210096007;215.2266894781865;-12.978186999890386
2020-12-31;MOURA DUBEUX ENGENHARIA S/A;-2.969488653322165;-10.441915289650902;-5.025803221551467
2020-12-31;MPM CORPÓREOS S.A.;8.629254577769863;16.870787322529758;4.028642952785702
2020-12-31;OMEGA GERAÇÃO S.A.;5.438639030963728;1.4231351000459813;0.5172831856022847
2020-12-31;ORIZON VALORIZAÇÃO DE RESÍDUOS S.A.;18.9441627997454;28.53999951647608;3.5193579593984445
2020-12-31;OSX BRASIL S.A.;-41.048642260951276;15.972977265678425;-58.609679516178794
2020-12-31;PADTEC HOLDING S.A.;4.765483106923984;16.707762202461847;4.57005236269397
2020-12-31;PARANAPANEMA S.A. - EM RECUPERAÇÃO JUDICIAL;-5.484788851590167;433.8607180623395;-21.37066270077689
2020-12-31;PBG S/A;3.5836617037508947;30.739913323617397;6.3040238157035775
2020-12-31;PETRO RIO S.A.;14.337405321167177;14.37242781703717;6.667512656354131
2020-12-31;PLANO & PLANO DESENVOLVIMENTO IMOBILIÁRIO S.A.;17.73473622892926;57.44403503893215;13.75198289895927
2020-12-31;POSITIVO TECNOLOGIA S.A.;12.54048753201741;18.956034914987153;6.933355991128057
2020-12-31;PRINER SERVIÇOS INDUSTRIAIS S.A.;-3.766152749309331;-1.3724255937868486;-0.9197041261919616
2020-12-31;PRÁTICA KLIMAQUIP INDÚSTRIA E COMÉRCIO S.A.;3.8659274193548385;9.951163693577719;3.506624423963134
2020-12-31;QUALITY SOFTWARE S.A.;24.545271177726985;19.99581862160009;8.784932945185595
2020-12-31;RAIA DROGASIL S.A.;7.49792017522596;11.196914512110277;3.583525068686286
2020-12-31;REDE D'OR SÃO LUIZ S.A.;3.6385623212926355;3.2810814771583456;1.006247798258687
2020-12-31;REDE ENERGIA PARTICIPAÇÕES S.A.;10.203613873432364;21.423379442226626;5.670480096254687
2020-12-31;RNI NEGÓCIOS IMOBILIÁRIOS S.A.;1.348690269643107;0.6909981581909341;0.27357391211327303
2020-12-31;ROMI S.A.;5.8002825887326335;21.446407000383015;10.001614465611883
2020-12-31;ROSSI RESIDENCIAL S.A. - EM RECUPERAÇÃO JUDICIAL;-20.010830041850024;1.609990754651566;-0.5461575403553822
2020-12-31;RUMO S.A.;4.614561470717399;1.9918180357938218;0.6636589218118848
2020-12-31;SARAIVA LIVREIROS S.A. - EM RECUPERAÇÃO JUDICIAL;-114.77462011506844;76.97915501019044;-125.94142133838346
2020-12-31;SENDAS DISTRIBUIDORA S.A.;13.304287763668244;110.35460992907802;8.267360926624514
2020-12-31;SEQUOIA LOGÍSTICA E TRANSPORTES S.A.;2.4256511115084334;1.7086245669482767;0.5108011030047722
2020-12-31;SER EDUCACIONAL S.A.;11.57110579543488;11.56926070829948;5.338340635649211
2020-12-31;SIMPAR S.A.;4.9258148187905855;12.3299781317369;1.5550275546970673
2020-12-31;SINQIA S.A.;1.3800609422366084;1.1379291342921694;0.7772252306505263
2020-12-31;SMARTFIT ESCOLA DE GINÁSTICA E DANÇA S.A.;-5.232007790407884;-24.4826537254319;-7.117201717516466
2020-12-31;SUZANO HOLDING S.A.;1.5012190242351713;-145.21149871935611;-10.535507736508402
2020-12-31;SUZANO S.A.;1.4893800190937694;-146.0322066002324;-10.52539908645858
2020-12-31;SYN PROP & TECH S.A.;5.607809670351358;4.353075579127304;2.598817333137596
2020-12-31;TAURUS ARMAS S.A.;25.03645637216308;623.631976152736;18.046965392119947
2020-12-31;TIM S.A.;7.151383249464277;7.952854590774303;4.42615725482366
2020-12-31;TRANSMISSORA ALIANÇA DE ENERGIA ELÉTRICA S.A.;25.88338566901132;37.55331980064734;16.042961928319887
2020-12-31;UNICASA INDÚSTRIA DE MÓVEIS S.A.;11.269177534748621;9.511503834611537;7.228980252256467
2020-12-31;UNIPAR CARBOCLORO S.A.;21.7257647399894;21.28848174192758;8.21185915657287
2020-12-31;VALE S.A.;11.522456420620676;13.759264916337388;5.208283575633268
2020-12-31;VALID SOLUÇÕES S.A.;-3.5626802810048472;-18.123211486748826;-7.028223169934322
2020-12-31;VAMOS LOCAÇÃO DE CAMINHÕES, MÁQUINAS E EQUIPAMENTOS S.A.;10.5982304018077;35.39678965229793;4.240749983611326
2020-12-31;VIA S.A.;4.6527105517909;16.792105703294865;3.0372700871248792
2020-12-31;VIBRA ENERGIA S/A;19.384332968545912;31.989841893995248;13.78543439121686
2020-12-31;VIVARA PARTICIPAÇÕES S.A.;10.367805127997494;12.520284872496978;6.851606200692838
2020-12-31;VIX LOGÍSTICA S/A;8.684790589620237;10.688377791900697;2.8102279471509144
2020-12-31;VULCABRAS S.A.;2.440190703729156;2.803818040615109;1.8790486728035187
2020-12-31;WETZEL S.A.;30.059167736181507;-13.43796614566444;13.521567945008812
2020-12-31;WLM PART. E COMÉRCIO DE MÁQUINAS E VEÍCULOS S.A.;17.64292626724064;11.776096862275034;9.559212247987677
2020-12-31;YDUQS PARTICIPACOES S.A.;2.840317806310148;3.063399365173267;1.0596673641102154
2021-03-31;CTC - CENTRO DE TECNOLOGIA CANAVIEIRA S.A.;23.126262222075763;15.732633189211626;12.757328537870194
2021-03-31;JALLES MACHADO S.A.;16.2549962410816;15.00453792002169;4.924703172573359
2021-12-31;AERIS IND. E COM. DE EQUIP. PARA GER. DE ENG. S.A.;7.047454179307612;6.9221242266844865;2.240576080596364
2021-12-31;ALIANSCE SONAE SHOPPING CENTERS S.A.;4.602395041599365;4.076895912489472;2.864716344902473
2021-12-31;ALLPARK EMPREENDIMENTOS, PARTICIPAÇÕES E SERVIÇOS S.A.;-1.1587756842333348;-39.884351925985236;-8.704894109935548
2021-12-31;ALPER CONSULTORIA E CORRETORA DE SEGUROS S.A.;1.141757029888553;1.477457317525259;0.8250309574800423
2021-12-31;ALUPAR INVESTIMENTO S/A;17.580384738186712;21.224503018129976;8.25358325208636
2021-12-31;AMBEV S.A.;12.698981013204506;15.61884574755316;9.467782766922003
2021-12-31;AMBIPAR PARTICIPAÇÕES E EMPREENDIMENTOS S.A.;7.868915114240453;12.942964532179788;3.473733427764895
2021-12-31;AMERICANAS S.A. - EM RECUPERAÇÃO JUDICIAL;0.4405710556696796;3.4177350276940897;1.2214948592967845
2021-12-31;ATACADÃO S.A.;10.321770416129251;18.297455968688844;5.712443147104746
2021-12-31;ATOM EMPREENDIMENTOS E PARTICIPAÇÕES S.A.;22.09463250420797;38.37885685381892;22.70432017953993
2021-12-31;AZUL S.A.;0.2956542467782482;22.981548631176246;-22.732965375674596
2021-12-31;B3 S.A. - BRASIL, BOLSA, BALCÃO;15.457743294348225;21.040238864874436;8.979497720703067
2021-12-31;BB SEGURIDADE PARTICIPAÇÕES S.A.;22.191467304020264;54.017199401874585;29.541472985914837
2021-12-31;BBM LOGÍSTICA S.A.;-1.8142929744864076;8.794914559925093;1.2495414121699078
2021-12-31;BEMOBI MOBILE TECH S.A.;8.17463084722499;7.317404777789756;5.212760952823714
2021-12-31;BLUE TECH SOLUTIONS EQI S.A.;-2.2385073809674227;-8.241262882497482;-2.4543559289910926
2021-12-31;BR PROPERTIES S.A.;1.7627061565593456;0.4508216977374006;0.2837316885119507
2021-12-31;BRASKEM S.A.;32.45627950487384;225.0484700736384;15.083147329434581
2021-12-31;BRF S.A.;4.396307865925905;4.955842777331413;0.782392666118781
2021-12-31;CCR S.A.;11.40728153513392;9.40479581591912;1.9479334345090211
2021-12-31;CIA SIDERURGICA NACIONAL;32.17486471219006;58.16460485876229;17.12745607619174
2021-12-31;CIA TECIDOS SANTANENSE;6.583650031570546;8.88800723972405;4.036711183121076
2021-12-31;COGNA EDUCAÇÃO S.A.;0.12120498779971264;-3.725201631526265;-1.7991359896535082
2021-12-31;COMPANHIA ENERGÉTICA DE BRASÍLIA - CEB;165.6288423162919;122.31915639549773;85.47404690745952
2021-12-31;CONSTRUTORA ADOLPHO LINDENBERG S.A.;7.792852329183623;81.50856893352254;3.900866685125301
2021-12-31;COSAN S.A.;8.406975599840163;21.997821823620363;6.490846985042409
2021-12-31;CPFL ENERGIAS RENOVÁVEIS S.A.;15.113123467676662;25.44408851777048;12.51056360863146
2021-12-31;CRUZEIRO DO SUL EDUCACIONAL S.A.;6.4891519439734;5.706127716008112;1.7369075528835012
2021-12-31;CURY CONSTRUTORA E INCORPORADORA S.A.;15.885773321908816;42.705816385129644;12.13696947021504
2021-12-31;D1000 VAREJO FARMA PARTICIPAÇÕES S.A.;-1.582913752723534;0.23611863440149475;0.1345786105013478
2021-12-31;DEXCO S.A.;16.056049586258343;30.09082442604602;12.858714140508159
2021-12-31;ECORODOVIAS INFRAESTRUTURA E LOGÍSTICA S.A.;11.303842759993445;15.762060532918348;2.240236517327732
2021-12-31;ELETROMIDIA S.A.;0.2637626786551725;-1.4956137436466708;-0.7046152637381254
2021-12-31;EMBPAR PARTICIPAÇÕES S/A;30.13853592016364;82.04154592590125;28.62688278683444
2021-12-31;EMBRAER S.A.;2.5477039494635303;-1.7282902340345396;-0.47223758842014385
2021-12-31;ENAUTA PARTICIPAÇÕES S.A.;41.635128187379756;34.67584048822923;21.596389491336343
2021-12-31;ENGIE BRASIL ENERGIA S.A.;13.518273625911615;19.72834369374872;4.105838207196636
2021-12-31;ENJOEI S.A.;-28.600345123281002;-27.97831171492436;-25.15059443779841
2021-12-31;EUROFARMA LABORATÓRIOS S.A.;22.451415311134028;29.534655799124142;12.656442299428235
2021-12-31;GERDAU S.A.;34.8666083232056;36.339372083324015;21.078398121521005
2021-12-31;GRUPO DE MODA SOMA S.A.;0.7981884042766417;4.1951236987056255;2.9953796875309115
2021-12-31;GRUPO MATEUS S.A.;9.391530338902365;11.870321702145006;7.722668960725329
2021-12-31;GRUPO SBF S.A.;1.6067323660335728;22.378097980118085;6.966089096580533
2021-12-31;HAPVIDA PARTICIPAÇÕES E INVESTIMENTOS S.A.;2.5473047969208897;4.7322073577266766;2.3786571599488817
2021-12-31;HBR REALTY EMPREENDIMENTOS IMOBILIÁRIOS S.A.;9.0068310846994;7.675068265024365;4.789322257256601
2021-12-31;HIDROVIAS DO BRASIL S.A.;1.934950817257458;-27.50217608407459;-5.264755206343508
2021-12-31;HOSPITAL MATER DEI S.A.;7.722296345585118;8.724397192194466;3.589683918315782
2021-12-31;HOTEIS OTHON S.A. - EM RECUPERAÇÃO JUDICIAL;-9.070266899147521;7.886599159584215;-8.770515923035369
2021-12-31;IGUA SANEAMENTO S.A.;-0.32288590084898655;-1.6548771097952109;-0.4412094011200811
2021-12-31;IGUATEMI S.A.;7.216657326032267;10.062536803879862;4.695703290091531
2021-12-31;INTELBRAS S.A.;10.39500016311397;18.941254385430135;10.222999294672698
2021-12-31;JSL S.A.;8.058004728002272;20.49462684165369;3.8267136761755105
2021-12-31;KLABIN S.A.;15.492100940811286;48.04918047361452;8.092256180032816
2021-12-31;LOCAWEB SERVIÇOS DE INTERNET S.A.;0.8050291759427027;-0.5365807787627264;-0.3441758148579316
2021-12-31;MANGELS INDUSTRIAL S.A.;39.63278601883331;-59.4386110160249;25.29572091872947
2021-12-31;MELNICK DESENVOLVIMENTO IMOBILIÁRIO S.A.;3.8181622519101572;7.202453332799565;4.425466713812065
2021-12-31;MILLS LOCAÇÃO, SERVIÇOS E LOGÍSTICA S.A.;12.802768643375781;9.360535279849875;7.055888746661959
2021-12-31;MITRE REALTY EMPREENDIMENTOS E PARTICIPAÇÕES S.A.;3.2811386104259066;2.7523461378806413;1.7275990637755585
2021-12-31;MOBLY S.A.;-7.767764821993936;-13.234408306830915;-8.489057984723319
2021-12-31;MOURA DUBEUX ENGENHARIA S/A;2.8246978775412313;7.925539508268152;3.1535974950316072
2021-12-31;MPM CORPÓREOS S.A.;10.501473674899781;24.852632498956044;8.084430221910935
2021-12-31;OMEGA GERAÇÃO S.A.;13.079039799379814;7.075511224802833;2.786555506444779
2021-12-31;ORIZON VALORIZAÇÃO DE RESÍDUOS S.A.;9.592865380995852;-15.026271408965034;-4.6024958895182095
2021-12-31;OSX BRASIL S.A.;51.05222181035669;-2.3020729711787435;5.506846355580198
2021-12-31;PADTEC HOLDING S.A.;14.907986446227945;39.69938521237056;11.84885265040431
2021-12-31;PARANAPANEMA S.A. - EM RECUPERAÇÃO JUDICIAL;-10.376109426933052;83.97098192292454;-26.124851945964846
2021-12-31;PBG S/A;13.999973115127052;60.70974317506044;10.02258792859934
2021-12-31;PET CENTER COMÉRCIO E PARTICIPAÇÕES S.A.;5.280263344537118;4.265212112392966;2.176630318909005
2021-12-31;PETRO RIO S.A.;18.717291024215196;20.135889148580365;10.907459495691825
2021-12-31;PLANO & PLANO DESENVOLVIMENTO IMOBILIÁRIO S.A.;15.02329097678628;42.5832931407874;10.648970411906186
2021-12-31;POSITIVO TECNOLOGIA S.A.;8.217336825304145;17.170406741019633;5.404599087513079
2021-12-31;PRINER SERVIÇOS INDUSTRIAIS S.A.;5.922372367960638;6.329229963331587;3.8728340683321894
2021-12-31;PRÁTICA KLIMAQUIP INDÚSTRIA E COMÉRCIO S.A.;20.733088027172375;31.12046834888235;11.254457967732804
2021-12-31;QUALITY SOFTWARE S.A.;19.754932566184337;18.29928809120065;8.93680831299822
2021-12-31;RAIA DROGASIL S.A.;10.758352370470426;16.193368571090712;5.17161984164874
2021-12-31;REDE D'OR SÃO LUIZ S.A.;7.666159431805493;11.430317294546597;3.196865814466369
2021-12-31;REDE ENERGIA PARTICIPAÇÕES S.A.;15.360610246637426;38.562452936524544;8.27747440937852
2021-12-31;RNI NEGÓCIOS IMOBILIÁRIOS S.A.;1.7387151567719386;2.3329321573863386;0.7686032763863719
2021-12-31;ROMI S.A.;11.290035405112253;21.156088173511677;10.444917422180382
2021-12-31;ROSSI RESIDENCIAL S.A. - EM RECUPERAÇÃO JUDICIAL;-18.108797246518677;26.062280337412773;-14.909769806435316
2021-12-31;RUMO S.A.;3.1630536735223327;1.0369900236127783;0.32328477810090367
2021-12-31;SARAIVA LIVREIROS S.A. - EM RECUPERAÇÃO JUDICIAL;3.5166528146601523;-9.259801170528341;18.730210212645193
2021-12-31;SEQUOIA LOGÍSTICA E TRANSPORTES S.A.;1.934140932270257;-2.972716121505049;-0.9010822471511049
2021-12-31;SER EDUCACIONAL S.A.;5.538433978779592;3.5871659523046295;1.6970570612519154
2021-12-31;SIMPAR S.A.;7.7437958160359335;22.817490977394552;2.77048162371925
2021-12-31;SINQIA S.A.;1.9737707165039524;2.8682701513515716;1.795344011309655
2021-12-31;SMARTFIT ESCOLA DE GINÁSTICA E DANÇA S.A.;-3.271834193775574;-14.291606875320028;-5.431537353215143
2021-12-31;SUZANO HOLDING S.A.;15.437318034814899;56.691621814545165;7.253852384880255
2021-12-31;SUZANO S.A.;15.446600143868697;56.90581892873405;7.25826515439123
2021-12-31;SYN PROP & TECH S.A.;35.28296700208568;50.61074155450215;28.698671642599404
2021-12-31;TAURUS ARMAS S.A.;59.10666692140886;83.88646940018255;30.333107249644158
2021-12-31;TRANSMISSORA ALIANÇA DE ENERGIA ELÉTRICA S.A.;24.199618322891787;33.11585344326704;13.926552792637729
2021-12-31;UNICASA INDÚSTRIA DE MÓVEIS S.A.;13.571644325011198;15.459438196220074;9.005405743211574
2021-12-31;UNIPAR CARBOCLORO S.A.;63.63389310983245;86.3186465969139;32.070523260429226
2021-12-31;VALE S.A.;33.38923081854755;61.57730211409839;24.31099838117677
2021-12-31;VALID SOLUÇÕES S.A.;4.693743880704361;4.432900684716569;1.8696274077299797
2021-12-31;VAMOS LOCAÇÃO DE CAMINHÕES, MÁQUINAS E EQUIPAMENTOS S.A.;9.141355011155538;15.240403517024937;3.95045910740978
2021-12-31;VIA S.A.;-4.54442558007923;-5.2687599787120805;-0.8404074702886248
2021-12-31;VIBRA ENERGIA S/A;9.688938732144965;20.28761780955476;7.369259827647268
2021-12-31;VIVARA PARTICIPAÇÕES S.A.;10.116475443688785;21.432006107963257;11.642181809055838
2021-12-31;VIX LOGÍSTICA S/A;11.138850972641453;18.87292968701465;4.36034453309909
2021-12-31;VULCABRAS S.A.;17.539420129037303;23.134880676297875;15.729409588936052
2021-12-31;WETZEL S.A.;9.598942186564697;-261.3648716658279;57.997927257457846
2021-12-31;WLM PART. E COMÉRCIO DE MÁQUINAS E VEÍCULOS S.A.;26.274951205201585;19.492036334741268;15.824632093207045
2021-12-31;YDUQS PARTICIPACOES S.A.;5.04203208896527;4.879435485861233;1.5980427964006123
2022-03-31;CTC - CENTRO DE TECNOLOGIA CANAVIEIRA S.A.;27.122863527166434;16.93832690997481;14.416505022533354
2022-03-31;JALLES MACHADO S.A.;19.24006181833241;27.932519591655392;9.127498428187955
2022-12-31;AERIS IND. E COM. DE EQUIP. PARA GER. DE ENG. S.A.;5.229807915692815;-10.47715591478051;-2.4558955241079565
2022-12-31;ALIANSCE SONAE SHOPPING CENTERS S.A.;4.091392858320232;2.820148860655747;1.8082237943933372
2022-12-31;ALLPARK EMPREENDIMENTOS, PARTICIPAÇÕES E SERVIÇOS S.A.;3.1431673716832176;-37.03122688278353;-6.149985608458015
2022-12-31;ALPER CONSULTORIA E CORRETORA DE SEGUROS S.A.;0.5770556146109547;5.595120217330591;3.432351715786482
2022-12-31;ALUPAR INVESTIMENTO S/A;11.10452409931653;16.04255806157168;5.95649514982928
2022-12-31;AMBEV S.A.;12.324916837239613;17.870730026357222;10.794069239132584
2022-12-31;AMBIPAR PARTICIPAÇÕES E EMPREENDIMENTOS S.A.;8.152132504279356;8.36789657958524;1.1003336972274667
2022-12-31;ATACADÃO S.A.;6.075085324232082;9.176924490170862;2.164797659678206
2022-12-31;ATOM EMPREENDIMENTOS E PARTICIPAÇÕES S.A.;28.966068319968034;42.728047740835464;28.606489540823603
2022-12-31;AZUL S.A.;7.635984330783136;3.8004314086544784;-3.858531566169068
2022-12-31;B3 S.A. - BRASIL, BOLSA, BALCÃO;15.004645573159895;20.83798354130817;8.880382726061116
2022-12-31;BB SEGURIDADE PARTICIPAÇÕES S.A.;19.71094305259968;79.5746528383443;37.47448206528127
2022-12-31;BBM LOGÍSTICA S.A.;2.966179150436541;-103.8532887337316;-6.699249409685122
2022-12-31;BEMOBI MOBILE TECH S.A.;11.068184075214294;8.083504798181622;6.3414258165977175
2022-12-31;BR PROPERTIES S.A.;-51.386921514174425;-34.4934797667494;-32.262027201732344
2022-12-31;BRASKEM S.A.;5.837449930355712;-13.430940649292584;-0.9317451908348431
2022-12-31;BRF S.A.;0.2581391885052501;-26.572450392540087;-5.43022388581469
2022-12-31;CCR S.A.;25.530544658171657;35.62775158063902;8.333145390554986
2022-12-31;CIA SIDERURGICA NACIONAL;11.24746423319751;9.936256087492307;2.539645339027149
2022-12-31;CIA TECIDOS SANTANENSE;1.3075072146323137;1.986510358117874;0.9888642849719808
2022-12-31;COGNA EDUCAÇÃO S.A.;0.9553410569353781;-4.085659297952753;-2.049487075132845
2022-12-31;COMPANHIA ENERGÉTICA DE BRASÍLIA - CEB;26.111076698864927;21.031951404979964;17.95992141016281
2022-12-31;CONSTRUTORA ADOLPHO LINDENBERG S.A.;8.449080186603291;29.59705720688343;3.080714725816389
2022-12-31;COSAN S.A.;5.756778421788507;5.856155689216716;2.097538883743994
2022-12-31;CPFL ENERGIAS RENOVÁVEIS S.A.;18.49409046709935;22.439522837987486;11.300004524101832
2022-12-31;CRUZEIRO DO SUL EDUCACIONAL S.A.;6.650491479562293;0.4700461222973771;0.1403256251245321
2022-12-31;CURY CONSTRUTORA E INCORPORADORA S.A.;17.36705318087171;39.69704288702452;12.451262868371598
2022-12-31;D1000 VAREJO FARMA PARTICIPAÇÕES S.A.;2.519454822994258;1.3366796430341392;0.7720734472688454
2022-12-31;DEXCO S.A.;10.251938407446977;12.830894711522008;4.8955600166939615
2022-12-31;ECORODOVIAS INFRAESTRUTURA E LOGÍSTICA S.A.;10.002110011155283;9.292923277272221;1.292507461382682
2022-12-31;ELETROMIDIA S.A.;6.23643729889788;5.388967972276323;2.498015095960514
2022-12-31;EMBPAR PARTICIPAÇÕES S/A;38.80721361120879;55.238277645256204;20.099404145323916
2022-12-31;EMBRAER S.A.;-1.0790042957708885;-7.1061176792950915;-1.978923180202699
2022-12-31;ENAUTA PARTICIPAÇÕES S.A.;10.710574495315647;9.32826514828748;4.632334887695407
2022-12-31;ENGIE BRASIL ENERGIA S.A.;16.81554377811446;31.570067529429497;6.977728820717719
2022-12-31;ENJOEI S.A.;-22.23308319557182;-17.464881186818957;-15.443607556141686
2022-12-31;EUROFARMA LABORATÓRIOS S.A.;21.777938239852997;25.48799841528617;9.775971809022613
2022-12-31;GERDAU S.A.;29.988255070024856;24.794816506121524;15.555232634872517
2022-12-31;GRUPO DE MODA SOMA S.A.;3.7138987740127667;4.526552516573758;3.150843872634797
2022-12-31;GRUPO MATEUS S.A.;10.470517880888767;14.118232799455315;8.027744098321328
2022-12-31;GRUPO SBF S.A.;4.904780226597878;8.490223889082078;2.415537587038489
2022-12-31;HAPVIDA PARTICIPAÇÕES E INVESTIMENTOS S.A.;-1.1307127775077161;-1.5912455620724704;-1.0596905798953284
2022-12-31;HBR REALTY EMPREENDIMENTOS IMOBILIÁRIOS S.A.;5.868655284519809;4.87106341551767;2.8137522714433474
2022-12-31;HIDROVIAS DO BRASIL S.A.;6.428822749138097;-0.6133881372552703;-0.12827787851677896
2022-12-31;HOSPITAL MATER DEI S.A.;8.12965066638774;7.205768514679124;2.4869840126944895
2022-12-31;HOTEIS OTHON S.A. - EM RECUPERAÇÃO JUDICIAL;45.007388727372025;-63.06169515746763;39.69312687729894
2022-12-31;IGUA SANEAMENTO S.A.;0.599968149146928;-18.604758872962957;-4.981286562125089
2022-12-31;IGUATEMI S.A.;4.3616926501126905;0.31212205016544586;0.15930394823050353
2022-12-31;INTELBRAS S.A.;9.106761824139397;21.316187204274197;9.609209801855965
2022-12-31;JSL S.A.;8.990877603027954;13.746298526206399;2.3559680917510177
2022-12-31;KLABIN S.A.;18.077603216218943;40.53246182271397;9.855324459168163
2022-12-31;LOCAWEB SERVIÇOS DE INTERNET S.A.;1.7227482865223358;1.0169644077570195;0.6409217115007783
2022-12-31;MANGELS INDUSTRIAL S.A.;-6.10321477154517;3580.955017301038;32.348263583259985
2022-12-31;MELNICK DESENVOLVIMENTO IMOBILIÁRIO S.A.;4.167794740041918;9.696706256036652;5.457905081914424
2022-12-31;MILLS LOCAÇÃO, SERVIÇOS E LOGÍSTICA S.A.;16.075783097155043;17.464661680828353;8.362295436633648
2022-12-31;MITRE REALTY EMPREENDIMENTOS E PARTICIPAÇÕES S.A.;3.262885640110792;3.707049469489548;1.8057871548469762
2022-12-31;MOBLY S.A.;-10.597256830360097;-16.21481132535209;-9.905179827559593
2022-12-31;MOURA DUBEUX ENGENHARIA S/A;3.9003225676012168;8.91805444022458;3.7264113130636685
2022-12-31;MPM CORPÓREOS S.A.;4.777497590831245;-5.788266157022186;-2.205870985362904
2022-12-31;OMEGA GERAÇÃO S.A.;5.3668484081447785;1.3006642545450697;0.4347300803801817
2022-12-31;ORIZON VALORIZAÇÃO DE RESÍDUOS S.A.;5.021714217362113;-24.672767328154478;-6.9196101280280295
2022-12-31;OSX BRASIL S.A.;26.212979938572232;5.128156346884916;-10.502109189950898
2022-12-31;PADTEC HOLDING S.A.;5.543283684273055;7.189027041767701;1.9640811165098395
2022-12-31;PARANAPANEMA S.A. - EM RECUPERAÇÃO JUDICIAL;-72.43428407062868;95.86586436661997;-135.82862691636365
2022-12-31;PBG S/A;14.748303270061335;32.767675989418805;6.174161313347608
2022-12-31;PET CENTER COMÉRCIO E PARTICIPAÇÕES S.A.;4.3738239036787565;2.7486020650102247;1.3871184704462058
2022-12-31;PETRO RIO S.A.;20.445545676103265;34.64482521613135;16.880032626491687
2022-12-31;PLANO & PLANO DESENVOLVIMENTO IMOBILIÁRIO S.A.;12.063634580922699;32.41365145654332;8.174840932047552
2022-12-31;POSITIVO TECNOLOGIA S.A.;14.898763638961146;21.784302292508105;7.2945182239736175
2022-12-31;PRINER SERVIÇOS INDUSTRIAIS S.A.;19.954221302418464;29.28094082845573;10.47425633812359
2022-12-31;PRÁTICA KLIMAQUIP INDÚSTRIA E COMÉRCIO S.A.;13.02788180314645;23.234330245400354;8.11533071054209
2022-12-31;QUALITY SOFTWARE S.A.;18.274362041076166;18.615541531495012;5.7659859464311385
2022-12-31;RAIA DROGASIL S.A.;11.740058629156792;18.785472578730733;5.906022272748592
2022-12-31;REDE D'OR SÃO LUIZ S.A.;4.283444512642306;5.470029210940605;1.3648045255499848
2022-12-31;REDE ENERGIA PARTICIPAÇÕES S.A.;15.613203075983288;36.93971497905667;8.06192052012559
2022-12-31;RNI NEGÓCIOS IMOBILIÁRIOS S.A.;3.084945878261467;4.792512984007816;1.4326967550467429
2022-12-31;ROMI S.A.;14.883784950374912;19.72762411470534;9.625944293214987
2022-12-31;ROSSI RESIDENCIAL S.A. - EM RECUPERAÇÃO JUDICIAL;-55.19314349498884;39.87900362934983;-65.61475799173515
2022-12-31;RUMO S.A.;7.027563371097225;3.3355353023435397;1.1186104031522635
2022-12-31;SARAIVA LIVREIROS S.A. - EM RECUPERAÇÃO JUDICIAL;175.98929387929593;-33.2961372649961;107.59372502369844
2022-12-31;SEQUOIA LOGÍSTICA E TRANSPORTES S.A.;1.78081963798591;-21.315186412147057;-5.389814968446948
2022-12-31;SER EDUCACIONAL S.A.;-0.5009025443703077;-17.950903856145825;-6.5490258623256485
2022-12-31;SIMPAR S.A.;8.374204830741935;16.85325380754039;1.5256477694585786
2022-12-31;SINQIA S.A.;4.930068738575451;2.618840555929311;1.1287760084304574
2022-12-31;SMARTFIT ESCOLA DE GINÁSTICA E DANÇA S.A.;-0.08384545480951572;-2.1252033273805493;-0.7421936918806097
2022-12-31;SUZANO HOLDING S.A.;20.616129363627717;70.37446919220946;17.551496357268615
2022-12-31;SUZANO S.A.;20.633554259626543;70.5379893153802;17.56399692223533
2022-12-31;SYN PROP & TECH S.A.;4.165957068797211;-1.2794458207773705;-0.8083037449353717
2022-12-31;TAURUS ARMAS S.A.;43.67818263374533;50.768234900134836;22.84466075293925
2022-12-31;TIM S.A.;5.69076747071937;6.578458040824314;2.9618921604307387
2022-12-31;TRANSMISSORA ALIANÇA DE ENERGIA ELÉTRICA S.A.;15.574506815237621;22.056468968153904;8.37257044438119
2022-12-31;UNICASA INDÚSTRIA DE MÓVEIS S.A.;10.044653248013521;17.457029014687496;11.797839312762521
2022-12-31;UNIPAR CARBOCLORO S.A.;51.68026397773272;56.650291062877315;22.25899144958374
2022-12-31;VALE S.A.;23.271730331923944;49.430459634467965;21.24829340056067
2022-12-31;VALID SOLUÇÕES S.A.;12.066265392732689;2.868210658652052;1.3705666282814395
2022-12-31;VAMOS LOCAÇÃO DE CAMINHÕES, MÁQUINAS E EQUIPAMENTOS S.A.;10.335832101579955;18.374541893017867;4.0096690841176015
2022-12-31;VIA S.A.;1.1806375442739079;-6.472369417108251;-0.9613762860516107
2022-12-31;VIBRA ENERGIA S/A;10.591097056677208;12.185840006342662;3.7387496959377278
2022-12-31;VIVARA PARTICIPAÇÕES S.A.;11.818966116182297;21.765053586398825;12.306724066407694
2022-12-31;VIX LOGÍSTICA S/A;9.396820479755638;10.301211413984017;2.2757942690008224
2022-12-31;VULCABRAS S.A.;18.18906708939699;27.45184404562592;18.64242314607205
2022-12-31;WETZEL S.A.;-1.698656537474649;-245.75283655320453;8.979573543088284
2022-12-31;WLM PART. E COMÉRCIO DE MÁQUINAS E VEÍCULOS S.A.;24.779161250177125;18.841951192865142;14.45035209749065
2022-12-31;YDUQS PARTICIPACOES S.A.;6.47177150439812;-1.873070773251479;-0.6126945709165454
